24	22	18
HOLDING CONTAINERS
SectionID	code	length	weight	cargo	TW	cargo capacity
SectionID	x	y	z	code	length	weight	cargo	TW	cargo capacity
--------------------
0	0	0	0	15206	40	4	22	26	22
0	0	0	1	14539	40	4	21	25	22
0	0	0	2	16494	20	2	16	18	20
0	0	0	2	16495	20	2	4	6	20
0	0	0	3	16084	20	2	2	4	20
0	0	0	3	16085	20	2	14	16	20
0	0	0	4	14193	40	4	15	19	22
0	0	0	5	13894	40	4	14	18	22
0	0	0	6	14970	40	4	10	14	22
0	0	0	7	15734	20	2	5	7	20
0	0	0	7	15735	20	2	4	6	20
0	0	0	8	13538	40	4	3	7	22
0	0	0	9	13836	40	4	0	4	22
0	0	1	0	13849	40	4	20	24	22
0	0	1	1	15786	20	2	10	12	20
0	0	1	1	15787	20	2	10	12	20
0	0	1	2	14498	40	4	15	19	22
0	0	1	3	15125	40	4	15	19	22
0	0	1	4	16328	20	2	6	8	20
0	0	1	4	16329	20	2	9	11	20
0	0	1	5	14797	40	4	13	17	22
0	0	1	6	14260	40	4	9	13	22
0	0	1	7	15460	40	4	9	13	22
0	0	1	8	13545	40	4	5	9	22
0	0	2	0	16104	20	2	10	12	20
0	0	2	0	16105	20	2	15	17	20
0	0	2	1	15483	40	4	21	25	22
0	0	2	2	15093	40	4	17	21	22
0	0	2	3	13547	40	4	13	17	22
0	0	2	4	14105	40	4	9	13	22
0	0	2	5	14653	40	4	9	13	22
0	0	2	6	14314	40	4	8	12	22
0	0	2	7	14924	40	4	7	11	22
0	0	2	8	14548	40	4	5	9	22
0	0	2	9	13972	40	4	2	6	22
0	0	3	0	15924	20	2	15	17	20
0	0	3	0	15925	20	2	18	20	20
0	0	3	1	13556	40	4	20	24	22
0	0	3	2	14667	40	4	16	20	22
0	0	3	3	15465	40	4	14	18	22
0	0	3	4	15230	40	4	9	13	22
0	0	3	5	14521	40	4	7	11	22
0	0	3	6	15054	40	4	6	10	22
0	0	3	7	14179	40	4	3	7	22
0	0	3	8	14287	40	4	2	6	22
0	0	3	9	14384	40	4	2	6	22
0	0	3	10	14117	40	4	0	4	22
0	0	4	0	16444	20	2	15	17	20
0	0	4	0	16445	20	2	13	15	20
0	0	4	1	15652	20	2	18	20	20
0	0	4	1	15653	20	2	9	11	20
0	0	4	2	15074	40	4	15	19	22
0	0	4	3	14162	40	4	14	18	22
0	0	4	4	14493	40	4	14	18	22
0	0	4	5	14748	40	4	13	17	22
0	0	4	6	13923	40	4	11	15	22
0	0	4	7	13564	40	4	8	12	22
0	0	4	8	15437	40	4	8	12	22
0	0	5	0	15810	20	2	15	17	20
0	0	5	0	15811	20	2	15	17	20
0	0	5	1	14040	40	4	22	26	22
0	0	5	2	14505	40	4	20	24	22
0	0	5	3	15034	40	4	16	20	22
0	0	5	4	16514	20	2	5	7	20
0	0	5	4	16515	20	2	6	8	20
0	0	5	5	13845	40	4	8	12	22
0	0	5	6	15511	40	4	7	11	22
0	0	5	7	13570	40	4	4	8	22
0	0	5	8	15380	40	4	4	8	22
0	0	5	9	14928	40	4	2	6	22
0	0	6	0	15998	20	2	16	18	20
0	0	6	0	15999	20	2	18	20	20
0	0	6	1	15397	40	4	21	25	22
0	0	6	2	14850	40	4	16	20	22
0	0	6	3	13574	40	4	15	19	22
0	0	6	4	14138	40	4	14	18	22
0	0	6	5	14460	40	4	9	13	22
0	0	6	6	14658	40	4	6	10	22
0	0	6	7	15215	40	4	6	10	22
0	0	6	8	14006	40	4	3	7	22
0	0	7	0	16132	20	2	17	19	20
0	0	7	0	16133	20	2	5	7	20
0	0	7	1	14168	40	4	18	22	22
0	0	7	2	15182	40	4	18	22	22
0	0	7	3	15606	20	2	8	10	20
0	0	7	3	15607	20	2	8	10	20
0	0	7	4	14555	40	4	15	19	22
0	0	7	5	13870	40	4	13	17	22
0	0	7	6	14978	40	4	9	13	22
0	0	7	7	13581	40	4	6	10	22
0	0	7	8	14877	40	4	1	5	22
0	0	8	0	15902	20	2	19	21	20
0	0	8	0	15903	20	2	14	16	20
0	0	8	1	14453	40	4	19	23	22
0	0	8	2	15371	40	4	18	22	22
0	0	8	3	14813	40	4	17	21	22
0	0	8	4	13584	40	4	15	19	22
0	0	8	5	14010	40	4	10	14	22
0	0	8	6	14265	40	4	6	10	22
0	0	8	7	15220	40	4	4	8	22
0	0	9	0	15794	20	2	13	15	20
0	0	9	0	15795	20	2	12	14	20
0	0	9	1	16456	20	2	19	21	20
0	0	9	1	16457	20	2	4	6	20
0	0	9	2	13903	40	4	17	21	22
0	0	9	3	14389	40	4	13	17	22
0	0	9	4	15005	40	4	13	17	22
0	0	9	5	15408	40	4	13	17	22
0	0	9	6	14677	40	4	12	16	22
0	0	9	7	14240	40	4	5	9	22
0	0	9	8	13800	40	4	3	7	22
0	0	9	9	15275	40	4	2	6	22
0	0	9	10	13592	40	4	0	4	22
0	0	10	0	16406	20	2	5	7	20
0	0	10	0	16407	20	2	18	20	20
0	0	10	1	15872	20	2	8	10	20
0	0	10	1	15873	20	2	13	15	20
0	0	10	2	14755	40	4	20	24	22
0	0	10	3	13875	40	4	16	20	22
0	0	10	4	14525	40	4	12	16	22
0	0	10	5	15224	40	4	9	13	22
0	0	10	6	14290	40	4	8	12	22
0	0	10	7	13595	40	4	6	10	22
0	0	10	8	15449	40	4	4	8	22
0	0	10	9	15616	20	2	1	3	20
0	0	10	9	15617	20	2	3	5	20
0	0	10	10	14206	40	4	1	5	22
0	1	0	0	16352	20	2	12	14	20
0	1	0	0	16353	20	2	20	22	20
0	1	0	1	15341	40	4	22	26	22
0	1	0	2	14145	40	4	19	23	22
0	1	0	3	13840	40	4	15	19	22
0	1	0	4	15024	40	4	15	19	22
0	1	0	5	15956	20	2	9	11	20
0	1	0	5	15957	20	2	6	8	20
0	1	0	6	14563	40	4	9	13	22
0	1	0	7	14742	40	4	9	13	22
0	1	0	8	13599	40	4	3	7	22
0	1	1	0	16534	20	2	19	21	20
0	1	1	0	16535	20	2	18	20	20
0	1	1	1	16092	20	2	20	22	20
0	1	1	1	16093	20	2	1	3	20
0	1	1	2	15324	40	4	14	18	22
0	1	1	3	13602	40	4	13	17	22
0	1	1	4	14765	40	4	13	17	22
0	1	1	5	14270	40	4	12	16	22
0	1	1	6	15668	20	2	7	9	20
0	1	1	6	15669	20	2	4	6	20
0	1	1	7	14569	40	4	10	14	22
0	1	1	8	15081	40	4	9	13	22
0	1	1	9	13976	40	4	4	8	22
0	1	1	10	14127	40	4	4	8	22
0	1	2	0	15542	20	2	13	15	20
0	1	2	0	15543	20	2	12	14	20
0	1	2	1	13813	40	4	21	25	22
0	1	2	2	14424	40	4	21	25	22
0	1	2	3	16232	20	2	18	20	20
0	1	2	3	16233	20	2	3	5	20
0	1	2	4	14857	40	4	17	21	22
0	1	2	5	15235	40	4	14	18	22
0	1	2	6	14208	40	4	3	7	22
0	1	2	7	13609	40	4	1	5	22
0	1	2	8	14322	40	4	1	5	22
0	1	3	0	16022	20	2	15	17	20
0	1	3	0	16023	20	2	10	12	20
0	1	3	1	15413	40	4	22	26	22
0	1	3	2	14949	40	4	21	25	22
0	1	3	3	14015	40	4	18	22	22
0	1	3	4	13612	40	4	15	19	22
0	1	3	5	14613	40	4	14	18	22
0	1	3	6	14530	40	4	3	7	22
0	1	3	7	14395	40	4	2	6	22
0	1	4	0	15440	40	4	22	26	22
0	1	4	1	14779	40	4	21	25	22
0	1	4	2	14241	40	4	14	18	22
0	1	4	3	16296	20	2	1	3	20
0	1	4	3	16297	20	2	10	12	20
0	1	4	4	14582	40	4	10	14	22
0	1	4	5	16052	20	2	1	3	20
0	1	4	5	16053	20	2	7	9	20
0	1	4	6	13884	40	4	7	11	22
0	1	4	7	14067	40	4	7	11	22
0	1	4	8	13618	40	4	6	10	22
0	1	4	9	15247	40	4	6	10	22
0	1	5	0	15676	20	2	13	15	20
0	1	5	0	15677	20	2	9	11	20
0	1	5	1	14398	40	4	20	24	22
0	1	5	2	14982	40	4	17	21	22
0	1	5	3	13623	40	4	13	17	22
0	1	5	4	13980	40	4	13	17	22
0	1	5	5	15350	40	4	13	17	22
0	1	5	6	16304	20	2	0	2	20
0	1	5	6	16305	20	2	12	14	20
0	1	5	7	14803	40	4	4	8	22
0	1	5	8	14280	40	4	3	7	22
0	1	6	0	16184	20	2	11	13	20
0	1	6	0	16185	20	2	12	14	20
0	1	6	1	15513	40	4	22	26	22
0	1	6	2	13632	40	4	17	21	22
0	1	6	3	14072	40	4	12	16	22
0	1	6	4	14324	40	4	12	16	22
0	1	6	5	14602	40	4	11	15	22
0	1	6	6	15251	40	4	11	15	22
0	1	6	7	14879	40	4	7	11	22
0	1	6	8	15070	40	4	6	10	22
0	1	7	0	16336	20	2	8	10	20
0	1	7	0	16337	20	2	15	17	20
0	1	7	1	14407	40	4	21	25	22
0	1	7	2	15740	20	2	7	9	20
0	1	7	2	15741	20	2	14	16	20
0	1	7	3	14090	40	4	15	19	22
0	1	7	4	15140	40	4	14	18	22
0	1	7	5	14820	40	4	13	17	22
0	1	7	6	15470	40	4	8	12	22
0	1	7	7	13639	40	4	7	11	22
0	1	7	8	13911	40	4	7	11	22
0	1	8	0	15752	20	2	0	2	20
0	1	8	0	15753	20	2	19	21	20
0	1	8	1	16254	20	2	3	5	20
0	1	8	1	16255	20	2	15	17	20
0	1	8	2	15305	40	4	17	21	22
0	1	8	3	14361	40	4	15	19	22
0	1	8	4	15012	40	4	14	18	22
0	1	8	5	13953	40	4	13	17	22
0	1	8	6	13643	40	4	12	16	22
0	1	8	7	14697	40	4	11	15	22
0	1	8	8	14277	40	4	3	7	22
0	1	9	0	16060	20	2	14	16	20
0	1	9	0	16061	20	2	9	11	20
0	1	9	1	13988	40	4	17	21	22
0	1	9	2	15149	40	4	17	21	22
0	1	9	3	15524	40	4	17	21	22
0	1	9	4	14346	40	4	16	20	22
0	1	9	5	13650	40	4	14	18	22
0	1	9	6	14931	40	4	9	13	22
0	1	9	7	14702	40	4	7	11	22
0	1	10	0	15688	20	2	15	17	20
0	1	10	0	15689	20	2	6	8	20
0	1	10	1	16268	20	2	15	17	20
0	1	10	1	16269	20	2	6	8	20
0	1	10	2	14618	40	4	17	21	22
0	1	10	3	15133	40	4	17	21	22
0	1	10	4	13930	40	4	13	17	22
0	1	10	5	14211	40	4	12	16	22
0	1	10	6	13655	40	4	9	13	22
0	1	10	7	14514	40	4	4	8	22
0	1	10	8	15508	40	4	4	8	22
0	1	10	9	15028	40	4	3	7	22
0	2	0	0	13821	40	4	21	25	22
0	2	0	1	15261	40	4	21	25	22
0	2	0	2	16208	20	2	8	10	20
0	2	0	2	16209	20	2	13	15	20
0	2	0	3	14722	40	4	18	22	22
0	2	0	4	15828	20	2	1	3	20
0	2	0	4	15829	20	2	14	16	20
0	2	0	5	14357	40	4	11	15	22
0	2	0	6	14226	40	4	4	8	22
0	2	0	7	14628	40	4	3	7	22
0	2	0	8	15157	40	4	3	7	22
0	2	0	9	13662	40	4	2	6	22
0	2	1	0	16478	20	2	18	20	20
0	2	1	0	16479	20	2	5	7	20
0	2	1	1	14574	40	4	20	24	22
0	2	1	2	15992	20	2	1	3	20
0	2	1	2	15993	20	2	18	20	20
0	2	1	3	14989	40	4	14	18	22
0	2	1	4	15277	40	4	11	15	22
0	2	1	5	15556	20	2	2	4	20
0	2	1	5	15557	20	2	9	11	20
0	2	1	6	14250	40	4	8	12	22
0	2	1	7	13887	40	4	7	11	22
0	2	1	8	14078	40	4	7	11	22
0	2	1	9	13805	40	4	2	6	22
0	2	1	10	14466	40	4	1	5	22
0	2	1	11	13665	40	4	0	4	22
0	2	2	0	16144	20	2	9	11	20
0	2	2	0	16145	20	2	17	19	20
0	2	2	1	14183	40	4	22	26	22
0	2	2	2	15058	40	4	11	15	22
0	2	2	3	13668	40	4	9	13	22
0	2	2	4	14807	40	4	9	13	22
0	2	2	5	15494	40	4	9	13	22
0	2	2	6	15836	20	2	3	5	20
0	2	2	6	15837	20	2	6	8	20
0	2	2	7	14632	40	4	7	11	22
0	2	2	8	13995	40	4	6	10	22
0	2	2	9	15332	40	4	5	9	22
0	2	2	10	13932	40	4	1	5	22
0	2	3	0	15844	20	2	5	7	20
0	2	3	0	15845	20	2	19	21	20
0	2	3	1	14469	40	4	21	25	22
0	2	3	2	14898	40	4	21	25	22
0	2	3	3	16468	20	2	13	15	20
0	2	3	3	16469	20	2	8	10	20
0	2	3	4	15358	40	4	17	21	22
0	2	3	5	13672	40	4	10	14	22
0	2	3	6	13942	40	4	9	13	22
0	2	3	7	14175	40	4	5	9	22
0	2	3	8	14320	40	4	4	8	22
0	2	4	0	16370	20	2	8	10	20
0	2	4	0	16371	20	2	20	22	20
0	2	4	1	14295	40	4	21	25	22
0	2	4	2	15856	20	2	12	14	20
0	2	4	2	15857	20	2	8	10	20
0	2	4	3	15086	40	4	17	21	22
0	2	4	4	14710	40	4	16	20	22
0	2	4	5	13963	40	4	15	19	22
0	2	4	6	13678	40	4	12	16	22
0	2	4	7	15476	40	4	10	14	22
0	2	5	0	15886	20	2	15	17	20
0	2	5	0	15887	20	2	16	18	20
0	2	5	1	15102	40	4	22	26	22
0	2	5	2	14230	40	4	21	25	22
0	2	5	3	14644	40	4	21	25	22
0	2	5	4	13684	40	4	7	11	22
0	2	5	5	13913	40	4	6	10	22
0	2	5	6	14081	40	4	6	10	22
0	2	5	7	15578	20	2	1	3	20
0	2	5	7	15579	20	2	4	6	20
0	2	6	0	14047	40	4	22	26	22
0	2	6	1	15964	20	2	0	2	20
0	2	6	1	15965	20	2	17	19	20
0	2	6	2	16418	20	2	10	12	20
0	2	6	2	16419	20	2	7	9	20
0	2	6	3	13689	40	4	16	20	22
0	2	6	4	14789	40	4	13	17	22
0	2	6	5	15110	40	4	11	15	22
0	2	6	6	14594	40	4	8	12	22
0	2	6	7	15383	40	4	8	12	22
0	2	6	8	15620	20	2	7	9	20
0	2	6	8	15621	20	2	1	3	20
0	2	6	9	14519	40	4	2	6	22
0	2	7	0	15588	20	2	13	15	20
0	2	7	0	15589	20	2	12	14	20
0	2	7	1	14415	40	4	22	26	22
0	2	7	2	13695	40	4	19	23	22
0	2	7	3	15240	40	4	15	19	22
0	2	7	4	16282	20	2	5	7	20
0	2	7	4	16283	20	2	6	8	20
0	2	7	5	14110	40	4	8	12	22
0	2	7	6	15065	40	4	6	10	22
0	2	7	7	14303	40	4	2	6	22
0	2	7	8	14959	40	4	2	6	22
0	2	7	9	14868	40	4	1	5	22
0	2	8	0	16314	20	2	13	15	20
0	2	8	0	16315	20	2	15	17	20
0	2	8	1	14938	40	4	22	26	22
0	2	8	2	15766	20	2	3	5	20
0	2	8	2	15767	20	2	17	19	20
0	2	8	3	13938	40	4	17	21	22
0	2	8	4	15389	40	4	13	17	22
0	2	8	5	13706	40	4	9	13	22
0	2	8	6	14284	40	4	6	10	22
0	2	8	7	14718	40	4	6	10	22
0	2	8	8	14477	40	4	5	9	22
0	2	8	9	14609	40	4	3	7	22
0	2	9	0	15564	20	2	18	20	20
0	2	9	0	15565	20	2	13	15	20
0	2	9	1	16428	20	2	13	15	20
0	2	9	1	16429	20	2	13	15	20
0	2	9	2	14217	40	4	20	24	22
0	2	9	3	13709	40	4	19	23	22
0	2	9	4	15160	40	4	19	23	22
0	2	9	5	14825	40	4	13	17	22
0	2	9	6	14115	40	4	3	7	22
0	2	9	7	14708	40	4	3	7	22
0	2	9	8	14637	40	4	1	5	22
0	2	10	0	14908	40	4	20	24	22
0	2	10	1	15710	20	2	19	21	20
0	2	10	1	15711	20	2	0	2	20
0	2	10	2	16244	20	2	7	9	20
0	2	10	2	16245	20	2	12	14	20
0	2	10	3	14334	40	4	17	21	22
0	2	10	4	15336	40	4	15	19	22
0	2	10	5	13949	40	4	11	15	22
0	2	10	6	13720	40	4	10	14	22
0	2	10	7	14683	40	4	7	11	22
0	2	10	8	14201	40	4	4	8	22
0	3	0	0	16160	20	2	12	14	20
0	3	0	0	16161	20	2	9	11	20
0	3	0	1	14024	40	4	17	21	22
0	3	0	2	14369	40	4	13	17	22
0	3	0	3	15119	40	4	12	16	22
0	3	0	4	13808	40	4	11	15	22
0	3	0	5	14771	40	4	9	13	22
0	3	0	6	15868	20	2	0	2	20
0	3	0	6	15869	20	2	9	11	20
0	3	0	7	15535	40	4	6	10	22
0	3	0	8	14660	40	4	2	6	22
0	3	0	9	15040	40	4	1	5	22
0	3	0	10	13729	40	4	0	4	22
0	3	0	11	15421	40	4	0	4	22
0	3	0	12	15481	40	4	0	4	22
0	3	1	0	15976	20	2	9	11	20
0	3	1	0	15977	20	2	20	22	20
0	3	1	1	15283	40	4	18	22	22
0	3	1	2	13732	40	4	12	16	22
0	3	1	3	14255	40	4	11	15	22
0	3	1	4	14532	40	4	11	15	22
0	3	1	5	15043	40	4	11	15	22
0	3	1	6	14086	40	4	7	11	22
0	3	1	7	14871	40	4	5	9	22
0	3	1	8	15778	20	2	1	3	20
0	3	1	8	15779	20	2	2	4	20
0	3	1	9	13969	40	4	1	5	22
0	3	1	10	14745	40	4	1	5	22
0	3	2	0	16172	20	2	11	13	20
0	3	2	0	16173	20	2	10	12	20
0	3	2	1	13738	40	4	20	24	22
0	3	2	2	15626	20	2	6	8	20
0	3	2	2	15627	20	2	10	12	20
0	3	2	3	14118	40	4	14	18	22
0	3	2	4	15018	40	4	13	17	22
0	3	2	5	15290	40	4	13	17	22
0	3	2	6	14435	40	4	12	16	22
0	3	2	7	14688	40	4	4	8	22
0	3	2	8	14836	40	4	4	8	22
0	3	3	0	13856	40	4	22	26	22
0	3	3	1	15313	40	4	22	26	22
0	3	3	2	14691	40	4	14	18	22
0	3	3	3	16222	20	2	14	16	20
0	3	3	3	16223	20	2	0	2	20
0	3	3	4	15916	20	2	4	6	20
0	3	3	4	15917	20	2	8	10	20
0	3	3	5	14305	40	4	9	13	22
0	3	3	6	14551	40	4	6	10	22
0	3	3	7	13751	40	4	5	9	22
0	3	3	8	15049	40	4	5	9	22
0	3	3	9	15180	40	4	3	7	22
0	3	4	0	16384	20	2	7	9	20
0	3	4	0	16385	20	2	13	15	20
0	3	4	1	14917	40	4	19	23	22
0	3	4	2	15423	40	4	18	22	22
0	3	4	3	15946	20	2	9	11	20
0	3	4	3	15947	20	2	7	9	20
0	3	4	4	13756	40	4	14	18	22
0	3	4	5	14001	40	4	13	17	22
0	3	4	6	14638	40	4	10	14	22
0	3	4	7	14480	40	4	7	11	22
0	3	4	8	14310	40	4	5	9	22
0	3	4	9	15323	40	4	1	5	22
0	3	5	0	16522	20	2	11	13	20
0	3	5	0	16523	20	2	15	17	20
0	3	5	1	15702	20	2	14	16	20
0	3	5	1	15703	20	2	7	9	20
0	3	5	2	14962	40	4	18	22	22
0	3	5	3	14597	40	4	16	20	22
0	3	5	4	14056	40	4	13	17	22
0	3	5	5	15365	40	4	13	17	22
0	3	5	6	14339	40	4	11	15	22
0	3	5	7	13830	40	4	10	14	22
0	3	5	8	16288	20	2	0	2	20
0	3	5	8	16289	20	2	9	11	20
0	3	5	9	13763	40	4	2	6	22
0	3	6	0	16038	20	2	20	22	20
0	3	6	0	16039	20	2	17	19	20
0	3	6	1	14061	40	4	20	24	22
0	3	6	2	14485	40	4	20	24	22
0	3	6	3	15453	40	4	19	23	22
0	3	6	4	13767	40	4	16	20	22
0	3	6	5	14880	40	4	14	18	22
0	3	6	6	15190	40	4	10	14	22
0	3	7	0	14376	40	4	22	26	22
0	3	7	1	16198	20	2	19	21	20
0	3	7	1	16199	20	2	3	5	20
0	3	7	2	15636	20	2	7	9	20
0	3	7	2	15637	20	2	12	14	20
0	3	7	3	15199	40	4	18	22	22
0	3	7	4	14031	40	4	17	21	22
0	3	7	5	14840	40	4	16	20	22
0	3	7	6	13775	40	4	15	19	22
0	3	8	0	15720	20	2	5	7	20
0	3	8	0	15721	20	2	19	21	20
0	3	8	1	14151	40	4	21	25	22
0	3	8	2	16394	20	2	18	20	20
0	3	8	2	16395	20	2	2	4	20
0	3	8	3	14586	40	4	18	22	22
0	3	8	4	13865	40	4	9	13	22
0	3	8	5	14999	40	4	7	11	22
0	3	8	6	13782	40	4	5	9	22
0	3	8	7	15533	40	4	4	8	22
0	3	8	8	15171	40	4	3	7	22
0	3	8	9	15297	40	4	3	7	22
0	3	8	10	15433	40	4	2	6	22
0	3	8	11	14095	40	4	0	4	22
0	3	9	0	13784	40	4	21	25	22
0	3	9	1	14890	40	4	19	23	22
0	3	9	2	15497	40	4	19	23	22
0	3	9	3	16070	20	2	13	15	20
0	3	9	3	16071	20	2	6	8	20
0	3	9	4	16504	20	2	10	12	20
0	3	9	4	16505	20	2	9	11	20
0	3	9	5	14132	40	4	13	17	22
0	3	9	6	14441	40	4	11	15	22
0	3	9	7	15300	40	4	7	11	22
0	3	9	8	14664	40	4	2	6	22
0	3	9	9	14777	40	4	1	5	22
0	3	10	0	16120	20	2	18	20	20
0	3	10	0	16121	20	2	6	8	20
0	3	10	1	14731	40	4	19	23	22
0	3	10	2	15255	40	4	17	21	22
0	3	10	3	14097	40	4	16	20	22
0	3	10	4	14446	40	4	15	19	22
0	3	10	5	15646	20	2	2	4	20
0	3	10	5	15647	20	2	11	13	20
0	3	10	6	13795	40	4	7	11	22
0	3	10	7	13919	40	4	7	11	22
0	3	10	8	15176	40	4	1	5	22
1	0	0	0	15638	20	2	19	21	20
1	0	0	0	15639	20	2	15	17	20
1	0	0	1	14593	40	4	22	26	22
1	0	0	2	15029	40	4	21	25	22
1	0	0	3	14299	40	4	15	19	22
1	0	0	4	13970	40	4	14	18	22
1	0	0	5	13539	40	4	12	16	22
1	0	0	6	15509	40	4	1	5	22
1	0	1	0	16324	20	2	10	12	20
1	0	1	0	16325	20	2	20	22	20
1	0	1	1	15558	20	2	20	22	20
1	0	1	1	15559	20	2	8	10	20
1	0	1	2	13548	40	4	22	26	22
1	0	1	3	14581	40	4	16	20	22
1	0	1	4	15008	40	4	11	15	22
1	0	1	5	14176	40	4	9	13	22
1	0	1	6	14370	40	4	9	13	22
1	0	1	7	15429	40	4	3	7	22
1	0	1	8	14933	40	4	2	6	22
1	0	1	9	15330	40	4	2	6	22
1	0	2	0	16310	20	2	19	21	20
1	0	2	0	16311	20	2	4	6	20
1	0	2	1	14018	40	4	20	24	22
1	0	2	2	15475	40	4	15	19	22
1	0	2	3	13559	40	4	14	18	22
1	0	2	4	15207	40	4	14	18	22
1	0	2	5	16012	20	2	9	11	20
1	0	2	5	16013	20	2	2	4	20
1	0	2	6	14425	40	4	8	12	22
1	0	2	7	14941	40	4	8	12	22
1	0	2	8	14768	40	4	6	10	22
1	0	2	9	14622	40	4	5	9	22
1	0	3	0	15846	20	2	19	21	20
1	0	3	0	15847	20	2	17	19	20
1	0	3	1	14739	40	4	21	25	22
1	0	3	2	15291	40	4	21	25	22
1	0	3	3	14377	40	4	18	22	22
1	0	3	4	14027	40	4	16	20	22
1	0	3	5	13890	40	4	5	9	22
1	0	3	6	13822	40	4	2	6	22
1	0	3	7	15212	40	4	1	5	22
1	0	3	8	13567	40	4	0	4	22
1	0	4	0	14242	40	4	18	22	22
1	0	4	1	15510	40	4	17	21	22
1	0	4	2	16024	20	2	1	3	20
1	0	4	2	16025	20	2	15	17	20
1	0	4	3	13568	40	4	13	17	22
1	0	4	4	14832	40	4	9	13	22
1	0	4	5	15214	40	4	9	13	22
1	0	4	6	14626	40	4	8	12	22
1	0	4	7	16516	20	2	5	7	20
1	0	4	7	16517	20	2	3	5	20
1	0	4	8	14109	40	4	6	10	22
1	0	4	9	15038	40	4	3	7	22
1	0	4	10	14011	40	4	1	5	22
1	0	4	11	15432	40	4	1	5	22
1	0	5	0	16074	20	2	19	21	20
1	0	5	0	16075	20	2	18	20	20
1	0	5	1	15013	40	4	21	25	22
1	0	5	2	15482	40	4	20	24	22
1	0	5	3	13576	40	4	17	21	22
1	0	5	4	14059	40	4	17	21	22
1	0	5	5	14692	40	4	16	20	22
1	0	5	6	14430	40	4	12	16	22
1	0	6	0	15958	20	2	7	9	20
1	0	6	0	15959	20	2	18	20	20
1	0	6	1	14252	40	4	22	26	22
1	0	6	2	14699	40	4	19	23	22
1	0	6	3	15404	40	4	19	23	22
1	0	6	4	13582	40	4	12	16	22
1	0	6	5	13982	40	4	12	16	22
1	0	6	6	15100	40	4	12	16	22
1	0	7	0	15574	20	2	7	9	20
1	0	7	0	15575	20	2	12	14	20
1	0	7	1	16124	20	2	17	19	20
1	0	7	1	16125	20	2	0	2	20
1	0	7	2	14438	40	4	16	20	22
1	0	7	3	15221	40	4	16	20	22
1	0	7	4	14163	40	4	13	17	22
1	0	7	5	14881	40	4	13	17	22
1	0	7	6	13824	40	4	11	15	22
1	0	7	7	14757	40	4	3	7	22
1	0	7	8	14035	40	4	2	6	22
1	0	7	9	13590	40	4	0	4	22
1	0	8	0	15972	20	2	13	15	20
1	0	8	0	15973	20	2	14	16	20
1	0	8	1	15337	40	4	22	26	22
1	0	8	2	14262	40	4	20	24	22
1	0	8	3	14662	40	4	13	17	22
1	0	8	4	13859	40	4	9	13	22
1	0	8	5	15107	40	4	9	13	22
1	0	8	6	14064	40	4	7	11	22
1	0	8	7	13591	40	4	4	8	22
1	0	8	8	14945	40	4	4	8	22
1	0	9	0	14482	40	4	22	26	22
1	0	9	1	16094	20	2	19	21	20
1	0	9	1	16095	20	2	0	2	20
1	0	9	2	13596	40	4	18	22	22
1	0	9	3	14111	40	4	18	22	22
1	0	9	4	14909	40	4	16	20	22
1	0	9	5	15260	40	4	10	14	22
1	0	9	6	15814	20	2	2	4	20
1	0	9	6	15815	20	2	6	8	20
1	0	9	7	15517	40	4	7	11	22
1	0	10	0	15056	40	4	21	25	22
1	0	10	1	15912	20	2	15	17	20
1	0	10	1	15913	20	2	5	7	20
1	0	10	2	16432	20	2	11	13	20
1	0	10	2	16433	20	2	9	11	20
1	0	10	3	13914	40	4	16	20	22
1	0	10	4	14330	40	4	16	20	22
1	0	10	5	15530	40	4	9	13	22
1	0	10	6	14707	40	4	7	11	22
1	0	10	7	14889	40	4	7	11	22
1	0	10	8	13605	40	4	5	9	22
1	0	10	9	13880	40	4	1	5	22
1	0	10	10	14306	40	4	0	4	22
1	1	0	0	15820	20	2	20	22	20
1	1	0	0	15821	20	2	6	8	20
1	1	0	1	14601	40	4	22	26	22
1	1	0	2	13881	40	4	16	20	22
1	1	0	3	15044	40	4	13	17	22
1	1	0	4	14402	40	4	9	13	22
1	1	0	5	15491	40	4	8	12	22
1	1	0	6	16520	20	2	2	4	20
1	1	0	6	16521	20	2	6	8	20
1	1	0	7	14196	40	4	7	11	22
1	1	0	8	13608	40	4	5	9	22
1	1	0	9	15384	40	4	3	7	22
1	1	1	0	16138	20	2	6	8	20
1	1	1	0	16139	20	2	20	22	20
1	1	1	1	13613	40	4	18	22	22
1	1	1	2	14455	40	4	18	22	22
1	1	1	3	14121	40	4	17	21	22
1	1	1	4	14814	40	4	15	19	22
1	1	1	5	15177	40	4	12	16	22
1	1	1	6	15768	20	2	8	10	20
1	1	1	6	15769	20	2	3	5	20
1	1	1	7	15442	40	4	10	14	22
1	1	2	0	16150	20	2	17	19	20
1	1	2	0	16151	20	2	19	21	20
1	1	2	1	14043	40	4	19	23	22
1	1	2	2	14793	40	4	19	23	22
1	1	2	3	15233	40	4	19	23	22
1	1	2	4	14462	40	4	17	21	22
1	1	2	5	13621	40	4	16	20	22
1	1	2	6	15672	20	2	9	11	20
1	1	2	6	15673	20	2	7	9	20
1	1	3	0	16032	20	2	9	11	20
1	1	3	0	16033	20	2	18	20	20
1	1	3	1	13936	40	4	19	23	22
1	1	3	2	15362	40	4	15	19	22
1	1	3	3	14336	40	4	11	15	22
1	1	3	4	14855	40	4	11	15	22
1	1	3	5	15162	40	4	8	12	22
1	1	3	6	15780	20	2	0	2	20
1	1	3	6	15781	20	2	7	9	20
1	1	3	7	13832	40	4	6	10	22
1	1	3	8	14730	40	4	5	9	22
1	1	3	9	14612	40	4	2	6	22
1	1	3	10	13630	40	4	1	5	22
1	1	4	0	15656	20	2	13	15	20
1	1	4	0	15657	20	2	14	16	20
1	1	4	1	14148	40	4	20	24	22
1	1	4	2	15245	40	4	17	21	22
1	1	4	3	16402	20	2	12	14	20
1	1	4	3	16403	20	2	2	4	20
1	1	4	4	14535	40	4	13	17	22
1	1	4	5	14821	40	4	12	16	22
1	1	4	6	13633	40	4	11	15	22
1	1	4	7	13943	40	4	5	9	22
1	1	4	8	15111	40	4	3	7	22
1	1	5	0	14631	40	4	22	26	22
1	1	5	1	13851	40	4	21	25	22
1	1	5	2	15790	20	2	17	19	20
1	1	5	2	15791	20	2	3	5	20
1	1	5	3	15302	40	4	19	23	22
1	1	5	4	14274	40	4	18	22	22
1	1	5	5	16342	20	2	5	7	20
1	1	5	5	16343	20	2	10	12	20
1	1	5	6	15066	40	4	7	11	22
1	1	5	7	13636	40	4	3	7	22
1	1	6	0	15866	20	2	11	13	20
1	1	6	0	15867	20	2	18	20	20
1	1	6	1	15265	40	4	22	26	22
1	1	6	2	14713	40	4	21	25	22
1	1	6	3	13641	40	4	12	16	22
1	1	6	4	14343	40	4	12	16	22
1	1	6	5	13989	40	4	9	13	22
1	1	6	6	14202	40	4	5	9	22
1	1	6	7	15167	40	4	3	7	22
1	1	6	8	14641	40	4	0	4	22
1	1	7	0	15796	20	2	13	15	20
1	1	7	0	15797	20	2	15	17	20
1	1	7	1	13647	40	4	22	26	22
1	1	7	2	14518	40	4	18	22	22
1	1	7	3	15320	40	4	18	22	22
1	1	7	4	14985	40	4	13	17	22
1	1	7	5	14181	40	4	8	12	22
1	1	7	6	14348	40	4	5	9	22
1	1	7	7	14893	40	4	2	6	22
1	1	8	0	15698	20	2	19	21	20
1	1	8	0	15699	20	2	2	4	20
1	1	8	1	15254	40	4	19	23	22
1	1	8	2	14068	40	4	18	22	22
1	1	8	3	13656	40	4	17	21	22
1	1	8	4	14587	40	4	12	16	22
1	1	8	5	16486	20	2	0	2	20
1	1	8	5	16487	20	2	8	10	20
1	1	8	6	14472	40	4	5	9	22
1	1	8	7	16294	20	2	0	2	20
1	1	8	7	16295	20	2	4	6	20
1	1	8	8	14861	40	4	3	7	22
1	1	8	9	15115	40	4	3	7	22
1	1	8	10	14990	40	4	2	6	22
1	1	9	0	14353	40	4	21	25	22
1	1	9	1	15447	40	4	21	25	22
1	1	9	2	16044	20	2	9	11	20
1	1	9	2	16045	20	2	10	12	20
1	1	9	3	14772	40	4	17	21	22
1	1	9	4	15185	40	4	12	16	22
1	1	9	5	13666	40	4	11	15	22
1	1	9	6	13947	40	4	4	8	22
1	1	9	7	14141	40	4	4	8	22
1	1	9	8	14225	40	4	3	7	22
1	1	10	0	16106	20	2	11	13	20
1	1	10	0	16107	20	2	16	18	20
1	1	10	1	14050	40	4	21	25	22
1	1	10	2	15496	40	4	21	25	22
1	1	10	3	14501	40	4	20	24	22
1	1	10	4	14895	40	4	17	21	22
1	1	10	5	13673	40	4	16	20	22
1	1	10	6	15278	40	4	9	13	22
1	2	0	0	14405	40	4	20	24	22
1	2	0	1	16224	20	2	1	3	20
1	2	0	1	16225	20	2	19	21	20
1	2	0	2	15021	40	4	18	22	22
1	2	0	3	13682	40	4	17	21	22
1	2	0	4	14076	40	4	16	20	22
1	2	0	5	15455	40	4	14	18	22
1	2	0	6	15926	20	2	6	8	20
1	2	0	6	15927	20	2	5	7	20
1	2	0	7	14826	40	4	9	13	22
1	2	1	0	13907	40	4	22	26	22
1	2	1	1	15369	40	4	19	23	22
1	2	1	2	16350	20	2	4	6	20
1	2	1	2	16351	20	2	13	15	20
1	2	1	3	15936	20	2	15	17	20
1	2	1	3	15937	20	2	1	3	20
1	2	1	4	14383	40	4	13	17	22
1	2	1	5	14670	40	4	12	16	22
1	2	1	6	13691	40	4	9	13	22
1	2	1	7	14936	40	4	8	12	22
1	2	1	8	15191	40	4	7	11	22
1	2	2	0	16526	20	2	18	20	20
1	2	2	0	16527	20	2	17	19	20
1	2	2	1	15732	20	2	14	16	20
1	2	2	1	15733	20	2	15	17	20
1	2	2	2	14084	40	4	19	23	22
1	2	2	3	15284	40	4	18	22	22
1	2	2	4	13694	40	4	17	21	22
1	2	2	5	14925	40	4	15	19	22
1	2	2	6	14490	40	4	13	17	22
1	2	2	7	14746	40	4	6	10	22
1	2	3	0	16170	20	2	17	19	20
1	2	3	0	16171	20	2	20	22	20
1	2	3	1	15612	20	2	1	3	20
1	2	3	1	15613	20	2	18	20	20
1	2	3	2	14092	40	4	18	22	22
1	2	3	3	13703	40	4	17	21	22
1	2	3	4	14473	40	4	16	20	22
1	2	3	5	15141	40	4	12	16	22
1	2	3	6	14864	40	4	10	14	22
1	2	3	7	14783	40	4	1	5	22
1	2	3	8	15427	40	4	1	5	22
1	2	3	9	15503	40	4	0	4	22
1	2	4	0	16408	20	2	18	20	20
1	2	4	0	16409	20	2	2	4	20
1	2	4	1	14228	40	4	18	22	22
1	2	4	2	14963	40	4	18	22	22
1	2	4	3	14615	40	4	17	21	22
1	2	4	4	15706	20	2	6	8	20
1	2	4	4	15707	20	2	9	11	20
1	2	4	5	13710	40	4	12	16	22
1	2	4	6	15387	40	4	11	15	22
1	2	4	7	16190	20	2	1	3	20
1	2	4	7	16191	20	2	5	7	20
1	2	4	8	14144	40	4	4	8	22
1	2	4	9	13993	40	4	3	7	22
1	2	5	0	16492	20	2	13	15	20
1	2	5	0	16493	20	2	12	14	20
1	2	5	1	15882	20	2	7	9	20
1	2	5	1	15883	20	2	16	18	20
1	2	5	2	13834	40	4	19	23	22
1	2	5	3	14189	40	4	18	22	22
1	2	5	4	14915	40	4	18	22	22
1	2	5	5	14564	40	4	16	20	22
1	2	5	6	15414	40	4	16	20	22
1	2	5	7	13717	40	4	1	5	22
1	2	5	8	15328	40	4	1	5	22
1	2	6	0	16246	20	2	15	17	20
1	2	6	0	16247	20	2	19	21	20
1	2	6	1	14649	40	4	22	26	22
1	2	6	2	13843	40	4	19	23	22
1	2	6	3	15120	40	4	16	20	22
1	2	6	4	15684	20	2	4	6	20
1	2	6	4	15685	20	2	10	12	20
1	2	6	5	14207	40	4	13	17	22
1	2	6	6	15467	40	4	5	9	22
1	2	6	7	13718	40	4	2	6	22
1	2	6	8	16122	20	2	1	3	20
1	2	6	8	16123	20	2	1	3	20
1	2	6	9	14515	40	4	1	5	22
1	2	6	10	14579	40	4	0	4	22
1	2	7	0	15624	20	2	20	22	20
1	2	7	0	15625	20	2	4	6	20
1	2	7	1	16300	20	2	17	19	20
1	2	7	1	16301	20	2	2	4	20
1	2	7	2	13863	40	4	18	22	22
1	2	7	3	14528	40	4	17	21	22
1	2	7	4	14216	40	4	13	17	22
1	2	7	5	15148	40	4	11	15	22
1	2	7	6	15418	40	4	7	11	22
1	2	7	7	13722	40	4	4	8	22
1	2	7	8	14971	40	4	4	8	22
1	2	7	9	14872	40	4	2	6	22
1	2	8	0	14282	40	4	21	25	22
1	2	8	1	15834	20	2	10	12	20
1	2	8	1	15835	20	2	10	12	20
1	2	8	2	16362	20	2	1	3	20
1	2	8	2	16363	20	2	19	21	20
1	2	8	3	13951	40	4	13	17	22
1	2	8	4	14686	40	4	12	16	22
1	2	8	5	14950	40	4	9	13	22
1	2	8	6	15333	40	4	8	12	22
1	2	8	7	15536	40	4	6	10	22
1	2	8	8	15231	40	4	3	7	22
1	2	8	9	13829	40	4	2	6	22
1	2	8	10	13898	40	4	1	5	22
1	2	8	11	13728	40	4	0	4	22
1	2	9	0	15716	20	2	7	9	20
1	2	9	0	15717	20	2	18	20	20
1	2	9	1	16422	20	2	7	9	20
1	2	9	1	16423	20	2	18	20	20
1	2	9	2	14099	40	4	19	23	22
1	2	9	3	13730	40	4	17	21	22
1	2	9	4	15073	40	4	12	16	22
1	2	9	5	15393	40	4	11	15	22
1	2	9	6	14657	40	4	10	14	22
1	2	9	7	14496	40	4	7	11	22
1	2	9	8	14901	40	4	7	11	22
1	2	10	0	16374	20	2	15	17	20
1	2	10	0	16375	20	2	13	15	20
1	2	10	1	15310	40	4	22	26	22
1	2	10	2	14036	40	4	18	22	22
1	2	10	3	15894	20	2	6	8	20
1	2	10	3	15895	20	2	12	14	20
1	2	10	4	14412	40	4	16	20	22
1	2	10	5	13740	40	4	15	19	22
1	2	10	6	14750	40	4	14	18	22
1	2	10	7	15051	40	4	8	12	22
1	3	0	0	16054	20	2	20	22	20
1	3	0	0	16055	20	2	17	19	20
1	3	0	1	15197	40	4	22	26	22
1	3	0	2	15690	20	2	11	13	20
1	3	0	2	15691	20	2	1	3	20
1	3	0	3	13750	40	4	10	14	22
1	3	0	4	14953	40	4	7	11	22
1	3	0	5	13925	40	4	6	10	22
1	3	0	6	14155	40	4	5	9	22
1	3	0	7	14800	40	4	5	9	22
1	3	0	8	14678	40	4	4	8	22
1	3	0	9	14445	40	4	3	7	22
1	3	0	10	14554	40	4	3	7	22
1	3	0	11	14327	40	4	1	5	22
1	3	0	12	14292	40	4	0	4	22
1	3	1	0	16446	20	2	11	13	20
1	3	1	0	16447	20	2	20	22	20
1	3	1	1	15906	20	2	19	21	20
1	3	1	1	15907	20	2	2	4	20
1	3	1	2	15344	40	4	19	23	22
1	3	1	3	13900	40	4	17	21	22
1	3	1	4	14761	40	4	15	19	22
1	3	1	5	14296	40	4	11	15	22
1	3	1	6	14540	40	4	10	14	22
1	3	1	7	15128	40	4	9	13	22
1	3	1	8	13759	40	4	8	12	22
1	3	2	0	15586	20	2	9	11	20
1	3	2	0	15587	20	2	11	13	20
1	3	2	1	13761	40	4	18	22	22
1	3	2	2	16192	20	2	18	20	20
1	3	2	2	16193	20	2	0	2	20
1	3	2	3	14131	40	4	15	19	22
1	3	2	4	14557	40	4	15	19	22
1	3	2	5	14874	40	4	15	19	22
1	3	2	6	15239	40	4	11	15	22
1	3	2	7	14419	40	4	4	8	22
1	3	2	8	15472	40	4	0	4	22
1	3	3	0	16390	20	2	15	17	20
1	3	3	0	16391	20	2	14	16	20
1	3	3	1	14546	40	4	18	22	22
1	3	3	2	14994	40	4	18	22	22
1	3	3	3	15986	20	2	14	16	20
1	3	3	3	15987	20	2	1	3	20
1	3	3	4	14236	40	4	13	17	22
1	3	3	5	15521	40	4	12	16	22
1	3	3	6	13771	40	4	11	15	22
1	3	3	7	13957	40	4	3	7	22
1	3	3	8	15424	40	4	3	7	22
1	3	3	9	14139	40	4	1	5	22
1	3	3	10	14921	40	4	1	5	22
1	3	3	11	14188	40	4	0	4	22
1	3	4	0	16280	20	2	19	21	20
1	3	4	0	16281	20	2	5	7	20
1	3	4	1	13777	40	4	20	24	22
1	3	4	2	15435	40	4	17	21	22
1	3	4	3	14364	40	4	16	20	22
1	3	4	4	14721	40	4	16	20	22
1	3	4	5	15153	40	4	13	17	22
1	3	4	6	15994	20	2	3	5	20
1	3	4	6	15995	20	2	8	10	20
1	3	4	7	14156	40	4	10	14	22
1	3	4	8	15027	40	4	0	4	22
1	3	5	0	15942	20	2	16	18	20
1	3	5	0	15943	20	2	5	7	20
1	3	5	1	16506	20	2	12	14	20
1	3	5	1	16507	20	2	7	9	20
1	3	5	2	15079	40	4	16	20	22
1	3	5	3	15461	40	4	15	19	22
1	3	5	4	13785	40	4	13	17	22
1	3	5	5	14393	40	4	13	17	22
1	3	5	6	14785	40	4	13	17	22
1	3	5	7	14012	40	4	9	13	22
1	3	5	8	14223	40	4	5	9	22
1	3	5	9	14682	40	4	3	7	22
1	3	6	0	15546	20	2	19	21	20
1	3	6	0	15547	20	2	5	7	20
1	3	6	1	15087	40	4	21	25	22
1	3	6	2	14309	40	4	20	24	22
1	3	6	3	13872	40	4	17	21	22
1	3	6	4	14845	40	4	9	13	22
1	3	6	5	16236	20	2	2	4	20
1	3	6	5	16237	20	2	7	9	20
1	3	6	6	13792	40	4	4	8	22
1	3	6	7	14735	40	4	4	8	22
1	3	6	8	14214	40	4	2	6	22
1	3	7	0	16262	20	2	15	17	20
1	3	7	0	16263	20	2	6	8	20
1	3	7	1	15132	40	4	19	23	22
1	3	7	2	15746	20	2	10	12	20
1	3	7	2	15747	20	2	7	9	20
1	3	7	3	14169	40	4	16	20	22
1	3	7	4	14509	40	4	14	18	22
1	3	7	5	13796	40	4	12	16	22
1	3	7	6	13996	40	4	5	9	22
1	3	7	7	15526	40	4	5	9	22
1	3	7	8	14852	40	4	4	8	22
1	3	7	9	15004	40	4	2	6	22
1	3	7	10	14792	40	4	0	4	22
1	3	8	0	13961	40	4	22	26	22
1	3	8	1	14572	40	4	19	23	22
1	3	8	2	16462	20	2	3	5	20
1	3	8	2	16463	20	2	13	15	20
1	3	8	3	15376	40	4	14	18	22
1	3	8	4	15758	20	2	0	2	20
1	3	8	4	15759	20	2	14	16	20
1	3	8	5	13806	40	4	11	15	22
1	3	8	6	15096	40	4	11	15	22
1	3	8	7	16202	20	2	1	3	20
1	3	8	7	16203	20	2	7	9	20
1	3	8	8	14421	40	4	5	9	22
1	3	8	9	14960	40	4	3	7	22
1	3	9	0	16210	20	2	14	16	20
1	3	9	0	16211	20	2	16	18	20
1	3	9	1	15598	20	2	8	10	20
1	3	9	1	15599	20	2	13	15	20
1	3	9	2	14976	40	4	18	22	22
1	3	9	3	13929	40	4	17	21	22
1	3	9	4	14318	40	4	15	19	22
1	3	9	5	13812	40	4	10	14	22
1	3	9	6	14642	40	4	8	12	22
1	3	9	7	15400	40	4	6	10	22
1	3	9	8	14841	40	4	4	8	22
1	3	10	0	16472	20	2	13	15	20
1	3	10	0	16473	20	2	12	14	20
1	3	10	1	14000	40	4	22	26	22
1	3	10	2	16000	20	2	14	16	20
1	3	10	2	16001	20	2	5	7	20
1	3	10	3	14448	40	4	18	22	22
1	3	10	4	14806	40	4	15	19	22
1	3	10	5	15352	40	4	13	17	22
1	3	10	6	13816	40	4	12	16	22
1	3	10	7	15170	40	4	7	11	22
1	3	10	8	15730	20	2	5	7	20
1	3	10	8	15731	20	2	0	2	20
2	0	0	0	15842	20	2	18	20	20
2	0	0	0	15843	20	2	8	10	20
2	0	0	1	13997	40	4	21	25	22
2	0	0	2	14623	40	4	21	25	22
2	0	0	3	15381	40	4	17	21	22
2	0	0	4	13540	40	4	13	17	22
2	0	0	5	16490	20	2	5	7	20
2	0	0	5	16491	20	2	8	10	20
2	0	0	6	15080	40	4	12	16	22
2	0	0	7	14522	40	4	4	8	22
2	0	0	8	14432	40	4	0	4	22
2	0	1	0	15728	20	2	20	22	20
2	0	1	0	15729	20	2	11	13	20
2	0	1	1	16500	20	2	5	7	20
2	0	1	1	16501	20	2	20	22	20
2	0	1	2	14390	40	4	18	22	22
2	0	1	3	15272	40	4	17	21	22
2	0	1	4	13868	40	4	16	20	22
2	0	1	5	14215	40	4	6	10	22
2	0	1	6	14833	40	4	6	10	22
2	0	1	7	15112	40	4	6	10	22
2	0	1	8	13549	40	4	5	9	22
2	0	1	9	14724	40	4	2	6	22
2	0	1	10	15031	40	4	0	4	22
2	0	2	0	15784	20	2	19	21	20
2	0	2	0	15785	20	2	17	19	20
2	0	2	1	14411	40	4	18	22	22
2	0	2	2	15335	40	4	18	22	22
2	0	2	3	13954	40	4	17	21	22
2	0	2	4	14744	40	4	13	17	22
2	0	2	5	15085	40	4	10	14	22
2	0	2	6	13814	40	4	6	10	22
2	0	2	7	13552	40	4	1	5	22
2	0	2	8	14323	40	4	0	4	22
2	0	3	0	16286	20	2	20	22	20
2	0	3	0	16287	20	2	6	8	20
2	0	3	1	15279	40	4	20	24	22
2	0	3	2	15852	20	2	13	15	20
2	0	3	2	15853	20	2	7	9	20
2	0	3	3	13842	40	4	18	22	22
2	0	3	4	14951	40	4	14	18	22
2	0	3	5	14684	40	4	13	17	22
2	0	3	6	14436	40	4	11	15	22
2	0	3	7	14190	40	4	10	14	22
2	0	3	8	13555	40	4	2	6	22
2	0	4	0	15572	20	2	12	14	20
2	0	4	0	15573	20	2	8	10	20
2	0	4	1	14297	40	4	16	20	22
2	0	4	2	14926	40	4	15	19	22
2	0	4	3	16174	20	2	7	9	20
2	0	4	3	16175	20	2	8	10	20
2	0	4	4	14634	40	4	14	18	22
2	0	4	5	13966	40	4	8	12	22
2	0	4	6	15391	40	4	7	11	22
2	0	4	7	13557	40	4	4	8	22
2	0	4	8	13854	40	4	4	8	22
2	0	4	9	14195	40	4	3	7	22
2	0	4	10	15289	40	4	0	4	22
2	0	5	0	15900	20	2	18	20	20
2	0	5	0	15901	20	2	17	19	20
2	0	5	1	13561	40	4	22	26	22
2	0	5	2	15342	40	4	21	25	22
2	0	5	3	14536	40	4	20	24	22
2	0	5	4	14897	40	4	18	22	22
2	0	5	5	14170	40	4	17	21	22
2	0	6	0	16448	20	2	5	7	20
2	0	6	0	16449	20	2	17	19	20
2	0	6	1	15914	20	2	10	12	20
2	0	6	1	15915	20	2	11	13	20
2	0	6	2	13874	40	4	20	24	22
2	0	6	3	15364	40	4	20	24	22
2	0	6	4	14798	40	4	16	20	22
2	0	6	5	14281	40	4	15	19	22
2	0	6	6	14616	40	4	8	12	22
2	0	6	7	13572	40	4	6	10	22
2	0	6	8	15193	40	4	5	9	22
2	0	7	0	15618	20	2	17	19	20
2	0	7	0	15619	20	2	20	22	20
2	0	7	1	16530	20	2	18	20	20
2	0	7	1	16531	20	2	6	8	20
2	0	7	2	14060	40	4	20	24	22
2	0	7	3	13577	40	4	17	21	22
2	0	7	4	14492	40	4	17	21	22
2	0	7	5	14817	40	4	14	18	22
2	0	7	6	15370	40	4	10	14	22
2	0	7	7	15178	40	4	6	10	22
2	0	8	0	15944	20	2	16	18	20
2	0	8	0	15945	20	2	13	15	20
2	0	8	1	14934	40	4	21	25	22
2	0	8	2	15438	40	4	17	21	22
2	0	8	3	14367	40	4	16	20	22
2	0	8	4	13901	40	4	12	16	22
2	0	8	5	13583	40	4	9	13	22
2	0	8	6	14219	40	4	5	9	22
2	0	8	7	14778	40	4	2	6	22
2	0	8	8	14704	40	4	1	5	22
2	0	8	9	14865	40	4	0	4	22
2	0	9	0	16344	20	2	15	17	20
2	0	9	0	16345	20	2	9	11	20
2	0	9	1	14134	40	4	22	26	22
2	0	9	2	13588	40	4	21	25	22
2	0	9	3	15505	40	4	20	24	22
2	0	9	4	14788	40	4	13	17	22
2	0	9	5	14567	40	4	9	13	22
2	0	9	6	16154	20	2	1	3	20
2	0	9	6	16155	20	2	8	10	20
2	0	9	7	15292	40	4	8	12	22
2	0	9	8	15117	40	4	7	11	22
2	0	10	0	16510	20	2	17	19	20
2	0	10	0	16511	20	2	15	17	20
2	0	10	1	14526	40	4	21	25	22
2	0	10	2	15121	40	4	19	23	22
2	0	10	3	15516	40	4	19	23	22
2	0	10	4	14147	40	4	17	21	22
2	0	10	5	13601	40	4	13	17	22
2	0	10	6	16218	20	2	7	9	20
2	0	10	6	16219	20	2	2	4	20
2	0	10	7	14905	40	4	6	10	22
2	0	10	8	14005	40	4	4	8	22
2	0	10	9	16148	20	2	1	3	20
2	0	10	9	16149	20	2	2	4	20
2	1	0	0	15960	20	2	19	21	20
2	1	0	0	15961	20	2	16	18	20
2	1	0	1	14500	40	4	18	22	22
2	1	0	2	13607	40	4	14	18	22
2	1	0	3	14016	40	4	11	15	22
2	1	0	4	15098	40	4	10	14	22
2	1	0	5	14839	40	4	9	13	22
2	1	0	6	15552	20	2	0	2	20
2	1	0	6	15553	20	2	9	11	20
2	1	0	7	14263	40	4	8	12	22
2	1	0	8	15377	40	4	8	12	22
2	1	1	0	15103	40	4	21	25	22
2	1	1	1	15864	20	2	9	11	20
2	1	1	1	15865	20	2	10	12	20
2	1	1	2	14442	40	4	17	21	22
2	1	1	3	16278	20	2	2	4	20
2	1	1	3	16279	20	2	12	14	20
2	1	1	4	13968	40	4	13	17	22
2	1	1	5	14780	40	4	13	17	22
2	1	1	6	13615	40	4	12	16	22
2	1	1	7	15525	40	4	7	11	22
2	1	1	8	14268	40	4	5	9	22
2	1	2	0	16228	20	2	11	13	20
2	1	2	0	16229	20	2	10	12	20
2	1	2	1	15183	40	4	19	23	22
2	1	2	2	14039	40	4	17	21	22
2	1	2	3	13620	40	4	16	20	22
2	1	2	4	14866	40	4	11	15	22
2	1	2	5	15584	20	2	2	4	20
2	1	2	5	15585	20	2	8	10	20
2	1	2	6	16004	20	2	0	2	20
2	1	2	6	16005	20	2	10	12	20
2	1	2	7	14423	40	4	8	12	22
2	1	2	8	14706	40	4	7	11	22
2	1	2	9	14620	40	4	1	5	22
2	1	3	0	15394	40	4	21	25	22
2	1	3	1	14066	40	4	19	23	22
2	1	3	2	13629	40	4	17	21	22
2	1	3	3	14479	40	4	17	21	22
2	1	3	4	16010	20	2	2	4	20
2	1	3	4	16011	20	2	15	17	20
2	1	3	5	15059	40	4	14	18	22
2	1	3	6	16414	20	2	4	6	20
2	1	3	6	16415	20	2	9	11	20
2	1	3	7	14910	40	4	3	7	22
2	1	3	8	14808	40	4	2	6	22
2	1	4	0	15256	40	4	22	26	22
2	1	4	1	14590	40	4	20	24	22
2	1	4	2	16064	20	2	3	5	20
2	1	4	2	16065	20	2	15	17	20
2	1	4	3	16470	20	2	10	12	20
2	1	4	3	16471	20	2	7	9	20
2	1	4	4	13637	40	4	15	19	22
2	1	4	5	14032	40	4	12	16	22
2	1	4	6	14301	40	4	9	13	22
2	1	4	7	14992	40	4	9	13	22
2	1	4	8	15802	20	2	0	2	20
2	1	4	8	15803	20	2	4	6	20
2	1	4	9	14543	40	4	0	4	22
2	1	5	0	16424	20	2	6	8	20
2	1	5	0	16425	20	2	20	22	20
2	1	5	1	14222	40	4	22	26	22
2	1	5	2	13645	40	4	20	24	22
2	1	5	3	15196	40	4	18	22	22
2	1	5	4	16126	20	2	5	7	20
2	1	5	4	16127	20	2	9	11	20
2	1	5	5	14640	40	4	13	17	22
2	1	5	6	15592	20	2	5	7	20
2	1	5	6	15593	20	2	8	10	20
2	1	5	7	14914	40	4	9	13	22
2	1	5	8	14104	40	4	1	5	22
2	1	6	0	15640	20	2	8	10	20
2	1	6	0	15641	20	2	15	17	20
2	1	6	1	13945	40	4	21	25	22
2	1	6	2	16240	20	2	2	4	20
2	1	6	2	16241	20	2	19	21	20
2	1	6	3	15035	40	4	19	23	22
2	1	6	4	14550	40	4	12	16	22
2	1	6	5	13653	40	4	10	14	22
2	1	6	6	14397	40	4	7	11	22
2	1	6	7	14824	40	4	7	11	22
2	1	6	8	15448	40	4	4	8	22
2	1	7	0	13660	40	4	21	25	22
2	1	7	1	15249	40	4	16	20	22
2	1	7	2	15650	20	2	14	16	20
2	1	7	2	15651	20	2	2	4	20
2	1	7	3	14450	40	4	15	19	22
2	1	7	4	16480	20	2	12	14	20
2	1	7	4	16481	20	2	2	4	20
2	1	7	5	14152	40	4	13	17	22
2	1	7	6	16158	20	2	12	14	20
2	1	7	6	16159	20	2	1	3	20
2	1	7	7	14810	40	4	5	9	22
2	1	7	8	14957	40	4	3	7	22
2	1	7	9	15131	40	4	3	7	22
2	1	7	10	14726	40	4	0	4	22
2	1	8	0	16200	20	2	8	10	20
2	1	8	0	16201	20	2	13	15	20
2	1	8	1	13858	40	4	20	24	22
2	1	8	2	15296	40	4	19	23	22
2	1	8	3	14600	40	4	18	22	22
2	1	8	4	14239	40	4	16	20	22
2	1	8	5	15804	20	2	6	8	20
2	1	8	5	15805	20	2	7	9	20
2	1	8	6	15067	40	4	10	14	22
2	1	8	7	13670	40	4	4	8	22
2	1	8	8	14961	40	4	0	4	22
2	1	9	0	14456	40	4	22	26	22
2	1	9	1	16212	20	2	12	14	20
2	1	9	1	16213	20	2	7	9	20
2	1	9	2	14044	40	4	18	22	22
2	1	9	3	15492	40	4	16	20	22
2	1	9	4	15154	40	4	12	16	22
2	1	9	5	14856	40	4	11	15	22
2	1	9	6	13676	40	4	7	11	22
2	1	9	7	16072	20	2	5	7	20
2	1	9	7	16073	20	2	0	2	20
2	1	9	8	13889	40	4	1	5	22
2	1	9	9	13978	40	4	0	4	22
2	1	9	10	15444	40	4	0	4	22
2	1	10	0	15306	40	4	20	24	22
2	1	10	1	15876	20	2	8	10	20
2	1	10	1	15877	20	2	12	14	20
2	1	10	2	13680	40	4	12	16	22
2	1	10	3	13981	40	4	10	14	22
2	1	10	4	14463	40	4	10	14	22
2	1	10	5	15075	40	4	10	14	22
2	1	10	6	16302	20	2	0	2	20
2	1	10	6	16303	20	2	10	12	20
2	1	10	7	14233	40	4	8	12	22
2	1	10	8	14666	40	4	8	12	22
2	1	10	9	14863	40	4	1	5	22
2	1	10	10	14944	40	4	1	5	22
2	2	0	0	16312	20	2	11	13	20
2	2	0	0	16313	20	2	14	16	20
2	2	0	1	15756	20	2	8	10	20
2	2	0	1	15757	20	2	14	16	20
2	2	0	2	13908	40	4	21	25	22
2	2	0	3	15314	40	4	18	22	22
2	2	0	4	14375	40	4	16	20	22
2	2	0	5	14711	40	4	13	17	22
2	2	0	6	14967	40	4	13	17	22
2	2	0	7	13686	40	4	9	13	22
2	2	1	0	14107	40	4	22	26	22
2	2	1	1	14916	40	4	21	25	22
2	2	1	2	13692	40	4	20	24	22
2	2	1	3	15816	20	2	9	11	20
2	2	1	3	15817	20	2	10	12	20
2	2	1	4	14556	40	4	18	22	22
2	2	1	5	15407	40	4	14	18	22
2	2	1	6	16258	20	2	5	7	20
2	2	1	6	16259	20	2	2	4	20
2	2	2	0	14116	40	4	22	26	22
2	2	2	1	15560	20	2	3	5	20
2	2	2	1	15561	20	2	18	20	20
2	2	2	2	16186	20	2	6	8	20
2	2	2	2	16187	20	2	14	16	20
2	2	2	3	15161	40	4	19	23	22
2	2	2	4	13850	40	4	8	12	22
2	2	2	5	14648	40	4	8	12	22
2	2	2	6	14964	40	4	5	9	22
2	2	2	7	14847	40	4	3	7	22
2	2	2	8	13700	40	4	2	6	22
2	2	2	9	14021	40	4	2	6	22
2	2	2	10	14566	40	4	1	5	22
2	2	3	0	13704	40	4	20	24	22
2	2	3	1	16166	20	2	3	5	20
2	2	3	1	16167	20	2	17	19	20
2	2	3	2	15660	20	2	9	11	20
2	2	3	2	15661	20	2	7	9	20
2	2	3	3	14337	40	4	14	18	22
2	2	3	4	15218	40	4	11	15	22
2	2	3	5	14752	40	4	10	14	22
2	2	3	6	14997	40	4	7	11	22
2	2	3	7	14197	40	4	5	9	22
2	2	3	8	14651	40	4	3	7	22
2	2	3	9	15484	40	4	2	6	22
2	2	3	10	14128	40	4	0	4	22
2	2	4	0	15694	20	2	17	19	20
2	2	4	0	15695	20	2	13	15	20
2	2	4	1	14328	40	4	21	25	22
2	2	4	2	16460	20	2	4	6	20
2	2	4	2	16461	20	2	16	18	20
2	2	4	3	14888	40	4	18	22	22
2	2	4	4	13711	40	4	14	18	22
2	2	4	5	14023	40	4	14	18	22
2	2	4	6	15322	40	4	13	17	22
2	2	4	7	14729	40	4	5	9	22
2	2	5	0	16136	20	2	17	19	20
2	2	5	0	16137	20	2	8	10	20
2	2	5	1	15204	40	4	16	20	22
2	2	5	2	15528	40	4	16	20	22
2	2	5	3	14158	40	4	12	16	22
2	2	5	4	14427	40	4	10	14	22
2	2	5	5	13719	40	4	9	13	22
2	2	5	6	13915	40	4	8	12	22
2	2	5	7	14795	40	4	8	12	22
2	2	5	8	14655	40	4	5	9	22
2	2	5	9	15001	40	4	5	9	22
2	2	6	0	15602	20	2	16	18	20
2	2	6	0	15603	20	2	10	12	20
2	2	6	1	14876	40	4	19	23	22
2	2	6	2	14093	40	4	18	22	22
2	2	6	3	14507	40	4	13	17	22
2	2	6	4	15329	40	4	11	15	22
2	2	6	5	13819	40	4	9	13	22
2	2	6	6	16252	20	2	5	7	20
2	2	6	6	16253	20	2	3	5	20
2	2	6	7	14758	40	4	3	7	22
2	2	6	8	13727	40	4	1	5	22
2	2	6	9	14030	40	4	1	5	22
2	2	7	0	16076	20	2	15	17	20
2	2	7	0	16077	20	2	9	11	20
2	2	7	1	14573	40	4	22	26	22
2	2	7	2	15351	40	4	11	15	22
2	2	7	3	15670	20	2	10	12	20
2	2	7	3	15671	20	2	1	3	20
2	2	7	4	13885	40	4	10	14	22
2	2	7	5	14129	40	4	10	14	22
2	2	7	6	14380	40	4	9	13	22
2	2	7	7	13731	40	4	6	10	22
2	2	7	8	15042	40	4	6	10	22
2	2	7	9	15227	40	4	2	6	22
2	2	8	0	16036	20	2	20	22	20
2	2	8	0	16037	20	2	8	10	20
2	2	8	1	15009	40	4	21	25	22
2	2	8	2	15464	40	4	17	21	22
2	2	8	3	14717	40	4	13	17	22
2	2	8	4	13921	40	4	11	15	22
2	2	8	5	14486	40	4	11	15	22
2	2	8	6	13734	40	4	9	13	22
2	2	8	7	14273	40	4	7	11	22
2	2	8	8	14203	40	4	1	5	22
2	2	9	0	16360	20	2	12	14	20
2	2	9	0	16361	20	2	18	20	20
2	2	9	1	15826	20	2	18	20	20
2	2	9	1	15827	20	2	4	6	20
2	2	9	2	14344	40	4	20	24	22
2	2	9	3	13823	40	4	17	21	22
2	2	9	4	14849	40	4	11	15	22
2	2	9	5	14178	40	4	7	11	22
2	2	9	6	15538	20	2	5	7	20
2	2	9	6	15539	20	2	1	3	20
2	2	9	7	15267	40	4	5	9	22
2	2	9	8	15134	40	4	4	8	22
2	2	9	9	14733	40	4	2	6	22
2	2	9	10	15445	40	4	2	6	22
2	2	9	11	13741	40	4	1	5	22
2	2	10	0	14470	40	4	22	26	22
2	2	10	1	16264	20	2	8	10	20
2	2	10	1	16265	20	2	10	12	20
2	2	10	2	14184	40	4	12	16	22
2	2	10	3	13831	40	4	11	15	22
2	2	10	4	16090	20	2	2	4	20
2	2	10	4	16091	20	2	9	11	20
2	2	10	5	15228	40	4	10	14	22
2	2	10	6	15471	40	4	9	13	22
2	2	10	7	14883	40	4	6	10	22
2	2	10	8	15770	20	2	0	2	20
2	2	10	8	15771	20	2	5	7	20
2	2	10	9	14051	40	4	3	7	22
2	2	10	10	13744	40	4	1	5	22
2	2	10	11	15091	40	4	0	4	22
2	2	10	12	15173	40	4	0	4	22
2	3	0	0	16096	20	2	9	11	20
2	3	0	0	16097	20	2	17	19	20
2	3	0	1	15411	40	4	22	26	22
2	3	0	2	14404	40	4	19	23	22
2	3	0	3	13809	40	4	15	19	22
2	3	0	4	14762	40	4	13	17	22
2	3	0	5	15092	40	4	10	14	22
2	3	0	6	14100	40	4	6	10	22
2	3	0	7	14278	40	4	2	6	22
2	3	0	8	13747	40	4	0	4	22
2	3	0	9	15355	40	4	0	4	22
2	3	1	0	16326	20	2	13	15	20
2	3	1	0	16327	20	2	18	20	20
2	3	1	1	14079	40	4	22	26	22
2	3	1	2	14766	40	4	19	23	22
2	3	1	3	15996	20	2	16	18	20
2	3	1	3	15997	20	2	0	2	20
2	3	1	4	15211	40	4	13	17	22
2	3	1	5	13748	40	4	12	16	22
2	3	1	6	14545	40	4	10	14	22
2	3	1	7	15488	40	4	8	12	22
2	3	1	8	13986	40	4	2	6	22
2	3	1	9	15776	20	2	0	2	20
2	3	1	9	15777	20	2	2	4	20
2	3	2	0	15744	20	2	10	12	20
2	3	2	0	15745	20	2	16	18	20
2	3	2	1	14307	40	4	18	22	22
2	3	2	2	16436	20	2	16	18	20
2	3	2	2	16437	20	2	2	4	20
2	3	2	3	15017	40	4	17	21	22
2	3	2	4	14693	40	4	15	19	22
2	3	2	5	13758	40	4	12	16	22
2	3	2	6	15420	40	4	11	15	22
2	3	2	7	14074	40	4	10	14	22
2	3	2	8	13990	40	4	1	5	22
2	3	3	0	15708	20	2	19	21	20
2	3	3	0	15709	20	2	18	20	20
2	3	3	1	14738	40	4	22	26	22
2	3	3	2	13928	40	4	20	24	22
2	3	3	3	14354	40	4	20	24	22
2	3	3	4	15234	40	4	20	24	22
2	3	3	5	13764	40	4	4	8	22
2	3	3	6	13866	40	4	1	5	22
2	3	4	0	16376	20	2	13	15	20
2	3	4	0	16377	20	2	20	22	20
2	3	4	1	15678	20	2	10	12	20
2	3	4	1	15679	20	2	19	21	20
2	3	4	2	14246	40	4	19	23	22
2	3	4	3	15241	40	4	17	21	22
2	3	4	4	14659	40	4	14	18	22
2	3	4	5	13770	40	4	13	17	22
2	3	4	6	14009	40	4	11	15	22
2	3	4	7	14946	40	4	6	10	22
2	3	4	8	15174	40	4	0	4	22
2	3	5	0	16392	20	2	5	7	20
2	3	5	0	16393	20	2	20	22	20
2	3	5	1	15888	20	2	18	20	20
2	3	5	1	15889	20	2	2	4	20
2	3	5	2	14974	40	4	18	22	22
2	3	5	3	14316	40	4	17	21	22
2	3	5	4	15428	40	4	16	20	22
2	3	5	5	13774	40	4	12	16	22
2	3	5	6	13992	40	4	9	13	22
2	3	5	7	14815	40	4	6	10	22
2	3	5	8	14671	40	4	5	9	22
2	3	5	9	14232	40	4	2	6	22
2	3	6	0	16046	20	2	18	20	20
2	3	6	0	16047	20	2	8	10	20
2	3	6	1	14580	40	4	22	26	22
2	3	6	2	14205	40	4	19	23	22
2	3	6	3	15137	40	4	19	23	22
2	3	6	4	13893	40	4	13	17	22
2	3	6	5	15548	20	2	6	8	20
2	3	6	5	15549	20	2	7	9	20
2	3	6	6	13779	40	4	7	11	22
2	3	6	7	15046	40	4	1	5	22
2	3	7	0	16112	20	2	9	11	20
2	3	7	0	16113	20	2	13	15	20
2	3	7	1	13783	40	4	18	22	22
2	3	7	2	15498	40	4	16	20	22
2	3	7	3	14698	40	4	14	18	22
2	3	7	4	14289	40	4	13	17	22
2	3	7	5	14983	40	4	10	14	22
2	3	7	6	14088	40	4	8	12	22
2	3	7	7	15360	40	4	6	10	22
2	3	7	8	14589	40	4	2	6	22
2	3	7	9	15263	40	4	0	4	22
2	3	8	0	15980	20	2	14	16	20
2	3	8	0	15981	20	2	16	18	20
2	3	8	1	14606	40	4	19	23	22
2	3	8	2	14256	40	4	16	20	22
2	3	8	3	13937	40	4	15	19	22
2	3	8	4	15145	40	4	15	19	22
2	3	8	5	15477	40	4	14	18	22
2	3	8	6	13791	40	4	9	13	22
2	3	8	7	14987	40	4	3	7	22
2	3	9	0	15930	20	2	13	15	20
2	3	9	0	15931	20	2	15	17	20
2	3	9	1	15048	40	4	19	23	22
2	3	9	2	14675	40	4	17	21	22
2	3	9	3	13837	40	4	16	20	22
2	3	9	4	15450	40	4	14	18	22
2	3	9	5	14417	40	4	12	16	22
2	3	9	6	14165	40	4	11	15	22
2	3	9	7	13798	40	4	1	5	22
2	3	10	0	16404	20	2	20	22	20
2	3	10	0	16405	20	2	3	5	20
2	3	10	1	15022	40	4	20	24	22
2	3	10	2	14513	40	4	17	21	22
2	3	10	3	15456	40	4	17	21	22
2	3	10	4	16026	20	2	14	16	20
2	3	10	4	16027	20	2	2	4	20
2	3	10	5	14053	40	4	13	17	22
2	3	10	6	13802	40	4	9	13	22
2	3	10	7	14829	40	4	6	10	22
2	3	10	8	14365	40	4	4	8	22
2	3	10	9	13941	40	4	3	7	22
3	0	0	0	15570	20	2	14	16	20
3	0	0	0	15571	20	2	10	12	20
3	0	0	1	16284	20	2	17	19	20
3	0	0	1	16285	20	2	6	8	20
3	0	0	2	14017	40	4	22	26	22
3	0	0	3	14759	40	4	18	22	22
3	0	0	4	15246	40	4	12	16	22
3	0	0	5	13841	40	4	11	15	22
3	0	0	6	14478	40	4	5	9	22
3	0	0	7	15138	40	4	4	8	22
3	0	0	8	14643	40	4	2	6	22
3	0	0	9	13541	40	4	1	5	22
3	0	1	0	15544	20	2	20	22	20
3	0	1	0	15545	20	2	15	17	20
3	0	1	1	16496	20	2	20	22	20
3	0	1	1	16497	20	2	8	10	20
3	0	1	2	13544	40	4	21	25	22
3	0	1	3	14516	40	4	19	23	22
3	0	1	4	14887	40	4	14	18	22
3	0	1	5	15209	40	4	14	18	22
3	0	1	6	14133	40	4	9	13	22
3	0	1	7	14338	40	4	5	9	22
3	0	2	0	16380	20	2	20	22	20
3	0	2	0	16381	20	2	20	22	20
3	0	2	1	13554	40	4	21	25	22
3	0	2	2	14552	40	4	20	24	22
3	0	2	3	15962	20	2	12	14	20
3	0	2	3	15963	20	2	5	7	20
3	0	2	4	15495	40	4	13	17	22
3	0	2	5	15187	40	4	12	16	22
3	0	2	6	14919	40	4	11	15	22
3	0	2	7	14308	40	4	8	12	22
3	0	2	8	14248	40	4	2	6	22
3	0	2	9	14140	40	4	1	5	22
3	0	3	0	16398	20	2	17	19	20
3	0	3	0	16399	20	2	18	20	20
3	0	3	1	15724	20	2	16	18	20
3	0	3	1	15725	20	2	9	11	20
3	0	3	2	13926	40	4	21	25	22
3	0	3	3	15236	40	4	18	22	22
3	0	3	4	14317	40	4	16	20	22
3	0	3	5	14687	40	4	14	18	22
3	0	3	6	15036	40	4	11	15	22
3	0	3	7	13563	40	4	8	12	22
3	0	4	0	15644	20	2	15	17	20
3	0	4	0	15645	20	2	5	7	20
3	0	4	1	14646	40	4	16	20	22
3	0	4	2	15041	40	4	16	20	22
3	0	4	3	13879	40	4	15	19	22
3	0	4	4	16248	20	2	5	7	20
3	0	4	4	16249	20	2	10	12	20
3	0	4	5	14194	40	4	10	14	22
3	0	4	6	14360	40	4	10	14	22
3	0	4	7	15430	40	4	6	10	22
3	0	4	8	13569	40	4	4	8	22
3	0	4	9	15346	40	4	0	4	22
3	0	5	0	16318	20	2	9	11	20
3	0	5	0	16319	20	2	18	20	20
3	0	5	1	15654	20	2	5	7	20
3	0	5	1	15655	20	2	18	20	20
3	0	5	2	14894	40	4	21	25	22
3	0	5	3	14481	40	4	20	24	22
3	0	5	4	14025	40	4	15	19	22
3	0	5	5	13573	40	4	6	10	22
3	0	5	6	13888	40	4	6	10	22
3	0	5	7	15436	40	4	6	10	22
3	0	5	8	14347	40	4	3	7	22
3	0	5	9	15347	40	4	0	4	22
3	0	6	0	16416	20	2	18	20	20
3	0	6	0	16417	20	2	9	11	20
3	0	6	1	15908	20	2	0	2	20
3	0	6	1	15909	20	2	20	22	20
3	0	6	2	13578	40	4	19	23	22
3	0	6	3	14695	40	4	16	20	22
3	0	6	4	14091	40	4	14	18	22
3	0	6	5	14366	40	4	13	17	22
3	0	6	6	15348	40	4	8	12	22
3	0	6	7	15582	20	2	0	2	20
3	0	6	7	15583	20	2	7	9	20
3	0	6	8	15090	40	4	6	10	22
3	0	6	9	15217	40	4	3	7	22
3	0	7	0	16114	20	2	17	19	20
3	0	7	0	16115	20	2	18	20	20
3	0	7	1	13585	40	4	22	26	22
3	0	7	2	15359	40	4	19	23	22
3	0	7	3	14378	40	4	15	19	22
3	0	7	4	14159	40	4	12	16	22
3	0	7	5	14923	40	4	10	14	22
3	0	7	6	14767	40	4	7	11	22
3	0	7	7	15172	40	4	6	10	22
3	0	7	8	15932	20	2	0	2	20
3	0	7	8	15933	20	2	4	6	20
3	0	8	0	14809	40	4	22	26	22
3	0	8	1	15664	20	2	18	20	20
3	0	8	1	15665	20	2	2	4	20
3	0	8	2	16260	20	2	2	4	20
3	0	8	2	16261	20	2	18	20	20
3	0	8	3	14004	40	4	17	21	22
3	0	8	4	15253	40	4	14	18	22
3	0	8	5	13847	40	4	10	14	22
3	0	8	6	14349	40	4	8	12	22
3	0	8	7	14619	40	4	5	9	22
3	0	8	8	13597	40	4	1	5	22
3	0	8	9	14773	40	4	0	4	22
3	0	9	0	14654	40	4	22	26	22
3	0	9	1	16162	20	2	17	19	20
3	0	9	1	16163	20	2	5	7	20
3	0	9	2	15105	40	4	19	23	22
3	0	9	3	14300	40	4	16	20	22
3	0	9	4	13871	40	4	13	17	22
3	0	9	5	15514	40	4	8	12	22
3	0	9	6	15890	20	2	5	7	20
3	0	9	6	15891	20	2	3	5	20
3	0	9	7	13600	40	4	3	7	22
3	0	9	8	14122	40	4	2	6	22
3	0	9	9	14251	40	4	1	5	22
3	0	10	0	15764	20	2	13	15	20
3	0	10	0	15765	20	2	13	15	20
3	0	10	1	15114	40	4	18	22	22
3	0	10	2	13603	40	4	15	19	22
3	0	10	3	16450	20	2	4	6	20
3	0	10	3	16451	20	2	11	13	20
3	0	10	4	14727	40	4	12	16	22
3	0	10	5	14488	40	4	10	14	22
3	0	10	6	14283	40	4	8	12	22
3	0	10	7	14098	40	4	7	11	22
3	0	10	8	15499	40	4	6	10	22
3	0	10	9	15050	40	4	1	5	22
3	0	10	10	14013	40	4	0	4	22
3	1	0	0	15840	20	2	10	12	20
3	1	0	0	15841	20	2	20	22	20
3	1	0	1	13611	40	4	21	25	22
3	1	0	2	14142	40	4	16	20	22
3	1	0	3	15053	40	4	13	17	22
3	1	0	4	14451	40	4	12	16	22
3	1	0	5	14775	40	4	11	15	22
3	1	0	6	15298	40	4	11	15	22
3	1	0	7	15628	20	2	3	5	20
3	1	0	7	15629	20	2	0	2	20
3	1	1	0	15366	40	4	20	24	22
3	1	1	1	15974	20	2	12	14	20
3	1	1	1	15975	20	2	6	8	20
3	1	1	2	16430	20	2	15	17	20
3	1	1	2	16431	20	2	2	4	20
3	1	1	3	14229	40	4	13	17	22
3	1	1	4	14457	40	4	13	17	22
3	1	1	5	13934	40	4	12	16	22
3	1	1	6	14906	40	4	9	13	22
3	1	1	7	15142	40	4	8	12	22
3	1	1	8	14781	40	4	5	9	22
3	1	1	9	13619	40	4	3	7	22
3	1	1	10	13876	40	4	1	5	22
3	1	2	0	16134	20	2	14	16	20
3	1	2	0	16135	20	2	17	19	20
3	1	2	1	13984	40	4	22	26	22
3	1	2	2	14400	40	4	22	26	22
3	1	2	3	14873	40	4	21	25	22
3	1	2	4	15326	40	4	17	21	22
3	1	2	5	13852	40	4	8	12	22
3	1	2	6	15854	20	2	2	4	20
3	1	2	6	15855	20	2	6	8	20
3	1	2	7	13624	40	4	1	5	22
3	1	3	0	16082	20	2	19	21	20
3	1	3	0	16083	20	2	18	20	20
3	1	3	1	14560	40	4	22	26	22
3	1	3	2	14980	40	4	22	26	22
3	1	3	3	15463	40	4	22	26	22
3	1	3	4	13964	40	4	19	23	22
3	1	3	5	13803	40	4	7	11	22
3	1	3	6	14340	40	4	6	10	22
3	1	3	7	13625	40	4	0	4	22
3	1	4	0	13628	40	4	20	24	22
3	1	4	1	15858	20	2	11	13	20
3	1	4	1	15859	20	2	9	11	20
3	1	4	2	15273	40	4	19	23	22
3	1	4	3	14124	40	4	18	22	22
3	1	4	4	14787	40	4	17	21	22
3	1	4	5	14495	40	4	14	18	22
3	1	4	6	16372	20	2	9	11	20
3	1	4	6	16373	20	2	2	4	20
3	1	4	7	15155	40	4	3	7	22
3	1	5	0	15700	20	2	17	19	20
3	1	5	0	15701	20	2	17	19	20
3	1	5	1	14716	40	4	22	26	22
3	1	5	2	13940	40	4	20	24	22
3	1	5	3	15158	40	4	12	16	22
3	1	5	4	13635	40	4	9	13	22
3	1	5	5	14502	40	4	9	13	22
3	1	5	6	15479	40	4	6	10	22
3	1	5	7	14325	40	4	5	9	22
3	1	6	0	15485	40	4	20	24	22
3	1	6	1	16100	20	2	11	13	20
3	1	6	1	16101	20	2	9	11	20
3	1	6	2	14527	40	4	16	20	22
3	1	6	3	13862	40	4	15	19	22
3	1	6	4	14943	40	4	15	19	22
3	1	6	5	14149	40	4	12	16	22
3	1	6	6	15281	40	4	6	10	22
3	1	6	7	13642	40	4	2	6	22
3	1	6	8	14371	40	4	2	6	22
3	1	6	9	14835	40	4	2	6	22
3	1	7	0	15934	20	2	20	22	20
3	1	7	0	15935	20	2	6	8	20
3	1	7	1	15405	40	4	17	21	22
3	1	7	2	14409	40	4	13	17	22
3	1	7	3	13644	40	4	12	16	22
3	1	7	4	14737	40	4	9	13	22
3	1	7	5	14952	40	4	7	11	22
3	1	7	6	14033	40	4	5	9	22
3	1	7	7	14244	40	4	5	9	22
3	1	7	8	15243	40	4	4	8	22
3	1	7	9	15147	40	4	2	6	22
3	1	7	10	14345	40	4	1	5	22
3	1	7	11	13971	40	4	0	4	22
3	1	8	0	16176	20	2	16	18	20
3	1	8	0	16177	20	2	17	19	20
3	1	8	1	15385	40	4	20	24	22
3	1	8	2	13651	40	4	18	22	22
3	1	8	3	14332	40	4	15	19	22
3	1	8	4	14069	40	4	11	15	22
3	1	8	5	14674	40	4	9	13	22
3	1	8	6	15101	40	4	5	9	22
3	1	8	7	15222	40	4	4	8	22
3	1	8	8	14954	40	4	3	7	22
3	1	8	9	16016	20	2	3	5	20
3	1	8	9	16017	20	2	0	2	20
3	1	8	10	14882	40	4	0	4	22
3	1	9	0	15682	20	2	19	21	20
3	1	9	0	15683	20	2	16	18	20
3	1	9	1	14571	40	4	20	24	22
3	1	9	2	14166	40	4	18	22	22
3	1	9	3	13857	40	4	17	21	22
3	1	9	4	15076	40	4	17	21	22
3	1	9	5	15502	40	4	3	7	22
3	1	9	6	13659	40	4	1	5	22
3	1	9	7	14930	40	4	1	5	22
3	1	9	8	15412	40	4	1	5	22
3	1	10	0	13810	40	4	22	26	22
3	1	10	1	15714	20	2	15	17	20
3	1	10	1	15715	20	2	6	8	20
3	1	10	2	16334	20	2	11	13	20
3	1	10	2	16335	20	2	10	12	20
3	1	10	3	14741	40	4	19	23	22
3	1	10	4	15307	40	4	14	18	22
3	1	10	5	14253	40	4	11	15	22
3	1	10	6	14461	40	4	11	15	22
3	1	10	7	15195	40	4	2	6	22
3	1	10	8	13661	40	4	0	4	22
3	1	10	9	15139	40	4	0	4	22
3	2	0	0	16508	20	2	14	16	20
3	2	0	0	16509	20	2	17	19	20
3	2	0	1	15782	20	2	16	18	20
3	2	0	1	15783	20	2	13	15	20
3	2	0	2	13664	40	4	19	23	22
3	2	0	3	15257	40	4	18	22	22
3	2	0	4	14796	40	4	17	21	22
3	2	0	5	14101	40	4	7	11	22
3	2	0	6	14504	40	4	5	9	22
3	2	0	7	14663	40	4	5	9	22
3	2	0	8	14288	40	4	4	8	22
3	2	0	9	15164	40	4	2	6	22
3	2	0	10	14385	40	4	0	4	22
3	2	1	0	14199	40	4	22	26	22
3	2	1	1	16028	20	2	15	17	20
3	2	1	1	16029	20	2	7	9	20
3	2	1	2	13818	40	4	19	23	22
3	2	1	3	14635	40	4	17	21	22
3	2	1	4	14993	40	4	17	21	22
3	2	1	5	15506	40	4	16	20	22
3	2	1	6	15353	40	4	4	8	22
3	2	1	7	13675	40	4	0	4	22
3	2	2	0	15950	20	2	9	11	20
3	2	2	0	15951	20	2	17	19	20
3	2	2	1	15334	40	4	21	25	22
3	2	2	2	14413	40	4	20	24	22
3	2	2	3	13677	40	4	19	23	22
3	2	2	4	14106	40	4	16	20	22
3	2	2	5	15002	40	4	16	20	22
3	2	2	6	14837	40	4	3	7	22
3	2	3	0	14578	40	4	22	26	22
3	2	3	1	15439	40	4	19	23	22
3	2	3	2	13895	40	4	16	20	22
3	2	3	3	16020	20	2	9	11	20
3	2	3	3	16021	20	2	7	9	20
3	2	3	4	16440	20	2	0	2	20
3	2	3	4	16441	20	2	13	15	20
3	2	3	5	15179	40	4	9	13	22
3	2	3	6	14259	40	4	8	12	22
3	2	3	7	15011	40	4	8	12	22
3	2	3	8	13685	40	4	6	10	22
3	2	3	9	14388	40	4	2	6	22
3	2	4	0	16040	20	2	20	22	20
3	2	4	0	16041	20	2	18	20	20
3	2	4	1	15416	40	4	21	25	22
3	2	4	2	14508	40	4	18	22	22
3	2	4	3	13910	40	4	15	19	22
3	2	4	4	14264	40	4	12	16	22
3	2	4	5	15150	40	4	10	14	22
3	2	4	6	14932	40	4	8	12	22
3	2	4	7	13688	40	4	7	11	22
3	2	4	8	14842	40	4	0	4	22
3	2	5	0	15474	40	4	14	18	22
3	2	5	1	13693	40	4	12	16	22
3	2	5	2	14154	40	4	12	16	22
3	2	5	3	14624	40	4	12	16	22
3	2	5	4	15920	20	2	7	9	20
3	2	5	4	15921	20	2	5	7	20
3	2	5	5	16272	20	2	3	5	20
3	2	5	5	16273	20	2	9	11	20
3	2	5	6	14844	40	4	9	13	22
3	2	5	7	15198	40	4	9	13	22
3	2	5	8	14374	40	4	7	11	22
3	2	5	9	13975	40	4	5	9	22
3	2	5	10	15122	40	4	2	6	22
3	2	6	0	15984	20	2	15	17	20
3	2	6	0	15985	20	2	19	21	20
3	2	6	1	15201	40	4	22	26	22
3	2	6	2	14588	40	4	21	25	22
3	2	6	3	14212	40	4	17	21	22
3	2	6	4	13698	40	4	10	14	22
3	2	6	5	14958	40	4	10	14	22
3	2	6	6	13950	40	4	9	13	22
3	2	6	7	15798	20	2	2	4	20
3	2	6	7	15799	20	2	1	3	20
3	2	7	0	15898	20	2	14	16	20
3	2	7	0	15899	20	2	12	14	20
3	2	7	1	16524	20	2	15	17	20
3	2	7	1	16525	20	2	9	11	20
3	2	7	2	14431	40	4	20	24	22
3	2	7	3	14851	40	4	19	23	22
3	2	7	4	13705	40	4	16	20	22
3	2	7	5	14037	40	4	16	20	22
3	2	7	6	15446	40	4	13	17	22
3	2	7	7	15264	40	4	4	8	22
3	2	7	8	14355	40	4	0	4	22
3	2	8	0	16458	20	2	19	21	20
3	2	8	0	16459	20	2	12	14	20
3	2	8	1	14467	40	4	20	24	22
3	2	8	2	13825	40	4	18	22	22
3	2	8	3	15531	40	4	15	19	22
3	2	8	4	16062	20	2	2	4	20
3	2	8	4	16063	20	2	13	15	20
3	2	8	5	15126	40	4	8	12	22
3	2	8	6	15343	40	4	7	11	22
3	2	8	7	14173	40	4	6	10	22
3	2	8	8	14312	40	4	5	9	22
3	2	8	9	14885	40	4	3	7	22
3	2	8	10	15060	40	4	2	6	22
3	2	8	11	13712	40	4	0	4	22
3	2	9	0	15870	20	2	11	13	20
3	2	9	0	15871	20	2	8	10	20
3	2	9	1	13715	40	4	17	21	22
3	2	9	2	14965	40	4	14	18	22
3	2	9	3	15454	40	4	12	16	22
3	2	9	4	14276	40	4	10	14	22
3	2	9	5	14049	40	4	8	12	22
3	2	9	6	16366	20	2	4	6	20
3	2	9	6	16367	20	2	4	6	20
3	2	9	7	14533	40	4	7	11	22
3	2	9	8	14701	40	4	4	8	22
3	2	9	9	15270	40	4	4	8	22
3	2	9	10	14819	40	4	3	7	22
3	2	10	0	16234	20	2	10	12	20
3	2	10	0	16235	20	2	19	21	20
3	2	10	1	14443	40	4	16	20	22
3	2	10	2	15083	40	4	15	19	22
3	2	10	3	15800	20	2	3	5	20
3	2	10	3	15801	20	2	11	13	20
3	2	10	4	15374	40	4	13	17	22
3	2	10	5	14271	40	4	10	14	22
3	2	10	6	14804	40	4	9	13	22
3	2	10	7	14042	40	4	6	10	22
3	2	10	8	13916	40	4	5	9	22
3	2	10	9	13833	40	4	3	7	22
3	2	10	10	13723	40	4	0	4	22
3	3	0	0	14220	40	4	21	25	22
3	3	0	1	15016	40	4	19	23	22
3	3	0	2	15634	20	2	13	15	20
3	3	0	2	15635	20	2	3	5	20
3	3	0	3	16194	20	2	1	3	20
3	3	0	3	16195	20	2	15	17	20
3	3	0	4	14681	40	4	14	18	22
3	3	0	5	13904	40	4	13	17	22
3	3	0	6	15395	40	4	7	11	22
3	3	0	7	13726	40	4	6	10	22
3	3	0	8	14630	40	4	0	4	22
3	3	1	0	16068	20	2	8	10	20
3	3	1	0	16069	20	2	17	19	20
3	3	1	1	14235	40	4	20	24	22
3	3	1	2	14705	40	4	16	20	22
3	3	1	3	15094	40	4	15	19	22
3	3	1	4	15590	20	2	2	4	20
3	3	1	4	15591	20	2	12	14	20
3	3	1	5	13979	40	4	8	12	22
3	3	1	6	15401	40	4	6	10	22
3	3	1	7	13733	40	4	5	9	22
3	3	1	8	13886	40	4	3	7	22
3	3	1	9	14633	40	4	2	6	22
3	3	2	0	16204	20	2	14	16	20
3	3	2	0	16205	20	2	16	18	20
3	3	2	1	14596	40	4	19	23	22
3	3	2	2	14913	40	4	18	22	22
3	3	2	3	15812	20	2	2	4	20
3	3	2	3	15813	20	2	10	12	20
3	3	2	4	13920	40	4	11	15	22
3	3	2	5	14177	40	4	10	14	22
3	3	2	6	15458	40	4	10	14	22
3	3	2	7	13735	40	4	7	11	22
3	3	2	8	14358	40	4	4	8	22
3	3	2	9	15312	40	4	2	6	22
3	3	3	0	14054	40	4	22	26	22
3	3	3	1	16220	20	2	18	20	20
3	3	3	1	16221	20	2	4	6	20
3	3	3	2	15520	40	4	21	25	22
3	3	3	3	14973	40	4	19	23	22
3	3	3	4	13838	40	4	13	17	22
3	3	3	5	14538	40	4	9	13	22
3	3	3	6	14749	40	4	9	13	22
3	3	3	7	15382	40	4	4	8	22
3	3	3	8	13742	40	4	0	4	22
3	3	4	0	15818	20	2	20	22	20
3	3	4	0	15819	20	2	15	17	20
3	3	4	1	14073	40	4	19	23	22
3	3	4	2	13745	40	4	18	22	22
3	3	4	3	14822	40	4	16	20	22
3	3	4	4	14603	40	4	12	16	22
3	3	4	5	15315	40	4	7	11	22
3	3	4	6	15527	40	4	5	9	22
3	3	4	7	15184	40	4	3	7	22
3	3	4	8	14476	40	4	1	5	22
3	3	5	0	13755	40	4	22	26	22
3	3	5	1	14185	40	4	21	25	22
3	3	5	2	14610	40	4	21	25	22
3	3	5	3	15738	20	2	1	3	20
3	3	5	3	15739	20	2	19	21	20
3	3	5	4	15287	40	4	16	20	22
3	3	5	5	15063	40	4	12	16	22
3	3	5	6	16348	20	2	6	8	20
3	3	5	6	16349	20	2	3	5	20
3	3	6	0	16476	20	2	19	21	20
3	3	6	0	16477	20	2	7	9	20
3	3	6	1	15023	40	4	20	24	22
3	3	6	2	16002	20	2	10	12	20
3	3	6	2	16003	20	2	9	11	20
3	3	6	3	14063	40	4	17	21	22
3	3	6	4	14391	40	4	16	20	22
3	3	6	5	13768	40	4	10	14	22
3	3	6	6	15562	20	2	3	5	20
3	3	6	6	15563	20	2	7	9	20
3	3	6	7	14830	40	4	4	8	22
3	3	6	8	15422	40	4	4	8	22
3	3	6	9	13955	40	4	3	7	22
3	3	6	10	14786	40	4	0	4	22
3	3	7	0	16152	20	2	6	8	20
3	3	7	0	16153	20	2	20	22	20
3	3	7	1	14083	40	4	21	25	22
3	3	7	2	14542	40	4	21	25	22
3	3	7	3	13773	40	4	18	22	22
3	3	7	4	15600	20	2	6	8	20
3	3	7	4	15601	20	2	10	12	20
3	3	7	5	15295	40	4	11	15	22
3	3	7	6	14939	40	4	9	13	22
3	3	7	7	15168	40	4	3	7	22
3	3	8	0	15610	20	2	13	15	20
3	3	8	0	15611	20	2	19	21	20
3	3	8	1	14291	40	4	22	26	22
3	3	8	2	13780	40	4	16	20	22
3	3	8	3	15130	40	4	12	16	22
3	3	8	4	14046	40	4	10	14	22
3	3	8	5	14754	40	4	10	14	22
3	3	8	6	16488	20	2	3	5	20
3	3	8	6	16489	20	2	6	8	20
3	3	8	7	15426	40	4	5	9	22
3	3	8	8	15032	40	4	4	8	22
3	3	9	0	14860	40	4	21	25	22
3	3	9	1	15748	20	2	1	3	20
3	3	9	1	15749	20	2	20	22	20
3	3	9	2	16356	20	2	14	16	20
3	3	9	2	16357	20	2	4	6	20
3	3	9	3	14112	40	4	16	20	22
3	3	9	4	15319	40	4	15	19	22
3	3	9	5	14422	40	4	11	15	22
3	3	9	6	13788	40	4	10	14	22
3	3	9	7	14714	40	4	6	10	22
3	3	9	8	13959	40	4	5	9	22
3	3	10	0	16298	20	2	20	22	20
3	3	10	0	16299	20	2	20	22	20
3	3	10	1	13994	40	4	22	26	22
3	3	10	2	15225	40	4	22	26	22
3	3	10	3	15884	20	2	6	8	20
3	3	10	3	15885	20	2	10	12	20
3	3	10	4	13793	40	4	13	17	22
3	3	10	5	14668	40	4	11	15	22
3	3	10	6	15071	40	4	9	13	22
3	3	10	7	14428	40	4	8	12	22
3	3	10	8	14902	40	4	2	6	22
4	0	0	0	16146	20	2	16	18	20
4	0	0	0	16147	20	2	18	20	20
4	0	0	1	15630	20	2	5	7	20
4	0	0	1	15631	20	2	14	16	20
4	0	0	2	14164	40	4	18	22	22
4	0	0	3	15244	40	4	16	20	22
4	0	0	4	14816	40	4	15	19	22
4	0	0	5	14541	40	4	13	17	22
4	0	0	6	13861	40	4	5	9	22
4	0	0	7	13998	40	4	5	9	22
4	0	0	8	13542	40	4	4	8	22
4	0	0	9	15186	40	4	0	4	22
4	0	1	0	16420	20	2	14	16	20
4	0	1	0	16421	20	2	19	21	20
4	0	1	1	15642	20	2	14	16	20
4	0	1	1	15643	20	2	15	17	20
4	0	1	2	14321	40	4	17	21	22
4	0	1	3	13878	40	4	13	17	22
4	0	1	4	15062	40	4	11	15	22
4	0	1	5	14869	40	4	7	11	22
4	0	1	6	14719	40	4	6	10	22
4	0	1	7	13546	40	4	5	9	22
4	0	1	8	14254	40	4	3	7	22
4	0	1	9	15339	40	4	3	7	22
4	0	1	10	15468	40	4	3	7	22
4	0	1	11	14171	40	4	0	4	22
4	0	2	0	13550	40	4	22	26	22
4	0	2	1	14489	40	4	22	26	22
4	0	2	2	15229	40	4	22	26	22
4	0	2	3	16452	20	2	18	20	20
4	0	2	3	16453	20	2	0	2	20
4	0	2	4	14172	40	4	16	20	22
4	0	2	5	16102	20	2	3	5	20
4	0	2	5	16103	20	2	9	11	20
4	0	2	6	14968	40	4	11	15	22
4	0	2	7	15774	20	2	10	12	20
4	0	2	7	15775	20	2	0	2	20
4	0	3	0	16466	20	2	17	19	20
4	0	3	0	16467	20	2	10	12	20
4	0	3	1	15848	20	2	20	22	20
4	0	3	1	15849	20	2	4	6	20
4	0	3	2	13935	40	4	22	26	22
4	0	3	3	15006	40	4	20	24	22
4	0	3	4	14614	40	4	18	22	22
4	0	3	5	15452	40	4	12	16	22
4	0	3	6	13560	40	4	10	14	22
4	0	3	7	14386	40	4	10	14	22
4	0	4	0	15904	20	2	13	15	20
4	0	4	0	15905	20	2	20	22	20
4	0	4	1	14875	40	4	20	24	22
4	0	4	2	14363	40	4	18	22	22
4	0	4	3	15379	40	4	16	20	22
4	0	4	4	13912	40	4	14	18	22
4	0	4	5	13565	40	4	9	13	22
4	0	4	6	14266	40	4	4	8	22
4	0	4	7	14760	40	4	3	7	22
4	0	4	8	15303	40	4	1	5	22
4	0	5	0	16482	20	2	16	18	20
4	0	5	0	16483	20	2	18	20	20
4	0	5	1	15860	20	2	16	18	20
4	0	5	1	15861	20	2	8	10	20
4	0	5	2	15308	40	4	20	24	22
4	0	5	3	14598	40	4	19	23	22
4	0	5	4	13571	40	4	16	20	22
4	0	5	5	14048	40	4	13	17	22
4	0	5	6	15015	40	4	12	16	22
4	0	5	7	14437	40	4	6	10	22
4	0	5	8	14331	40	4	2	6	22
4	0	6	0	14975	40	4	22	26	22
4	0	6	1	13579	40	4	18	22	22
4	0	6	2	15425	40	4	18	22	22
4	0	6	3	14286	40	4	16	20	22
4	0	6	4	16118	20	2	13	15	20
4	0	6	4	16119	20	2	1	3	20
4	0	6	5	14621	40	4	11	15	22
4	0	6	6	14065	40	4	8	12	22
4	0	6	7	15966	20	2	4	6	20
4	0	6	7	15967	20	2	1	3	20
4	0	6	8	14899	40	4	0	4	22
4	0	7	0	15788	20	2	20	22	20
4	0	7	0	15789	20	2	20	22	20
4	0	7	1	15258	40	4	19	23	22
4	0	7	2	13587	40	4	12	16	22
4	0	7	3	13952	40	4	11	15	22
4	0	7	4	14269	40	4	10	14	22
4	0	7	5	14769	40	4	10	14	22
4	0	7	6	15020	40	4	10	14	22
4	0	7	7	14562	40	4	8	12	22
4	0	7	8	14464	40	4	1	5	22
4	0	8	0	16242	20	2	11	13	20
4	0	8	0	16243	20	2	18	20	20
4	0	8	1	15540	20	2	18	20	20
4	0	8	1	15541	20	2	8	10	20
4	0	8	2	14627	40	4	22	26	22
4	0	8	3	15095	40	4	21	25	22
4	0	8	4	13848	40	4	18	22	22
4	0	8	5	14231	40	4	13	17	22
4	0	8	6	14499	40	4	4	8	22
4	0	8	7	13594	40	4	3	7	22
4	0	9	0	14058	40	4	22	26	22
4	0	9	1	14652	40	4	22	26	22
4	0	9	2	16368	20	2	8	10	20
4	0	9	2	16369	20	2	14	16	20
4	0	9	3	13598	40	4	17	21	22
4	0	9	4	15507	40	4	16	20	22
4	0	9	5	15129	40	4	12	16	22
4	0	9	6	16006	20	2	1	3	20
4	0	9	6	16007	20	2	11	13	20
4	0	9	7	14520	40	4	5	9	22
4	0	9	8	15403	40	4	1	5	22
4	0	10	0	16502	20	2	20	22	20
4	0	10	0	16503	20	2	17	19	20
4	0	10	1	15938	20	2	8	10	20
4	0	10	1	15939	20	2	13	15	20
4	0	10	2	14341	40	4	19	23	22
4	0	10	3	14764	40	4	14	18	22
4	0	10	4	15473	40	4	14	18	22
4	0	10	5	13606	40	4	12	16	22
4	0	10	6	14119	40	4	10	14	22
4	0	10	7	15210	40	4	7	11	22
4	0	10	8	13958	40	4	4	8	22
4	0	10	9	15068	40	4	3	7	22
4	0	10	10	15388	40	4	0	4	22
4	1	0	0	14661	40	4	21	25	22
4	1	0	1	16128	20	2	13	15	20
4	1	0	1	16129	20	2	8	10	20
4	1	0	2	14126	40	4	17	21	22
4	1	0	3	13614	40	4	10	14	22
4	1	0	4	15390	40	4	10	14	22
4	1	0	5	15692	20	2	1	3	20
4	1	0	5	15693	20	2	6	8	20
4	1	0	6	13944	40	4	6	10	22
4	1	0	7	15113	40	4	5	9	22
4	1	0	8	15978	20	2	0	2	20
4	1	0	8	15979	20	2	4	6	20
4	1	0	9	14468	40	4	3	7	22
4	1	0	10	15268	40	4	3	7	22
4	1	0	11	14575	40	4	0	4	22
4	1	1	0	16274	20	2	16	18	20
4	1	1	0	16275	20	2	6	8	20
4	1	1	1	14696	40	4	21	25	22
4	1	1	2	14019	40	4	18	22	22
4	1	1	3	15136	40	4	18	22	22
4	1	1	4	13617	40	4	14	18	22
4	1	1	5	15518	40	4	14	18	22
4	1	1	6	15982	20	2	10	12	20
4	1	1	6	15983	20	2	0	2	20
4	1	1	7	14394	40	4	9	13	22
4	1	1	8	14604	40	4	0	4	22
4	1	2	0	16396	20	2	15	17	20
4	1	2	0	16397	20	2	18	20	20
4	1	2	1	15614	20	2	11	13	20
4	1	2	1	15615	20	2	18	20	20
4	1	2	2	14372	40	4	20	24	22
4	1	2	3	13626	40	4	19	23	22
4	1	2	4	14782	40	4	19	23	22
4	1	2	5	15216	40	4	17	21	22
4	1	2	6	14085	40	4	12	16	22
4	1	3	0	13962	40	4	22	26	22
4	1	3	1	15838	20	2	14	16	20
4	1	3	1	15839	20	2	7	9	20
4	1	3	2	14734	40	4	19	23	22
4	1	3	3	14426	40	4	13	17	22
4	1	3	4	16382	20	2	4	6	20
4	1	3	4	16383	20	2	9	11	20
4	1	3	5	15406	40	4	12	16	22
4	1	3	6	15144	40	4	6	10	22
4	1	3	7	13634	40	4	4	8	22
4	1	3	8	13867	40	4	4	8	22
4	1	3	9	15316	40	4	2	6	22
4	1	4	0	16066	20	2	3	5	20
4	1	4	0	16067	20	2	18	20	20
4	1	4	1	13640	40	4	18	22	22
4	1	4	2	15523	40	4	17	21	22
4	1	4	3	14071	40	4	14	18	22
4	1	4	4	14838	40	4	13	17	22
4	1	4	5	15156	40	4	10	14	22
4	1	4	6	14650	40	4	7	11	22
4	1	4	7	14471	40	4	6	10	22
4	1	4	8	15396	40	4	3	7	22
4	1	4	9	14401	40	4	1	5	22
4	1	5	0	15658	20	2	9	11	20
4	1	5	0	15659	20	2	9	11	20
4	1	5	1	14302	40	4	17	21	22
4	1	5	2	16180	20	2	0	2	20
4	1	5	2	16181	20	2	16	18	20
4	1	5	3	15276	40	4	15	19	22
4	1	5	4	14673	40	4	9	13	22
4	1	5	5	13648	40	4	8	12	22
4	1	5	6	15072	40	4	8	12	22
4	1	5	7	14180	40	4	5	9	22
4	1	5	8	14026	40	4	4	8	22
4	1	5	9	13905	40	4	2	6	22
4	1	5	10	14900	40	4	2	6	22
4	1	5	11	15003	40	4	0	4	22
4	1	6	0	14576	40	4	22	26	22
4	1	6	1	14200	40	4	21	25	22
4	1	6	2	15282	40	4	21	25	22
4	1	6	3	16048	20	2	11	13	20
4	1	6	3	16049	20	2	6	8	20
4	1	6	4	13882	40	4	14	18	22
4	1	6	5	15037	40	4	9	13	22
4	1	6	6	13652	40	4	5	9	22
4	1	6	7	15874	20	2	0	2	20
4	1	6	7	15875	20	2	4	6	20
4	1	7	0	16188	20	2	19	21	20
4	1	7	0	16189	20	2	14	16	20
4	1	7	1	14703	40	4	20	24	22
4	1	7	2	13869	40	4	17	21	22
4	1	7	3	15116	40	4	15	19	22
4	1	7	4	14237	40	4	14	18	22
4	1	7	5	15457	40	4	13	17	22
4	1	7	6	15918	20	2	0	2	20
4	1	7	6	15919	20	2	11	13	20
4	1	7	7	14523	40	4	6	10	22
4	1	7	8	13654	40	4	4	8	22
4	1	8	0	15806	20	2	19	21	20
4	1	8	0	15807	20	2	5	7	20
4	1	8	1	14474	40	4	22	26	22
4	1	8	2	14922	40	4	20	24	22
4	1	8	3	15349	40	4	14	18	22
4	1	8	4	13658	40	4	12	16	22
4	1	8	5	14077	40	4	12	16	22
4	1	8	6	16434	20	2	0	2	20
4	1	8	6	16435	20	2	9	11	20
4	1	8	7	14351	40	4	3	7	22
4	1	8	8	13973	40	4	2	6	22
4	1	9	0	16168	20	2	17	19	20
4	1	9	0	16169	20	2	5	7	20
4	1	9	1	14584	40	4	21	25	22
4	1	9	2	13820	40	4	19	23	22
4	1	9	3	15026	40	4	19	23	22
4	1	9	4	15462	40	4	15	19	22
4	1	9	5	14213	40	4	10	14	22
4	1	9	6	15948	20	2	3	5	20
4	1	9	6	15949	20	2	5	7	20
4	1	9	7	14414	40	4	7	11	22
4	1	9	8	13667	40	4	0	4	22
4	1	10	0	16290	20	2	15	17	20
4	1	10	0	16291	20	2	13	15	20
4	1	10	1	14294	40	4	20	24	22
4	1	10	2	15750	20	2	8	10	20
4	1	10	2	15751	20	2	12	14	20
4	1	10	3	15045	40	4	19	23	22
4	1	10	4	13906	40	4	9	13	22
4	1	10	5	13669	40	4	8	12	22
4	1	10	6	14723	40	4	7	11	22
4	1	10	7	15478	40	4	7	11	22
4	1	10	8	14157	40	4	5	9	22
4	1	10	9	14903	40	4	1	5	22
4	1	10	10	14996	40	4	0	4	22
4	2	0	0	15696	20	2	15	17	20
4	2	0	0	15697	20	2	20	22	20
4	2	0	1	15192	40	4	22	26	22
4	2	0	2	14403	40	4	21	25	22
4	2	0	3	13977	40	4	20	24	22
4	2	0	4	13674	40	4	12	16	22
4	2	0	5	14986	40	4	8	12	22
4	2	0	6	14823	40	4	4	8	22
4	2	1	0	16014	20	2	20	22	20
4	2	1	0	16015	20	2	14	16	20
4	2	1	1	15410	40	4	21	25	22
4	2	1	2	13681	40	4	19	23	22
4	2	1	3	14089	40	4	18	22	22
4	2	1	4	14483	40	4	15	19	22
4	2	1	5	14811	40	4	12	16	22
4	2	1	6	15237	40	4	7	11	22
4	2	1	7	15104	40	4	3	7	22
4	2	2	0	16086	20	2	11	13	20
4	2	2	0	16087	20	2	19	21	20
4	2	2	1	14912	40	4	22	26	22
4	2	2	2	13690	40	4	20	24	22
4	2	2	3	14440	40	4	16	20	22
4	2	2	4	15580	20	2	8	10	20
4	2	2	4	15581	20	2	8	10	20
4	2	2	5	14218	40	4	11	15	22
4	2	2	6	15375	40	4	6	10	22
4	2	2	7	14790	40	4	3	7	22
4	2	2	8	14135	40	4	0	4	22
4	2	3	0	16034	20	2	14	16	20
4	2	3	0	16035	20	2	15	17	20
4	2	3	1	14275	40	4	21	25	22
4	2	3	2	13855	40	4	20	24	22
4	2	3	3	14884	40	4	14	18	22
4	2	3	4	15554	20	2	10	12	20
4	2	3	4	15555	20	2	4	6	20
4	2	3	5	14679	40	4	8	12	22
4	2	3	6	15356	40	4	6	10	22
4	2	3	7	15226	40	4	5	9	22
4	2	3	8	13697	40	4	3	7	22
4	2	4	0	16206	20	2	19	21	20
4	2	4	0	16207	20	2	20	22	20
4	2	4	1	15202	40	4	21	25	22
4	2	4	2	15666	20	2	15	17	20
4	2	4	2	15667	20	2	3	5	20
4	2	4	3	14186	40	4	17	21	22
4	2	4	4	14529	40	4	16	20	22
4	2	4	5	13701	40	4	10	14	22
4	2	4	6	14848	40	4	10	14	22
4	2	4	7	13948	40	4	4	8	22
4	2	4	8	14082	40	4	0	4	22
4	2	4	9	15123	40	4	0	4	22
4	2	5	0	16226	20	2	14	16	20
4	2	5	0	16227	20	2	9	11	20
4	2	5	1	14333	40	4	19	23	22
4	2	5	2	15293	40	4	18	22	22
4	2	5	3	14743	40	4	17	21	22
4	2	5	4	14002	40	4	16	20	22
4	2	5	5	15824	20	2	5	7	20
4	2	5	5	15825	20	2	10	12	20
4	2	5	6	13707	40	4	13	17	22
4	2	5	7	15127	40	4	6	10	22
4	2	6	0	15878	20	2	6	8	20
4	2	6	0	15879	20	2	17	19	20
4	2	6	1	14891	40	4	21	25	22
4	2	6	2	13835	40	4	19	23	22
4	2	6	3	15331	40	4	19	23	22
4	2	6	4	14311	40	4	17	21	22
4	2	6	5	14685	40	4	8	12	22
4	2	6	6	16464	20	2	6	8	20
4	2	6	6	16465	20	2	0	2	20
4	2	6	7	13713	40	4	2	6	22
4	2	6	8	14245	40	4	2	6	22
4	2	7	0	16518	20	2	18	20	20
4	2	7	0	16519	20	2	10	12	20
4	2	7	1	14041	40	4	21	25	22
4	2	7	2	15318	40	4	17	21	22
4	2	7	3	13716	40	4	15	19	22
4	2	7	4	16078	20	2	12	14	20
4	2	7	4	16079	20	2	3	5	20
4	2	7	5	14454	40	4	12	16	22
4	2	7	6	14935	40	4	8	12	22
4	2	7	7	15832	20	2	6	8	20
4	2	7	7	15833	20	2	2	4	20
4	2	7	8	14751	40	4	7	11	22
4	2	7	9	15163	40	4	5	9	22
4	2	8	0	15712	20	2	4	6	20
4	2	8	0	15713	20	2	18	20	20
4	2	8	1	13725	40	4	19	23	22
4	2	8	2	14096	40	4	15	19	22
4	2	8	3	14568	40	4	15	19	22
4	2	8	4	16320	20	2	4	6	20
4	2	8	4	16321	20	2	10	12	20
4	2	8	5	15363	40	4	12	16	22
4	2	8	6	15106	40	4	11	15	22
4	2	8	7	14907	40	4	7	11	22
4	2	8	8	14433	40	4	4	8	22
4	2	9	0	15566	20	2	14	16	20
4	2	9	0	15567	20	2	15	17	20
4	2	9	1	15077	40	4	22	26	22
4	2	9	2	14503	40	4	17	21	22
4	2	9	3	16330	20	2	10	12	20
4	2	9	3	16331	20	2	5	7	20
4	2	9	4	14247	40	4	13	17	22
4	2	9	5	13736	40	4	9	13	22
4	2	9	6	13917	40	4	8	12	22
4	2	9	7	14854	40	4	8	12	22
4	2	9	8	14161	40	4	0	4	22
4	2	10	0	15340	40	4	21	25	22
4	2	10	1	15954	20	2	17	19	20
4	2	10	1	15955	20	2	4	6	20
4	2	10	2	14639	40	4	20	24	22
4	2	10	3	13987	40	4	19	23	22
4	2	10	4	15055	40	4	12	16	22
4	2	10	5	14379	40	4	11	15	22
4	2	10	6	16532	20	2	3	5	20
4	2	10	6	16533	20	2	3	5	20
4	2	10	7	13746	40	4	5	9	22
4	2	10	8	13891	40	4	3	7	22
4	3	0	0	16340	20	2	14	16	20
4	3	0	0	16341	20	2	12	14	20
4	3	0	1	15532	40	4	13	17	22
4	3	0	2	15968	20	2	5	7	20
4	3	0	2	15969	20	2	8	10	20
4	3	0	3	14352	40	4	11	15	22
4	3	0	4	15033	40	4	11	15	22
4	3	0	5	13899	40	4	10	14	22
4	3	0	6	14137	40	4	10	14	22
4	3	0	7	14715	40	4	10	14	22
4	3	0	8	15325	40	4	8	12	22
4	3	0	9	13749	40	4	6	10	22
4	3	0	10	14940	40	4	2	6	22
4	3	0	11	14607	40	4	0	4	22
4	3	1	0	16308	20	2	8	10	20
4	3	1	0	16309	20	2	18	20	20
4	3	1	1	14103	40	4	21	25	22
4	3	1	2	15760	20	2	15	17	20
4	3	1	2	15761	20	2	5	7	20
4	3	1	3	14794	40	4	17	21	22
4	3	1	4	13827	40	4	15	19	22
4	3	1	5	15367	40	4	13	17	22
4	3	1	6	15188	40	4	7	11	22
4	3	1	7	14608	40	4	6	10	22
4	3	1	8	14547	40	4	1	5	22
4	3	1	9	13753	40	4	0	4	22
4	3	2	0	15988	20	2	15	17	20
4	3	2	0	15989	20	2	17	19	20
4	3	2	1	15434	40	4	19	23	22
4	3	2	2	14224	40	4	17	21	22
4	3	2	3	13757	40	4	16	20	22
4	3	2	4	15166	40	4	12	16	22
4	3	2	5	14942	40	4	8	12	22
4	3	2	6	14559	40	4	7	11	22
4	3	2	7	14756	40	4	7	11	22
4	3	2	8	14055	40	4	4	8	22
4	3	3	0	14257	40	4	18	22	22
4	3	3	1	14858	40	4	16	20	22
4	3	3	2	13765	40	4	14	18	22
4	3	3	3	15486	40	4	13	17	22
4	3	3	4	15922	20	2	13	15	20
4	3	3	4	15923	20	2	0	2	20
4	3	3	5	16256	20	2	2	4	20
4	3	3	5	16257	20	2	11	13	20
4	3	3	6	14592	40	4	11	15	22
4	3	3	7	14028	40	4	8	12	22
4	3	3	8	15301	40	4	6	10	22
4	3	3	9	15242	40	4	0	4	22
4	3	4	0	15490	40	4	22	26	22
4	3	4	1	16442	20	2	14	16	20
4	3	4	1	16443	20	2	8	10	20
4	3	4	2	14947	40	4	20	24	22
4	3	4	3	13772	40	4	19	23	22
4	3	4	4	14113	40	4	13	17	22
4	3	4	5	14410	40	4	12	16	22
4	3	4	6	14690	40	4	11	15	22
4	3	4	7	16110	20	2	2	4	20
4	3	4	7	16111	20	2	9	11	20
4	3	4	8	15373	40	4	2	6	22
4	3	5	0	15596	20	2	15	17	20
4	3	5	0	15597	20	2	15	17	20
4	3	5	1	14955	40	4	22	26	22
4	3	5	2	14034	40	4	21	25	22
4	3	5	3	13781	40	4	14	18	22
4	3	5	4	14449	40	4	11	15	22
4	3	5	5	14728	40	4	9	13	22
4	3	5	6	16410	20	2	8	10	20
4	3	5	6	16411	20	2	1	3	20
4	3	5	7	15399	40	4	5	9	22
4	3	6	0	15680	20	2	16	18	20
4	3	6	0	15681	20	2	5	7	20
4	3	6	1	14143	40	4	16	20	22
4	3	6	2	14801	40	4	16	20	22
4	3	6	3	15175	40	4	16	20	22
4	3	6	4	14459	40	4	15	19	22
4	3	6	5	16266	20	2	12	14	20
4	3	6	5	16267	20	2	1	3	20
4	3	6	6	13922	40	4	7	11	22
4	3	6	7	13787	40	4	5	9	22
4	3	6	8	15515	40	4	3	7	22
4	3	6	9	13897	40	4	0	4	22
4	3	7	0	13927	40	4	21	25	22
4	3	7	1	14549	40	4	21	25	22
4	3	7	2	15443	40	4	21	25	22
4	3	7	3	16388	20	2	14	16	20
4	3	7	3	16389	20	2	0	2	20
4	3	7	4	14988	40	4	13	17	22
4	3	7	5	16056	20	2	9	11	20
4	3	7	5	16057	20	2	2	4	20
4	3	7	6	13790	40	4	9	13	22
4	3	7	7	14359	40	4	6	10	22
4	3	7	8	15271	40	4	5	9	22
4	3	8	0	15722	20	2	20	22	20
4	3	8	0	15723	20	2	13	15	20
4	3	8	1	14008	40	4	20	24	22
4	3	8	2	14418	40	4	17	21	22
4	3	8	3	15151	40	4	12	16	22
4	3	8	4	15417	40	4	9	13	22
4	3	8	5	14776	40	4	8	12	22
4	3	8	6	13844	40	4	7	11	22
4	3	8	7	14998	40	4	4	8	22
4	3	8	8	13797	40	4	2	6	22
4	3	9	0	13799	40	4	20	24	22
4	3	9	1	14150	40	4	19	23	22
4	3	9	2	14827	40	4	19	23	22
4	3	9	3	15252	40	4	19	23	22
4	3	9	4	15742	20	2	6	8	20
4	3	9	4	15743	20	2	9	11	20
4	3	9	5	14534	40	4	14	18	22
4	3	9	6	16142	20	2	12	14	20
4	3	9	6	16143	20	2	2	4	20
4	3	10	0	13811	40	4	22	26	22
4	3	10	1	14511	40	4	20	24	22
4	3	10	2	16358	20	2	15	17	20
4	3	10	2	16359	20	2	4	6	20
4	3	10	3	15088	40	4	18	22	22
4	3	10	4	15892	20	2	1	3	20
4	3	10	4	15893	20	2	17	19	20
4	3	10	5	14191	40	4	16	20	22
4	3	10	6	15500	40	4	11	15	22
4	3	10	7	14920	40	4	5	9	22
5	0	0	0	15928	20	2	19	21	20
5	0	0	0	15929	20	2	10	12	20
5	0	0	1	15250	40	4	22	26	22
5	0	0	2	14094	40	4	21	25	22
5	0	0	3	13543	40	4	20	24	22
5	0	0	4	14544	40	4	20	24	22
5	0	0	5	15082	40	4	6	10	22
5	0	0	6	14966	40	4	4	8	22
5	0	1	0	16164	20	2	14	16	20
5	0	1	0	16165	20	2	9	11	20
5	0	1	1	15537	40	4	20	24	22
5	0	1	2	15124	40	4	18	22	22
5	0	1	3	13939	40	4	16	20	22
5	0	1	4	14700	40	4	15	19	22
5	0	1	5	14279	40	4	10	14	22
5	0	1	6	13786	40	4	6	10	22
5	0	1	7	14512	40	4	6	10	22
5	0	1	8	15010	40	4	2	6	22
5	0	1	9	13551	40	4	0	4	22
5	0	2	0	15990	20	2	20	22	20
5	0	2	0	15991	20	2	19	21	20
5	0	2	1	15345	40	4	20	24	22
5	0	2	2	14680	40	4	18	22	22
5	0	2	3	13924	40	4	15	19	22
5	0	2	4	15039	40	4	12	16	22
5	0	2	5	13553	40	4	9	13	22
5	0	2	6	14350	40	4	8	12	22
5	0	2	7	14258	40	4	3	7	22
5	0	2	8	14561	40	4	2	6	22
5	0	3	0	15550	20	2	17	19	20
5	0	3	0	15551	20	2	11	13	20
5	0	3	1	15169	40	4	17	21	22
5	0	3	2	14167	40	4	16	20	22
5	0	3	3	16322	20	2	7	9	20
5	0	3	3	16323	20	2	9	11	20
5	0	3	4	14812	40	4	15	19	22
5	0	3	5	13931	40	4	10	14	22
5	0	3	6	13789	40	4	5	9	22
5	0	3	7	14709	40	4	3	7	22
5	0	3	8	14491	40	4	2	6	22
5	0	3	9	14583	40	4	1	5	22
5	0	3	10	13558	40	4	0	4	22
5	0	4	0	15632	20	2	17	19	20
5	0	4	0	15633	20	2	15	17	20
5	0	4	1	16438	20	2	15	17	20
5	0	4	1	16439	20	2	13	15	20
5	0	4	2	13946	40	4	21	25	22
5	0	4	3	14818	40	4	21	25	22
5	0	4	4	14356	40	4	14	18	22
5	0	4	5	13562	40	4	10	14	22
5	0	4	6	15398	40	4	9	13	22
5	0	4	7	14689	40	4	4	8	22
5	0	4	8	15248	40	4	3	7	22
5	0	5	0	16454	20	2	18	20	20
5	0	5	0	16455	20	2	16	18	20
5	0	5	1	15910	20	2	19	21	20
5	0	5	1	15911	20	2	7	9	20
5	0	5	2	14022	40	4	16	20	22
5	0	5	3	13566	40	4	15	19	22
5	0	5	4	14362	40	4	11	15	22
5	0	5	5	15064	40	4	10	14	22
5	0	5	6	15519	40	4	8	12	22
5	0	5	7	14605	40	4	7	11	22
5	0	5	8	15317	40	4	6	10	22
5	0	5	9	14828	40	4	4	8	22
5	0	5	10	14969	40	4	3	7	22
5	0	6	0	15441	40	4	21	25	22
5	0	6	1	14896	40	4	19	23	22
5	0	6	2	16354	20	2	6	8	20
5	0	6	2	16355	20	2	11	13	20
5	0	6	3	16098	20	2	5	7	20
5	0	6	3	16099	20	2	10	12	20
5	0	6	4	13575	40	4	11	15	22
5	0	6	5	14452	40	4	10	14	22
5	0	6	6	14057	40	4	9	13	22
5	0	6	7	14720	40	4	7	11	22
5	0	6	8	13960	40	4	3	7	22
5	0	6	9	15304	40	4	2	6	22
5	0	6	10	14313	40	4	1	5	22
5	0	6	11	14381	40	4	1	5	22
5	0	7	0	14210	40	4	22	26	22
5	0	7	1	15099	40	4	18	22	22
5	0	7	2	16230	20	2	8	10	20
5	0	7	2	16231	20	2	8	10	20
5	0	7	3	15522	40	4	14	18	22
5	0	7	4	13580	40	4	11	15	22
5	0	7	5	13965	40	4	11	15	22
5	0	7	6	14870	40	4	10	14	22
5	0	7	7	14665	40	4	8	12	22
5	0	7	8	16050	20	2	7	9	20
5	0	7	8	16051	20	2	1	3	20
5	0	8	0	15792	20	2	11	13	20
5	0	8	0	15793	20	2	16	18	20
5	0	8	1	16386	20	2	10	12	20
5	0	8	1	16387	20	2	14	16	20
5	0	8	2	14174	40	4	16	20	22
5	0	8	3	13877	40	4	14	18	22
5	0	8	4	15019	40	4	13	17	22
5	0	8	5	14629	40	4	8	12	22
5	0	8	6	15480	40	4	8	12	22
5	0	8	7	13586	40	4	5	9	22
5	0	8	8	14494	40	4	4	8	22
5	0	8	9	14859	40	4	3	7	22
5	0	8	10	15354	40	4	2	6	22
5	0	8	11	14981	40	4	0	4	22
5	0	9	0	14497	40	4	22	26	22
5	0	9	1	15451	40	4	22	26	22
5	0	9	2	16512	20	2	12	14	20
5	0	9	2	16513	20	2	10	12	20
5	0	9	3	13839	40	4	21	25	22
5	0	9	4	16116	20	2	10	12	20
5	0	9	4	16117	20	2	8	10	20
5	0	9	5	15069	40	4	15	19	22
5	0	9	6	14261	40	4	10	14	22
5	0	9	7	13589	40	4	4	8	22
5	0	9	8	14972	40	4	3	7	22
5	0	10	0	13593	40	4	22	26	22
5	0	10	1	14146	40	4	21	25	22
5	0	10	2	16528	20	2	8	10	20
5	0	10	2	16529	20	2	11	13	20
5	0	10	3	16130	20	2	8	10	20
5	0	10	3	16131	20	2	9	11	20
5	0	10	4	14763	40	4	15	19	22
5	0	10	5	15576	20	2	8	10	20
5	0	10	5	15577	20	2	7	9	20
5	0	10	6	15259	40	4	12	16	22
5	0	10	7	14565	40	4	7	11	22
5	0	10	8	15084	40	4	6	10	22
5	1	0	0	15674	20	2	9	11	20
5	1	0	0	15675	20	2	20	22	20
5	1	0	1	16400	20	2	15	17	20
5	1	0	1	16401	20	2	12	14	20
5	1	0	2	14475	40	4	20	24	22
5	1	0	3	14153	40	4	16	20	22
5	1	0	4	15194	40	4	13	17	22
5	1	0	5	14904	40	4	11	15	22
5	1	0	6	13918	40	4	10	14	22
5	1	0	7	13604	40	4	8	12	22
5	1	0	8	15487	40	4	5	9	22
5	1	1	0	16238	20	2	14	16	20
5	1	1	0	16239	20	2	9	11	20
5	1	1	1	15808	20	2	4	6	20
5	1	1	1	15809	20	2	13	15	20
5	1	1	2	14285	40	4	16	20	22
5	1	1	3	14611	40	4	16	20	22
5	1	1	4	14984	40	4	14	18	22
5	1	1	5	13610	40	4	13	17	22
5	1	1	6	14007	40	4	13	17	22
5	1	1	7	15489	40	4	7	11	22
5	1	1	8	15269	40	4	6	10	22
5	1	2	0	15648	20	2	6	8	20
5	1	2	0	15649	20	2	19	21	20
5	1	2	1	14585	40	4	16	20	22
5	1	2	2	14319	40	4	13	17	22
5	1	2	3	15321	40	4	12	16	22
5	1	2	4	13616	40	4	11	15	22
5	1	2	5	14102	40	4	8	12	22
5	1	2	6	13967	40	4	5	9	22
5	1	2	7	16332	20	2	2	4	20
5	1	2	7	16333	20	2	3	5	20
5	1	2	8	15203	40	4	4	8	22
5	1	2	9	15047	40	4	3	7	22
5	1	2	10	14977	40	4	2	6	22
5	1	3	0	15850	20	2	20	22	20
5	1	3	0	15851	20	2	4	6	20
5	1	3	1	14636	40	4	20	24	22
5	1	3	2	16364	20	2	3	5	20
5	1	3	2	16365	20	2	15	17	20
5	1	3	3	13883	40	4	14	18	22
5	1	3	4	15052	40	4	12	16	22
5	1	3	5	15459	40	4	12	16	22
5	1	3	6	13622	40	4	5	9	22
5	1	3	7	14484	40	4	5	9	22
5	1	3	8	14182	40	4	3	7	22
5	1	3	9	14293	40	4	2	6	22
5	1	3	10	14382	40	4	2	6	22
5	1	3	11	15357	40	4	0	4	22
5	1	4	0	15862	20	2	12	14	20
5	1	4	0	15863	20	2	18	20	20
5	1	4	1	13846	40	4	22	26	22
5	1	4	2	14298	40	4	21	25	22
5	1	4	3	15208	40	4	13	17	22
5	1	4	4	14725	40	4	11	15	22
5	1	4	5	15529	40	4	7	11	22
5	1	4	6	13627	40	4	4	8	22
5	1	4	7	14991	40	4	4	8	22
5	1	4	8	15108	40	4	1	5	22
5	1	5	0	15686	20	2	13	15	20
5	1	5	0	15687	20	2	12	14	20
5	1	5	1	14062	40	4	22	26	22
5	1	5	2	15223	40	4	19	23	22
5	1	5	3	13631	40	4	18	22	22
5	1	5	4	14929	40	4	13	17	22
5	1	5	5	14517	40	4	10	14	22
5	1	5	6	16338	20	2	7	9	20
5	1	5	6	16339	20	2	2	4	20
5	1	5	7	14770	40	4	5	9	22
5	1	6	0	15431	40	4	22	26	22
5	1	6	1	14524	40	4	18	22	22
5	1	6	2	14029	40	4	17	21	22
5	1	6	3	13638	40	4	15	19	22
5	1	6	4	16346	20	2	4	6	20
5	1	6	4	16347	20	2	11	13	20
5	1	6	5	16108	20	2	9	11	20
5	1	6	5	16109	20	2	5	7	20
5	1	6	6	14911	40	4	13	17	22
5	1	6	7	15213	40	4	7	11	22
5	1	6	8	14387	40	4	4	8	22
5	1	7	0	16030	20	2	18	20	20
5	1	7	0	16031	20	2	5	7	20
5	1	7	1	14458	40	4	18	22	22
5	1	7	2	15025	40	4	15	19	22
5	1	7	3	14221	40	4	11	15	22
5	1	7	4	13999	40	4	10	14	22
5	1	7	5	15604	20	2	5	7	20
5	1	7	5	15605	20	2	4	6	20
5	1	7	6	13794	40	4	8	12	22
5	1	7	7	14862	40	4	7	11	22
5	1	7	8	15402	40	4	7	11	22
5	1	7	9	13646	40	4	0	4	22
5	1	8	0	16276	20	2	19	21	20
5	1	8	0	16277	20	2	5	7	20
5	1	8	1	14937	40	4	22	26	22
5	1	8	2	13649	40	4	20	24	22
5	1	8	3	15409	40	4	16	20	22
5	1	8	4	14577	40	4	15	19	22
5	1	8	5	15940	20	2	8	10	20
5	1	8	5	15941	20	2	6	8	20
5	1	8	6	14108	40	4	12	16	22
5	1	8	7	14392	40	4	8	12	22
5	1	9	0	15704	20	2	14	16	20
5	1	9	0	15705	20	2	18	20	20
5	1	9	1	16536	20	2	8	10	20
5	1	9	1	16537	20	2	16	18	20
5	1	9	2	15232	40	4	19	23	22
5	1	9	3	14878	40	4	16	20	22
5	1	9	4	14070	40	4	13	17	22
5	1	9	5	14368	40	4	11	15	22
5	1	9	6	14617	40	4	10	14	22
5	1	9	7	13657	40	4	9	13	22
5	1	9	8	13933	40	4	5	9	22
5	1	10	0	15880	20	2	13	15	20
5	1	10	0	15881	20	2	17	19	20
5	1	10	1	15030	40	4	21	25	22
5	1	10	2	14304	40	4	18	22	22
5	1	10	3	13663	40	4	17	21	22
5	1	10	4	14805	40	4	10	14	22
5	1	10	5	14052	40	4	9	13	22
5	1	10	6	15504	40	4	8	12	22
5	1	10	7	14669	40	4	0	4	22
5	1	10	8	14732	40	4	0	4	22
5	2	0	0	16058	20	2	16	18	20
5	2	0	0	16059	20	2	20	22	20
5	2	0	1	14420	40	4	20	24	22
5	2	0	2	15135	40	4	16	20	22
5	2	0	3	15512	40	4	15	19	22
5	2	0	4	14834	40	4	13	17	22
5	2	0	5	13671	40	4	12	16	22
5	2	0	6	14160	40	4	12	16	22
5	2	0	7	14003	40	4	6	10	22
5	2	1	0	16250	20	2	8	10	20
5	2	1	0	16251	20	2	15	17	20
5	2	1	1	15762	20	2	14	16	20
5	2	1	1	15763	20	2	4	6	20
5	2	1	2	14956	40	4	16	20	22
5	2	1	3	15274	40	4	16	20	22
5	2	1	4	14114	40	4	12	16	22
5	2	1	5	13679	40	4	10	14	22
5	2	1	6	14487	40	4	10	14	22
5	2	1	7	14736	40	4	8	12	22
5	2	1	8	13956	40	4	6	10	22
5	2	1	9	14396	40	4	2	6	22
5	2	2	0	15970	20	2	15	17	20
5	2	2	0	15971	20	2	20	22	20
5	2	2	1	14740	40	4	18	22	22
5	2	2	2	15415	40	4	17	21	22
5	2	2	3	15109	40	4	11	15	22
5	2	2	4	13896	40	4	10	14	22
5	2	2	5	14531	40	4	8	12	22
5	2	2	6	14329	40	4	7	11	22
5	2	2	7	13683	40	4	6	10	22
5	2	2	8	14204	40	4	4	8	22
5	2	2	9	14120	40	4	1	5	22
5	2	3	0	16182	20	2	6	8	20
5	2	3	0	16183	20	2	20	22	20
5	2	3	1	13687	40	4	20	24	22
5	2	3	2	14774	40	4	19	23	22
5	2	3	3	15608	20	2	15	17	20
5	2	3	3	15609	20	2	2	4	20
5	2	3	4	14238	40	4	12	16	22
5	2	3	5	15372	40	4	9	13	22
5	2	3	6	14506	40	4	5	9	22
5	2	3	7	14123	40	4	3	7	22
5	2	3	8	15200	40	4	3	7	22
5	2	3	9	14672	40	4	2	6	22
5	2	3	10	15280	40	4	0	4	22
5	2	4	0	13817	40	4	22	26	22
5	2	4	1	14694	40	4	22	26	22
5	2	4	2	15327	40	4	21	25	22
5	2	4	3	16292	20	2	6	8	20
5	2	4	3	16293	20	2	12	14	20
5	2	4	4	16008	20	2	6	8	20
5	2	4	4	16009	20	2	6	8	20
5	2	4	5	14243	40	4	7	11	22
5	2	4	6	14429	40	4	7	11	22
5	2	4	7	15143	40	4	7	11	22
5	2	4	8	13696	40	4	1	5	22
5	2	4	9	14591	40	4	0	4	22
5	2	5	0	14570	40	4	21	25	22
5	2	5	1	16412	20	2	7	9	20
5	2	5	1	16413	20	2	14	16	20
5	2	5	2	14227	40	4	17	21	22
5	2	5	3	15493	40	4	17	21	22
5	2	5	4	16080	20	2	3	5	20
5	2	5	4	16081	20	2	14	16	20
5	2	5	5	13974	40	4	11	15	22
5	2	5	6	15146	40	4	6	10	22
5	2	5	7	15309	40	4	5	9	22
5	2	5	8	15000	40	4	3	7	22
5	2	5	9	13892	40	4	2	6	22
5	2	5	10	13801	40	4	1	5	22
5	2	5	11	13699	40	4	0	4	22
5	2	6	0	14249	40	4	19	23	22
5	2	6	1	14948	40	4	17	21	22
5	2	6	2	15822	20	2	12	14	20
5	2	6	2	15823	20	2	4	6	20
5	2	6	3	15378	40	4	14	18	22
5	2	6	4	16270	20	2	5	7	20
5	2	6	4	16271	20	2	9	11	20
5	2	6	5	13702	40	4	13	17	22
5	2	6	6	14014	40	4	10	14	22
5	2	6	7	14625	40	4	8	12	22
5	2	6	8	14843	40	4	1	5	22
5	2	6	9	15285	40	4	0	4	22
5	2	7	0	15338	40	4	22	26	22
5	2	7	1	16018	20	2	14	16	20
5	2	7	1	16019	20	2	8	10	20
5	2	7	2	16474	20	2	15	17	20
5	2	7	2	16475	20	2	7	9	20
5	2	7	3	14373	40	4	19	23	22
5	2	7	4	14784	40	4	13	17	22
5	2	7	5	14087	40	4	12	16	22
5	2	7	6	13708	40	4	11	15	22
5	2	7	7	13983	40	4	4	8	22
5	2	7	8	15205	40	4	4	8	22
5	2	7	9	15057	40	4	3	7	22
5	2	8	0	16426	20	2	14	16	20
5	2	8	0	16427	20	2	15	17	20
5	2	8	1	14918	40	4	22	26	22
5	2	8	2	14465	40	4	21	25	22
5	2	8	3	15718	20	2	12	14	20
5	2	8	3	15719	20	2	5	7	20
5	2	8	4	13714	40	4	13	17	22
5	2	8	5	15386	40	4	11	15	22
5	2	8	6	16214	20	2	0	2	20
5	2	8	6	16215	20	2	9	11	20
5	2	8	7	14267	40	4	8	12	22
5	2	8	8	14125	40	4	5	9	22
5	2	8	9	14020	40	4	3	7	22
5	2	9	0	15419	40	4	20	24	22
5	2	9	1	16378	20	2	10	12	20
5	2	9	1	16379	20	2	10	12	20
5	2	9	2	16042	20	2	10	12	20
5	2	9	2	16043	20	2	8	10	20
5	2	9	3	14995	40	4	12	16	22
5	2	9	4	14747	40	4	11	15	22
5	2	9	5	13985	40	4	10	14	22
5	2	9	6	14434	40	4	9	13	22
5	2	9	7	13826	40	4	5	9	22
5	2	9	8	14315	40	4	3	7	22
5	2	9	9	13721	40	4	2	6	22
5	2	9	10	14209	40	4	2	6	22
5	2	9	11	15262	40	4	2	6	22
5	2	9	12	14645	40	4	1	5	22
5	2	10	0	15830	20	2	20	22	20
5	2	10	0	15831	20	2	16	18	20
5	2	10	1	14647	40	4	22	26	22
5	2	10	2	13724	40	4	20	24	22
5	2	10	3	15089	40	4	17	21	22
5	2	10	4	14342	40	4	13	17	22
5	2	10	5	14130	40	4	10	14	22
5	2	10	6	15501	40	4	8	12	22
5	3	0	0	15896	20	2	18	20	20
5	3	0	0	15897	20	2	17	19	20
5	3	0	1	14408	40	4	21	25	22
5	3	0	2	13902	40	4	13	17	22
5	3	0	3	15118	40	4	13	17	22
5	3	0	4	14846	40	4	12	16	22
5	3	0	5	15466	40	4	12	16	22
5	3	0	6	14192	40	4	9	13	22
5	3	0	7	13804	40	4	3	7	22
5	3	0	8	13737	40	4	0	4	22
5	3	1	0	16140	20	2	15	17	20
5	3	1	0	16141	20	2	10	12	20
5	3	1	1	14791	40	4	21	25	22
5	3	1	2	14136	40	4	20	24	22
5	3	1	3	15594	20	2	9	11	20
5	3	1	3	15595	20	2	6	8	20
5	3	1	4	13853	40	4	13	17	22
5	3	1	5	14553	40	4	9	13	22
5	3	1	6	15392	40	4	7	11	22
5	3	1	7	13739	40	4	4	8	22
5	3	1	8	15219	40	4	1	5	22
5	3	1	9	15286	40	4	0	4	22
5	3	2	0	15568	20	2	17	19	20
5	3	2	0	15569	20	2	9	11	20
5	3	2	1	15152	40	4	19	23	22
5	3	2	2	14753	40	4	18	22	22
5	3	2	3	16316	20	2	11	13	20
5	3	2	3	16317	20	2	4	6	20
5	3	2	4	13991	40	4	14	18	22
5	3	2	5	14272	40	4	13	17	22
5	3	2	6	13743	40	4	11	15	22
5	3	2	7	14558	40	4	7	11	22
5	3	3	0	15952	20	2	12	14	20
5	3	3	0	15953	20	2	19	21	20
5	3	3	1	15361	40	4	18	22	22
5	3	3	2	13828	40	4	17	21	22
5	3	3	3	14399	40	4	12	16	22
5	3	3	4	14198	40	4	8	12	22
5	3	3	5	15159	40	4	8	12	22
5	3	3	6	14676	40	4	5	9	22
5	3	3	7	14927	40	4	5	9	22
5	3	3	8	13752	40	4	3	7	22
5	3	3	9	14831	40	4	1	5	22
5	3	3	10	15061	40	4	0	4	22
5	3	4	0	13909	40	4	21	25	22
5	3	4	1	16484	20	2	19	21	20
5	3	4	1	16485	20	2	1	3	20
5	3	4	2	15469	40	4	19	23	22
5	3	4	3	16088	20	2	15	17	20
5	3	4	3	16089	20	2	4	6	20
5	3	4	4	14595	40	4	12	16	22
5	3	4	5	15181	40	4	12	16	22
5	3	4	6	14886	40	4	11	15	22
5	3	4	7	14416	40	4	8	12	22
5	3	4	8	13754	40	4	7	11	22
5	3	4	9	14326	40	4	1	5	22
5	3	5	0	16156	20	2	2	4	20
5	3	5	0	16157	20	2	20	22	20
5	3	5	1	14045	40	4	19	23	22
5	3	5	2	14656	40	4	18	22	22
5	3	5	3	15288	40	4	13	17	22
5	3	5	4	15622	20	2	13	15	20
5	3	5	4	15623	20	2	0	2	20
5	3	5	5	15014	40	4	11	15	22
5	3	5	6	13860	40	4	8	12	22
5	3	5	7	14439	40	4	8	12	22
5	3	5	8	13760	40	4	4	8	22
5	3	6	0	14712	40	4	21	25	22
5	3	6	1	13807	40	4	19	23	22
5	3	6	2	15662	20	2	16	18	20
5	3	6	2	15663	20	2	3	5	20
5	3	6	3	14187	40	4	16	20	22
5	3	6	4	16216	20	2	13	15	20
5	3	6	4	16217	20	2	3	5	20
5	3	6	5	15294	40	4	14	18	22
5	3	6	6	14510	40	4	7	11	22
5	3	6	7	15165	40	4	5	9	22
5	3	6	8	13762	40	4	0	4	22
5	3	7	0	16196	20	2	17	19	20
5	3	7	0	16197	20	2	15	17	20
5	3	7	1	13864	40	4	18	22	22
5	3	7	2	14537	40	4	17	21	22
5	3	7	3	15726	20	2	3	5	20
5	3	7	3	15727	20	2	12	14	20
5	3	7	4	14892	40	4	8	12	22
5	3	7	5	15299	40	4	8	12	22
5	3	7	6	15097	40	4	7	11	22
5	3	7	7	14234	40	4	6	10	22
5	3	7	8	14406	40	4	4	8	22
5	3	7	9	15534	40	4	3	7	22
5	3	7	10	13766	40	4	0	4	22
5	3	7	11	13815	40	4	0	4	22
5	3	8	0	15736	20	2	17	19	20
5	3	8	0	15737	20	2	16	18	20
5	3	8	1	14335	40	4	21	25	22
5	3	8	2	13769	40	4	18	22	22
5	3	8	3	15368	40	4	12	16	22
5	3	8	4	14075	40	4	11	15	22
5	3	8	5	14853	40	4	10	14	22
5	3	8	6	15078	40	4	7	11	22
5	3	8	7	14799	40	4	0	4	22
5	3	8	8	15266	40	4	0	4	22
5	3	9	0	14038	40	4	21	25	22
5	3	9	1	14599	40	4	19	23	22
5	3	9	2	15238	40	4	18	22	22
5	3	9	3	16306	20	2	4	6	20
5	3	9	3	16307	20	2	11	13	20
5	3	9	4	15754	20	2	0	2	20
5	3	9	4	15755	20	2	14	16	20
5	3	9	5	15007	40	4	9	13	22
5	3	9	6	13873	40	4	7	11	22
5	3	9	7	14444	40	4	5	9	22
5	3	9	8	13776	40	4	4	8	22
5	3	9	9	16178	20	2	2	4	20
5	3	9	9	16179	20	2	0	2	20
5	3	10	0	16498	20	2	19	21	20
5	3	10	0	16499	20	2	18	20	20
5	3	10	1	15772	20	2	16	18	20
5	3	10	1	15773	20	2	14	16	20
5	3	10	2	13778	40	4	18	22	22
5	3	10	3	14080	40	4	18	22	22
5	3	10	4	15311	40	4	15	19	22
5	3	10	5	14447	40	4	14	18	22
5	3	10	6	14979	40	4	7	11	22
5	3	10	7	15189	40	4	5	9	22
5	3	10	8	14867	40	4	2	6	22
5	3	10	9	14802	40	4	1	5	22
