5538	20	2	1	20
5539	20	2	6	20
5540	40	4	16	22
5541	20	2	2	20
5542	20	2	13	20
5543	40	4	19	22
5544	40	4	19	22
5545	40	4	3	22
5546	40	4	21	22
5547	20	2	2	20
5548	40	4	12	22
5549	40	4	9	22
5550	20	2	13	20
5551	40	4	5	22
5552	40	4	21	22
5553	40	4	4	22
5554	20	2	16	20
5555	40	4	13	22
5556	40	4	5	22
5557	40	4	22	22
5558	40	4	14	22
5559	40	4	20	22
5560	40	4	16	22
5561	20	2	3	20
5562	40	4	13	22
5563	40	4	7	22
5564	20	2	16	20
5565	40	4	16	22
5566	40	4	12	22
5567	40	4	12	22
5568	40	4	12	22
5569	20	2	2	20
5570	20	2	18	20
5571	20	2	11	20
5572	20	2	7	20
5573	20	2	7	20
5574	40	4	19	22
5575	40	4	8	22
5576	20	2	9	20
5577	20	2	0	20
5578	40	4	2	22
5579	20	2	17	20
5580	20	2	11	20
5581	40	4	7	22
5582	20	2	3	20
5583	40	4	20	22
5584	40	4	12	22
5585	40	4	14	22
5586	40	4	2	22
5587	20	2	8	20
5588	20	2	2	20
5589	20	2	4	20
5590	20	2	20	20
5591	20	2	6	20
5592	40	4	11	22
5593	40	4	0	22
5594	20	2	18	20
5595	20	2	16	20
5596	40	4	11	22
5597	20	2	11	20
5598	40	4	12	22
5599	20	2	7	20
5600	20	2	18	20
5601	40	4	19	22
5602	40	4	20	22
5603	20	2	2	20
5604	20	2	17	20
5605	20	2	9	20
5606	20	2	2	20
5607	20	2	19	20
5608	40	4	18	22
5609	20	2	10	20
5610	20	2	2	20
5611	20	2	16	20
5612	20	2	6	20
5613	40	4	12	22
5614	20	2	20	20
5615	20	2	1	20
5616	40	4	10	22
5617	40	4	13	22
5618	20	2	19	20
5619	40	4	3	22
5620	20	2	17	20
5621	20	2	20	20
5622	40	4	21	22
5623	40	4	0	22
5624	20	2	9	20
5625	20	2	11	20
5626	20	2	13	20
5627	40	4	18	22
5628	40	4	17	22
5629	40	4	14	22
5630	20	2	13	20
5631	20	2	6	20
5632	40	4	18	22
5633	40	4	9	22
5634	40	4	0	22
5635	40	4	10	22
5636	20	2	15	20
5637	20	2	18	20
5638	20	2	4	20
5639	20	2	9	20
5640	20	2	17	20
5641	20	2	10	20
5642	40	4	12	22
5643	20	2	10	20
5644	20	2	10	20
5645	40	4	18	22
5646	20	2	7	20
5647	40	4	12	22
5648	40	4	7	22
5649	20	2	5	20
5650	20	2	11	20
5651	40	4	20	22
5652	40	4	11	22
5653	40	4	20	22
5654	40	4	8	22
5655	40	4	5	22
5656	40	4	0	22
5657	40	4	0	22
5658	40	4	11	22
5659	20	2	18	20
5660	40	4	12	22
5661	40	4	9	22
5662	40	4	15	22
5663	20	2	8	20
5664	20	2	13	20
5665	20	2	1	20
5666	40	4	7	22
5667	20	2	8	20
5668	40	4	15	22
5669	20	2	13	20
5670	20	2	18	20
5671	40	4	14	22
5672	40	4	6	22
5673	20	2	2	20
5674	40	4	3	22
5675	20	2	14	20
5676	20	2	9	20
5677	20	2	7	20
5678	40	4	2	22
5679	40	4	7	22
5680	20	2	13	20
5681	40	4	11	22
5682	20	2	7	20
5683	40	4	11	22
5684	20	2	16	20
5685	20	2	10	20
5686	20	2	17	20
5687	20	2	8	20
5688	40	4	2	22
5689	40	4	13	22
5690	20	2	9	20
5691	40	4	3	22
5692	20	2	10	20
5693	20	2	6	20
5694	40	4	2	22
5695	20	2	1	20
5696	20	2	17	20
5697	40	4	5	22
5698	20	2	12	20
5699	20	2	7	20
5700	40	4	2	22
5701	20	2	6	20
5702	20	2	13	20
5703	20	2	20	20
5704	20	2	1	20
5705	20	2	14	20
5706	20	2	8	20
5707	20	2	8	20
5708	20	2	12	20
5709	40	4	4	22
5710	20	2	12	20
5711	20	2	4	20
5712	20	2	15	20
5713	20	2	3	20
5714	20	2	5	20
5715	40	4	16	22
5716	40	4	3	22
5717	40	4	10	22
5718	40	4	12	22
5719	20	2	15	20
5720	20	2	1	20
5721	40	4	5	22
5722	20	2	10	20
5723	20	2	16	20
5724	40	4	1	22
5725	20	2	6	20
5726	20	2	10	20
5727	40	4	6	22
5728	20	2	3	20
5729	20	2	8	20
5730	40	4	19	22
5731	20	2	6	20
5732	20	2	18	20
5733	20	2	15	20
5734	20	2	17	20
5735	40	4	17	22
5736	20	2	10	20
5737	20	2	5	20
5738	40	4	4	22
5739	20	2	0	20
5740	40	4	7	22
5741	20	2	3	20
5742	20	2	7	20
5743	20	2	1	20
5744	40	4	1	22
5745	40	4	7	22
5746	20	2	12	20
5747	40	4	2	22
5748	20	2	11	20
5749	40	4	11	22
5750	40	4	7	22
5751	40	4	10	22
5752	40	4	18	22
5753	40	4	16	22
5754	40	4	9	22
5755	40	4	4	22
5756	40	4	16	22
5757	20	2	0	20
5758	20	2	1	20
5759	20	2	17	20
5760	40	4	17	22
5761	40	4	15	22
5762	40	4	0	22
5763	40	4	6	22
5764	40	4	5	22
5765	40	4	4	22
5766	40	4	8	22
5767	20	2	10	20
5768	40	4	19	22
5769	20	2	4	20
5770	20	2	2	20
5771	40	4	4	22
5772	20	2	20	20
5773	20	2	5	20
5774	20	2	20	20
5775	40	4	0	22
5776	40	4	11	22
5777	20	2	15	20
5778	40	4	1	22
5779	20	2	18	20
5780	40	4	3	22
5781	20	2	11	20
5782	40	4	11	22
5783	40	4	21	22
5784	40	4	5	22
5785	40	4	0	22
5786	40	4	17	22
5787	40	4	5	22
5788	40	4	19	22
5789	20	2	10	20
5790	40	4	6	22
5791	20	2	5	20
5792	40	4	19	22
5793	40	4	4	22
5794	40	4	2	22
5795	20	2	15	20
5796	40	4	2	22
5797	20	2	17	20
5798	20	2	19	20
5799	20	2	19	20
5800	40	4	18	22
5801	20	2	16	20
5802	40	4	17	22
5803	20	2	5	20
5804	20	2	1	20
5805	40	4	11	22
5806	20	2	12	20
5807	40	4	0	22
5808	20	2	13	20
5809	20	2	15	20
5810	20	2	3	20
5811	40	4	10	22
5812	20	2	20	20
5813	40	4	8	22
5814	20	2	15	20
5815	20	2	11	20
5816	40	4	19	22
5817	20	2	20	20
5818	40	4	19	22
5819	20	2	18	20
5820	40	4	8	22
5821	40	4	4	22
5822	20	2	12	20
5823	40	4	13	22
5824	40	4	22	22
5825	20	2	12	20
5826	40	4	22	22
5827	40	4	3	22
5828	40	4	5	22
5829	40	4	21	22
5830	20	2	13	20
5831	40	4	21	22
5832	20	2	16	20
5833	40	4	16	22
5834	40	4	13	22
5835	40	4	14	22
5836	20	2	9	20
5837	20	2	12	20
5838	40	4	19	22
5839	20	2	9	20
5840	40	4	15	22
5841	40	4	21	22
5842	20	2	13	20
5843	40	4	9	22
5844	20	2	11	20
5845	40	4	12	22
5846	20	2	3	20
5847	40	4	0	22
5848	40	4	15	22
5849	20	2	19	20
5850	40	4	19	22
5851	40	4	10	22
5852	20	2	10	20
5853	40	4	6	22
5854	40	4	10	22
5855	20	2	2	20
5856	20	2	3	20
5857	20	2	0	20
5858	20	2	11	20
5859	20	2	12	20
5860	20	2	4	20
5861	40	4	9	22
5862	40	4	13	22
5863	20	2	9	20
5864	20	2	14	20
5865	40	4	7	22
5866	40	4	22	22
5867	40	4	12	22
5868	20	2	8	20
5869	40	4	0	22
5870	40	4	9	22
5871	20	2	13	20
5872	40	4	1	22
5873	40	4	9	22
5874	40	4	10	22
5875	20	2	8	20
5876	40	4	19	22
5877	40	4	22	22
5878	20	2	10	20
5879	20	2	11	20
5880	20	2	7	20
5881	40	4	7	22
5882	20	2	16	20
5883	40	4	8	22
5884	40	4	6	22
5885	20	2	15	20
5886	20	2	0	20
5887	20	2	15	20
5888	40	4	2	22
5889	20	2	8	20
5890	20	2	15	20
5891	20	2	6	20
5892	20	2	4	20
5893	20	2	13	20
5894	20	2	8	20
5895	40	4	13	22
5896	40	4	15	22
5897	40	4	21	22
5898	20	2	13	20
5899	40	4	14	22
5900	20	2	18	20
5901	20	2	19	20
5902	40	4	1	22
5903	20	2	3	20
5904	40	4	21	22
5905	20	2	4	20
5906	20	2	16	20
5907	40	4	17	22
5908	20	2	18	20
5909	20	2	1	20
5910	20	2	7	20
5911	20	2	2	20
5912	40	4	8	22
5913	20	2	2	20
5914	40	4	5	22
5915	40	4	1	22
5916	40	4	20	22
5917	20	2	13	20
5918	40	4	15	22
5919	20	2	5	20
5920	40	4	0	22
5921	40	4	11	22
5922	40	4	11	22
5923	20	2	0	20
5924	20	2	9	20
5925	20	2	6	20
5926	20	2	14	20
5927	40	4	2	22
5928	20	2	13	20
5929	20	2	1	20
5930	40	4	8	22
5931	40	4	19	22
5932	40	4	3	22
5933	20	2	9	20
5934	40	4	3	22
5935	20	2	2	20
5936	40	4	20	22
5937	40	4	11	22
5938	40	4	11	22
5939	20	2	18	20
5940	20	2	14	20
5941	40	4	21	22
5942	40	4	6	22
5943	40	4	10	22
5944	20	2	9	20
5945	20	2	17	20
5946	40	4	0	22
5947	20	2	13	20
5948	20	2	10	20
5949	20	2	18	20
5950	20	2	2	20
5951	20	2	9	20
5952	20	2	19	20
5953	40	4	11	22
5954	20	2	15	20
5955	20	2	3	20
5956	40	4	7	22
5957	40	4	8	22
5958	20	2	19	20
5959	40	4	19	22
5960	40	4	7	22
5961	40	4	16	22
5962	40	4	8	22
5963	20	2	5	20
5964	40	4	6	22
5965	40	4	16	22
5966	20	2	5	20
5967	20	2	13	20
5968	40	4	19	22
5969	20	2	1	20
5970	20	2	0	20
5971	20	2	9	20
5972	20	2	18	20
5973	20	2	5	20
5974	20	2	20	20
5975	20	2	13	20
5976	20	2	16	20
5977	40	4	18	22
5978	20	2	0	20
5979	20	2	11	20
5980	20	2	15	20
5981	40	4	18	22
5982	40	4	12	22
5983	20	2	19	20
5984	20	2	10	20
5985	40	4	13	22
5986	40	4	22	22
5987	40	4	15	22
5988	20	2	1	20
5989	20	2	8	20
5990	20	2	17	20
5991	20	2	19	20
5992	20	2	4	20
5993	40	4	17	22
5994	40	4	2	22
5995	40	4	1	22
5996	40	4	19	22
5997	20	2	1	20
5998	40	4	11	22
5999	20	2	16	20
6000	20	2	0	20
6001	40	4	21	22
6002	20	2	16	20
6003	40	4	21	22
6004	40	4	13	22
6005	20	2	18	20
6006	20	2	16	20
6007	20	2	6	20
6008	20	2	19	20
6009	20	2	4	20
6010	40	4	15	22
6011	40	4	3	22
6012	20	2	18	20
6013	40	4	3	22
6014	20	2	10	20
6015	20	2	19	20
6016	20	2	8	20
6017	40	4	1	22
6018	20	2	8	20
6019	20	2	20	20
6020	20	2	9	20
6021	40	4	1	22
6022	20	2	15	20
6023	20	2	14	20
6024	40	4	3	22
6025	20	2	5	20
6026	40	4	19	22
6027	40	4	13	22
6028	40	4	9	22
6029	20	2	18	20
6030	40	4	21	22
6031	40	4	16	22
6032	20	2	2	20
6033	40	4	1	22
6034	40	4	10	22
6035	40	4	19	22
6036	20	2	18	20
6037	40	4	7	22
6038	40	4	12	22
6039	20	2	8	20
6040	20	2	9	20
6041	40	4	21	22
6042	20	2	0	20
6043	40	4	14	22
6044	40	4	0	22
6045	40	4	18	22
6046	20	2	15	20
6047	20	2	6	20
6048	40	4	21	22
6049	20	2	20	20
6050	40	4	3	22
6051	20	2	16	20
6052	40	4	20	22
6053	40	4	3	22
6054	20	2	17	20
6055	20	2	2	20
6056	20	2	1	20
6057	40	4	0	22
6058	20	2	6	20
6059	40	4	22	22
6060	40	4	14	22
6061	20	2	8	20
6062	20	2	8	20
6063	40	4	15	22
6064	40	4	10	22
6065	40	4	21	22
6066	20	2	0	20
6067	20	2	13	20
6068	20	2	9	20
6069	20	2	13	20
6070	20	2	18	20
6071	40	4	11	22
6072	40	4	18	22
6073	20	2	0	20
6074	20	2	10	20
6075	20	2	10	20
6076	40	4	3	22
6077	20	2	13	20
6078	40	4	2	22
6079	40	4	15	22
6080	40	4	14	22
6081	20	2	6	20
6082	40	4	15	22
6083	20	2	20	20
6084	20	2	20	20
6085	40	4	10	22
6086	40	4	0	22
6087	20	2	9	20
6088	40	4	14	22
6089	20	2	11	20
6090	40	4	19	22
6091	40	4	13	22
6092	40	4	7	22
6093	20	2	0	20
6094	20	2	1	20
6095	20	2	7	20
6096	20	2	11	20
6097	40	4	13	22
6098	40	4	10	22
6099	20	2	4	20
6100	20	2	4	20
6101	20	2	10	20
6102	20	2	2	20
6103	40	4	11	22
6104	40	4	22	22
6105	20	2	4	20
6106	40	4	14	22
6107	20	2	11	20
6108	40	4	7	22
6109	20	2	16	20
6110	20	2	1	20
6111	40	4	3	22
6112	40	4	2	22
6113	40	4	6	22
6114	20	2	6	20
6115	40	4	0	22
6116	20	2	9	20
6117	40	4	20	22
6118	20	2	13	20
6119	40	4	0	22
6120	20	2	18	20
6121	20	2	4	20
6122	40	4	21	22
6123	40	4	15	22
6124	40	4	19	22
6125	20	2	13	20
6126	40	4	21	22
6127	40	4	15	22
6128	20	2	10	20
6129	40	4	20	22
6130	40	4	6	22
6131	40	4	13	22
6132	20	2	0	20
6133	20	2	9	20
6134	20	2	6	20
6135	20	2	11	20
6136	40	4	19	22
6137	40	4	21	22
6138	20	2	13	20
6139	20	2	12	20
6140	20	2	17	20
6141	40	4	5	22
6142	40	4	2	22
6143	40	4	20	22
6144	20	2	13	20
6145	40	4	6	22
6146	20	2	15	20
6147	40	4	17	22
6148	40	4	17	22
6149	40	4	17	22
6150	40	4	18	22
6151	20	2	18	20
6152	40	4	11	22
6153	40	4	15	22
6154	20	2	6	20
6155	20	2	15	20
6156	40	4	22	22
6157	40	4	20	22
6158	40	4	10	22
6159	20	2	9	20
6160	20	2	4	20
6161	40	4	10	22
6162	40	4	5	22
6163	20	2	4	20
6164	40	4	15	22
6165	40	4	13	22
6166	20	2	10	20
6167	20	2	7	20
6168	20	2	10	20
6169	40	4	0	22
6170	20	2	14	20
6171	40	4	2	22
6172	40	4	11	22
6173	20	2	4	20
6174	20	2	5	20
6175	20	2	12	20
6176	20	2	17	20
6177	20	2	7	20
6178	40	4	2	22
6179	40	4	16	22
6180	40	4	22	22
6181	40	4	2	22
6182	40	4	6	22
6183	20	2	8	20
6184	40	4	2	22
6185	40	4	9	22
6186	20	2	2	20
6187	20	2	0	20
6188	40	4	12	22
6189	20	2	8	20
6190	40	4	2	22
6191	20	2	20	20
6192	20	2	10	20
6193	20	2	6	20
6194	40	4	13	22
6195	40	4	4	22
6196	20	2	0	20
6197	40	4	9	22
6198	40	4	12	22
6199	20	2	15	20
6200	40	4	0	22
6201	20	2	1	20
6202	20	2	18	20
6203	20	2	15	20
6204	40	4	3	22
6205	40	4	22	22
6206	20	2	5	20
6207	20	2	17	20
6208	40	4	1	22
6209	20	2	4	20
6210	20	2	9	20
6211	40	4	6	22
6212	20	2	4	20
6213	40	4	17	22
6214	20	2	11	20
6215	40	4	19	22
6216	20	2	10	20
6217	20	2	8	20
6218	20	2	11	20
6219	40	4	7	22
6220	20	2	11	20
6221	20	2	18	20
6222	20	2	20	20
6223	20	2	10	20
6224	40	4	4	22
6225	20	2	13	20
6226	40	4	13	22
6227	40	4	8	22
6228	40	4	17	22
6229	20	2	2	20
6230	20	2	6	20
6231	40	4	6	22
6232	20	2	12	20
6233	40	4	19	22
6234	40	4	19	22
6235	40	4	13	22
6236	20	2	7	20
6237	40	4	9	22
6238	40	4	0	22
6239	40	4	0	22
6240	20	2	5	20
6241	40	4	14	22
6242	20	2	12	20
6243	40	4	17	22
6244	40	4	11	22
6245	20	2	11	20
6246	20	2	5	20
6247	20	2	8	20
6248	20	2	4	20
6249	20	2	16	20
6250	40	4	2	22
6251	40	4	16	22
6252	40	4	21	22
6253	40	4	4	22
6254	20	2	2	20
6255	20	2	4	20
6256	20	2	1	20
6257	20	2	15	20
6258	20	2	4	20
6259	20	2	6	20
6260	20	2	12	20
6261	20	2	5	20
6262	40	4	22	22
6263	40	4	4	22
6264	20	2	20	20
6265	40	4	8	22
6266	20	2	9	20
6267	40	4	3	22
6268	20	2	10	20
6269	40	4	11	22
6270	20	2	18	20
6271	40	4	15	22
6272	40	4	4	22
6273	40	4	21	22
6274	40	4	18	22
6275	20	2	2	20
6276	20	2	3	20
6277	40	4	6	22
6278	40	4	0	22
6279	20	2	3	20
6280	20	2	10	20
6281	40	4	0	22
6282	20	2	5	20
6283	20	2	14	20
6284	40	4	8	22
6285	20	2	16	20
6286	40	4	2	22
6287	20	2	16	20
6288	20	2	6	20
6289	40	4	11	22
6290	20	2	10	20
6291	20	2	0	20
6292	40	4	6	22
6293	20	2	18	20
6294	40	4	9	22
6295	40	4	12	22
6296	40	4	0	22
6297	20	2	2	20
6298	20	2	0	20
6299	20	2	4	20
6300	40	4	22	22
6301	40	4	11	22
6302	20	2	11	20
6303	40	4	20	22
6304	40	4	8	22
6305	20	2	2	20
6306	20	2	18	20
6307	40	4	15	22
6308	20	2	17	20
6309	40	4	15	22
6310	20	2	19	20
6311	20	2	2	20
6312	20	2	5	20
6313	40	4	15	22
6314	20	2	5	20
6315	40	4	1	22
6316	20	2	20	20
6317	40	4	13	22
6318	20	2	13	20
6319	40	4	11	22
6320	40	4	16	22
6321	20	2	12	20
6322	40	4	21	22
6323	40	4	16	22
6324	40	4	7	22
6325	20	2	10	20
6326	40	4	13	22
6327	40	4	22	22
6328	20	2	12	20
6329	40	4	13	22
6330	20	2	9	20
6331	20	2	2	20
6332	20	2	3	20
6333	20	2	16	20
6334	40	4	3	22
6335	20	2	11	20
6336	20	2	3	20
6337	40	4	10	22
6338	40	4	10	22
6339	20	2	15	20
6340	40	4	9	22
6341	20	2	14	20
6342	20	2	9	20
6343	40	4	12	22
6344	20	2	11	20
6345	20	2	20	20
6346	40	4	14	22
6347	40	4	11	22
6348	20	2	4	20
6349	20	2	5	20
6350	20	2	8	20
6351	40	4	7	22
6352	40	4	0	22
6353	20	2	9	20
6354	20	2	18	20
6355	40	4	5	22
6356	40	4	17	22
6357	40	4	20	22
6358	40	4	3	22
6359	40	4	18	22
6360	40	4	4	22
6361	20	2	2	20
6362	20	2	8	20
6363	20	2	0	20
6364	40	4	18	22
6365	40	4	5	22
6366	40	4	3	22
6367	40	4	16	22
6368	40	4	19	22
6369	40	4	12	22
6370	40	4	18	22
6371	40	4	16	22
6372	40	4	21	22
6373	20	2	2	20
6374	40	4	15	22
6375	40	4	21	22
6376	20	2	19	20
6377	40	4	13	22
6378	40	4	1	22
6379	40	4	5	22
6380	40	4	12	22
6381	20	2	4	20
6382	20	2	5	20
6383	40	4	20	22
6384	20	2	19	20
6385	20	2	6	20
6386	20	2	13	20
6387	20	2	9	20
6388	20	2	13	20
6389	40	4	11	22
6390	20	2	11	20
6391	40	4	20	22
6392	20	2	4	20
6393	40	4	18	22
6394	40	4	11	22
6395	40	4	14	22
6396	40	4	0	22
6397	20	2	20	20
6398	40	4	5	22
6399	40	4	10	22
6400	40	4	13	22
6401	20	2	3	20
6402	20	2	5	20
6403	20	2	5	20
6404	20	2	0	20
6405	20	2	18	20
6406	20	2	9	20
6407	40	4	2	22
6408	40	4	18	22
6409	20	2	9	20
6410	40	4	16	22
6411	20	2	16	20
6412	40	4	18	22
6413	40	4	2	22
6414	20	2	17	20
6415	40	4	7	22
6416	40	4	19	22
6417	40	4	1	22
6418	20	2	4	20
6419	40	4	1	22
6420	20	2	5	20
6421	40	4	0	22
6422	20	2	3	20
6423	40	4	13	22
6424	20	2	14	20
6425	20	2	13	20
6426	20	2	4	20
6427	20	2	15	20
6428	20	2	14	20
6429	40	4	8	22
6430	40	4	2	22
6431	20	2	8	20
6432	40	4	4	22
6433	40	4	2	22
6434	20	2	13	20
6435	40	4	13	22
6436	40	4	15	22
6437	40	4	13	22
6438	20	2	14	20
6439	40	4	18	22
6440	20	2	18	20
6441	20	2	1	20
6442	40	4	10	22
6443	20	2	12	20
6444	40	4	20	22
6445	20	2	18	20
6446	40	4	21	22
6447	20	2	1	20
6448	40	4	6	22
6449	20	2	6	20
6450	20	2	0	20
6451	40	4	7	22
6452	40	4	19	22
6453	20	2	15	20
6454	40	4	21	22
6455	40	4	8	22
6456	40	4	16	22
6457	20	2	4	20
6458	20	2	9	20
6459	40	4	8	22
6460	20	2	7	20
6461	20	2	8	20
6462	20	2	0	20
6463	40	4	7	22
6464	20	2	7	20
6465	20	2	3	20
6466	40	4	22	22
6467	40	4	6	22
6468	40	4	10	22
6469	40	4	4	22
6470	20	2	8	20
6471	20	2	9	20
6472	40	4	1	22
6473	40	4	0	22
6474	40	4	8	22
6475	40	4	18	22
6476	40	4	7	22
6477	20	2	0	20
6478	40	4	2	22
6479	20	2	6	20
6480	40	4	6	22
6481	40	4	15	22
6482	20	2	19	20
6483	40	4	15	22
6484	40	4	5	22
6485	40	4	4	22
6486	40	4	9	22
6487	40	4	18	22
6488	40	4	18	22
6489	40	4	21	22
6490	40	4	4	22
6491	40	4	6	22
6492	40	4	19	22
6493	40	4	2	22
6494	20	2	14	20
6495	40	4	22	22
6496	20	2	11	20
6497	40	4	7	22
6498	20	2	3	20
6499	20	2	17	20
6500	40	4	7	22
6501	20	2	11	20
6502	40	4	2	22
6503	40	4	13	22
6504	40	4	5	22
6505	40	4	20	22
6506	20	2	10	20
6507	40	4	5	22
6508	40	4	14	22
6509	40	4	3	22
6510	20	2	10	20
6511	40	4	22	22
6512	40	4	21	22
6513	20	2	14	20
6514	20	2	10	20
6515	40	4	9	22
6516	20	2	15	20
6517	20	2	17	20
6518	40	4	6	22
6519	40	4	3	22
6520	40	4	14	22
6521	40	4	6	22
6522	20	2	9	20
6523	40	4	16	22
6524	40	4	21	22
6525	20	2	17	20
6526	20	2	16	20
6527	40	4	4	22
6528	20	2	1	20
6529	20	2	14	20
6530	40	4	10	22
6531	40	4	13	22
6532	40	4	7	22
6533	40	4	6	22
6534	40	4	2	22
6535	20	2	20	20
6536	40	4	15	22
6537	40	4	17	22
6538	20	2	9	20
6539	40	4	13	22
6540	20	2	5	20
6541	40	4	22	22
6542	40	4	19	22
6543	40	4	3	22
6544	40	4	17	22
6545	40	4	16	22
6546	40	4	15	22
6547	20	2	14	20
6548	20	2	2	20
6549	40	4	9	22
6550	40	4	10	22
6551	20	2	18	20
6552	40	4	1	22
6553	40	4	1	22
6554	20	2	14	20
6555	20	2	2	20
6556	40	4	5	22
6557	40	4	17	22
6558	40	4	5	22
6559	40	4	21	22
6560	40	4	2	22
6561	40	4	21	22
6562	40	4	8	22
6563	20	2	3	20
6564	40	4	22	22
6565	40	4	17	22
6566	40	4	21	22
6567	40	4	3	22
6568	40	4	3	22
6569	20	2	17	20
6570	20	2	19	20
6571	40	4	13	22
6572	20	2	10	20
6573	20	2	0	20
6574	20	2	13	20
6575	20	2	20	20
6576	40	4	21	22
6577	40	4	18	22
6578	40	4	7	22
6579	20	2	5	20
6580	20	2	7	20
6581	40	4	4	22
6582	40	4	5	22
6583	40	4	4	22
6584	40	4	5	22
6585	40	4	14	22
6586	20	2	19	20
6587	20	2	2	20
6588	40	4	22	22
6589	20	2	14	20
6590	40	4	16	22
6591	40	4	10	22
6592	20	2	9	20
6593	20	2	2	20
6594	20	2	10	20
6595	20	2	8	20
6596	20	2	8	20
6597	20	2	7	20
6598	40	4	7	22
6599	40	4	15	22
6600	40	4	10	22
6601	20	2	13	20
6602	40	4	5	22
6603	40	4	21	22
6604	40	4	4	22
6605	20	2	8	20
6606	20	2	6	20
6607	20	2	8	20
6608	20	2	0	20
6609	40	4	4	22
6610	20	2	10	20
6611	40	4	21	22
6612	40	4	11	22
6613	40	4	18	22
6614	40	4	15	22
6615	40	4	2	22
6616	20	2	10	20
6617	20	2	3	20
6618	40	4	9	22
6619	40	4	8	22
6620	20	2	1	20
6621	40	4	14	22
6622	40	4	21	22
6623	20	2	9	20
6624	40	4	19	22
6625	20	2	17	20
6626	20	2	5	20
6627	20	2	8	20
6628	40	4	22	22
6629	40	4	18	22
6630	40	4	21	22
6631	20	2	0	20
6632	20	2	9	20
6633	40	4	3	22
6634	40	4	10	22
6635	20	2	20	20
6636	20	2	17	20
6637	20	2	11	20
6638	20	2	14	20
6639	20	2	11	20
6640	20	2	6	20
6641	20	2	20	20
6642	20	2	5	20
6643	40	4	11	22
6644	20	2	1	20
6645	20	2	13	20
6646	40	4	11	22
6647	40	4	8	22
6648	20	2	8	20
6649	40	4	12	22
6650	20	2	15	20
6651	40	4	18	22
6652	40	4	1	22
6653	20	2	14	20
6654	20	2	19	20
6655	40	4	22	22
6656	40	4	10	22
6657	20	2	20	20
6658	40	4	19	22
6659	40	4	8	22
6660	40	4	11	22
6661	40	4	3	22
6662	40	4	19	22
6663	20	2	9	20
6664	40	4	3	22
6665	20	2	8	20
6666	20	2	0	20
6667	40	4	17	22
6668	40	4	21	22
6669	40	4	15	22
6670	20	2	1	20
6671	40	4	16	22
6672	40	4	15	22
6673	20	2	15	20
6674	20	2	5	20
6675	40	4	21	22
6676	20	2	10	20
6677	20	2	12	20
6678	20	2	1	20
6679	40	4	1	22
6680	40	4	1	22
6681	40	4	17	22
6682	40	4	18	22
6683	40	4	17	22
6684	20	2	5	20
6685	40	4	3	22
6686	20	2	12	20
6687	40	4	14	22
6688	20	2	17	20
6689	20	2	12	20
6690	20	2	14	20
6691	20	2	20	20
6692	40	4	17	22
6693	40	4	20	22
6694	40	4	15	22
6695	40	4	6	22
6696	20	2	5	20
6697	20	2	7	20
6698	40	4	22	22
6699	20	2	11	20
6700	40	4	1	22
6701	20	2	19	20
6702	40	4	3	22
6703	40	4	2	22
6704	20	2	5	20
6705	40	4	20	22
6706	40	4	20	22
6707	40	4	20	22
6708	40	4	6	22
6709	40	4	11	22
6710	20	2	11	20
6711	40	4	1	22
6712	40	4	21	22
6713	40	4	13	22
6714	40	4	2	22
6715	20	2	6	20
6716	20	2	2	20
6717	20	2	20	20
6718	20	2	7	20
6719	20	2	16	20
6720	20	2	2	20
6721	40	4	16	22
6722	20	2	8	20
6723	20	2	9	20
6724	40	4	15	22
6725	20	2	2	20
6726	40	4	2	22
6727	40	4	14	22
6728	20	2	14	20
6729	20	2	9	20
6730	20	2	5	20
6731	40	4	12	22
6732	20	2	6	20
6733	20	2	5	20
6734	40	4	22	22
6735	40	4	3	22
6736	20	2	13	20
6737	40	4	6	22
6738	40	4	19	22
6739	20	2	5	20
6740	40	4	8	22
6741	40	4	1	22
6742	40	4	8	22
6743	40	4	4	22
6744	40	4	18	22
6745	20	2	19	20
6746	40	4	3	22
6747	40	4	2	22
6748	20	2	0	20
6749	40	4	8	22
6750	20	2	7	20
6751	40	4	21	22
6752	20	2	5	20
6753	20	2	17	20
6754	20	2	6	20
6755	40	4	0	22
6756	20	2	16	20
6757	20	2	11	20
6758	20	2	20	20
6759	20	2	3	20
6760	40	4	9	22
6761	40	4	9	22
6762	40	4	6	22
6763	20	2	17	20
6764	20	2	16	20
6765	20	2	14	20
6766	40	4	9	22
6767	20	2	18	20
6768	20	2	1	20
6769	40	4	12	22
6770	40	4	19	22
6771	40	4	18	22
6772	40	4	13	22
6773	20	2	19	20
6774	40	4	14	22
6775	40	4	5	22
6776	20	2	20	20
6777	40	4	14	22
6778	20	2	17	20
6779	40	4	9	22
6780	40	4	1	22
6781	40	4	9	22
6782	20	2	11	20
6783	40	4	12	22
6784	40	4	21	22
6785	20	2	1	20
6786	20	2	8	20
6787	40	4	20	22
6788	40	4	13	22
6789	40	4	21	22
6790	40	4	2	22
6791	20	2	4	20
6792	20	2	12	20
6793	20	2	14	20
6794	40	4	8	22
6795	40	4	5	22
6796	40	4	3	22
6797	40	4	3	22
6798	40	4	3	22
6799	20	2	16	20
6800	20	2	18	20
6801	40	4	1	22
6802	40	4	7	22
6803	20	2	20	20
6804	20	2	7	20
6805	40	4	18	22
6806	40	4	3	22
6807	40	4	22	22
6808	20	2	10	20
6809	40	4	0	22
6810	20	2	9	20
6811	40	4	6	22
6812	20	2	1	20
6813	20	2	20	20
6814	40	4	7	22
6815	20	2	15	20
6816	40	4	7	22
6817	40	4	9	22
6818	20	2	2	20
6819	20	2	1	20
6820	40	4	1	22
6821	40	4	3	22
6822	40	4	19	22
6823	20	2	0	20
6824	20	2	16	20
6825	20	2	4	20
6826	40	4	14	22
6827	40	4	16	22
6828	40	4	19	22
6829	20	2	14	20
6830	40	4	10	22
6831	20	2	3	20
6832	40	4	1	22
6833	40	4	19	22
6834	40	4	16	22
6835	40	4	3	22
6836	40	4	12	22
6837	40	4	3	22
6838	40	4	21	22
6839	40	4	7	22
6840	20	2	18	20
6841	20	2	6	20
6842	40	4	13	22
6843	40	4	7	22
6844	20	2	16	20
6845	40	4	0	22
6846	40	4	22	22
6847	20	2	8	20
6848	40	4	22	22
6849	20	2	14	20
6850	40	4	7	22
6851	40	4	22	22
6852	40	4	3	22
6853	40	4	2	22
6854	40	4	20	22
6855	20	2	5	20
6856	40	4	21	22
6857	20	2	1	20
6858	40	4	19	22
6859	40	4	7	22
6860	20	2	14	20
6861	40	4	20	22
6862	40	4	5	22
6863	20	2	14	20
6864	40	4	22	22
6865	40	4	4	22
6866	40	4	7	22
6867	40	4	15	22
6868	20	2	14	20
6869	40	4	4	22
6870	40	4	15	22
6871	20	2	5	20
6872	40	4	2	22
6873	40	4	4	22
6874	40	4	13	22
6875	20	2	9	20
6876	40	4	10	22
6877	20	2	14	20
6878	40	4	8	22
6879	40	4	2	22
6880	40	4	0	22
6881	40	4	6	22
6882	40	4	6	22
6883	20	2	1	20
6884	40	4	14	22
6885	40	4	2	22
6886	20	2	14	20
6887	20	2	0	20
6888	20	2	0	20
6889	40	4	0	22
6890	40	4	3	22
6891	40	4	2	22
6892	40	4	9	22
6893	20	2	19	20
6894	20	2	5	20
6895	20	2	2	20
6896	40	4	10	22
6897	20	2	15	20
6898	20	2	5	20
6899	40	4	11	22
6900	40	4	5	22
6901	20	2	2	20
6902	40	4	7	22
6903	40	4	21	22
6904	20	2	18	20
6905	40	4	1	22
6906	20	2	4	20
6907	20	2	10	20
6908	40	4	21	22
6909	40	4	7	22
6910	40	4	8	22
6911	20	2	9	20
6912	40	4	13	22
6913	20	2	19	20
6914	20	2	10	20
6915	20	2	8	20
6916	40	4	12	22
6917	40	4	18	22
6918	20	2	2	20
6919	40	4	21	22
6920	40	4	20	22
6921	40	4	8	22
6922	20	2	15	20
6923	40	4	13	22
6924	40	4	13	22
6925	20	2	0	20
6926	40	4	5	22
6927	20	2	14	20
6928	20	2	16	20
6929	20	2	7	20
6930	20	2	0	20
6931	20	2	0	20
6932	20	2	2	20
6933	20	2	12	20
6934	40	4	13	22
6935	20	2	1	20
6936	40	4	20	22
6937	40	4	0	22
6938	20	2	19	20
6939	40	4	3	22
6940	40	4	1	22
6941	20	2	18	20
6942	20	2	13	20
6943	20	2	18	20
6944	20	2	8	20
6945	40	4	10	22
6946	40	4	4	22
6947	40	4	12	22
6948	40	4	11	22
6949	20	2	7	20
6950	40	4	15	22
6951	40	4	5	22
6952	20	2	11	20
6953	20	2	3	20
6954	40	4	13	22
6955	20	2	5	20
6956	40	4	18	22
6957	40	4	13	22
6958	20	2	20	20
6959	40	4	20	22
6960	40	4	22	22
6961	20	2	20	20
6962	20	2	20	20
6963	20	2	18	20
6964	40	4	8	22
6965	20	2	19	20
6966	20	2	11	20
6967	20	2	1	20
6968	40	4	18	22
6969	20	2	10	20
6970	20	2	1	20
6971	20	2	5	20
6972	40	4	19	22
6973	20	2	3	20
6974	40	4	5	22
6975	40	4	11	22
6976	20	2	20	20
6977	40	4	15	22
6978	20	2	2	20
6979	20	2	9	20
6980	20	2	10	20
6981	20	2	12	20
6982	40	4	22	22
6983	40	4	2	22
6984	40	4	22	22
6985	40	4	1	22
6986	40	4	20	22
6987	40	4	17	22
6988	40	4	0	22
6989	40	4	22	22
6990	40	4	11	22
6991	40	4	12	22
6992	20	2	18	20
6993	20	2	14	20
6994	40	4	12	22
6995	20	2	17	20
6996	40	4	19	22
6997	20	2	17	20
6998	20	2	6	20
6999	40	4	7	22
7000	40	4	13	22
7001	20	2	6	20
7002	20	2	6	20
7003	40	4	2	22
7004	20	2	1	20
7005	40	4	3	22
7006	20	2	3	20
7007	20	2	18	20
7008	20	2	16	20
7009	20	2	4	20
7010	40	4	22	22
7011	20	2	19	20
7012	20	2	3	20
7013	40	4	4	22
7014	40	4	12	22
7015	20	2	14	20
7016	40	4	18	22
7017	20	2	18	20
7018	40	4	21	22
7019	40	4	11	22
7020	20	2	15	20
7021	40	4	21	22
7022	40	4	5	22
7023	20	2	19	20
7024	20	2	15	20
7025	20	2	4	20
7026	20	2	1	20
7027	40	4	4	22
7028	40	4	7	22
7029	20	2	12	20
7030	20	2	15	20
7031	20	2	14	20
7032	40	4	22	22
7033	20	2	4	20
7034	20	2	13	20
7035	20	2	14	20
7036	20	2	0	20
7037	40	4	2	22
7038	40	4	10	22
7039	40	4	12	22
7040	20	2	5	20
7041	40	4	15	22
7042	40	4	8	22
7043	20	2	9	20
7044	40	4	6	22
7045	20	2	10	20
7046	20	2	18	20
7047	40	4	19	22
7048	40	4	1	22
7049	20	2	17	20
7050	20	2	12	20
7051	20	2	2	20
7052	40	4	2	22
7053	40	4	5	22
7054	20	2	1	20
7055	40	4	18	22
7056	40	4	16	22
7057	20	2	16	20
7058	20	2	12	20
7059	20	2	20	20
7060	40	4	3	22
7061	20	2	8	20
7062	20	2	9	20
7063	20	2	8	20
7064	20	2	13	20
7065	20	2	9	20
7066	20	2	3	20
7067	40	4	2	22
7068	20	2	4	20
7069	20	2	8	20
7070	20	2	19	20
7071	40	4	17	22
7072	20	2	14	20
7073	40	4	12	22
7074	40	4	5	22
7075	40	4	17	22
7076	40	4	16	22
7077	20	2	19	20
7078	20	2	5	20
7079	40	4	2	22
7080	20	2	6	20
7081	40	4	4	22
7082	40	4	20	22
7083	20	2	10	20
7084	40	4	7	22
7085	20	2	20	20
7086	20	2	4	20
7087	40	4	19	22
7088	20	2	3	20
7089	20	2	0	20
7090	20	2	13	20
7091	20	2	5	20
7092	40	4	7	22
7093	20	2	14	20
7094	40	4	13	22
7095	40	4	2	22
7096	40	4	2	22
7097	40	4	8	22
7098	40	4	0	22
7099	40	4	6	22
7100	20	2	1	20
7101	20	2	8	20
7102	40	4	19	22
7103	40	4	17	22
7104	20	2	1	20
7105	20	2	2	20
7106	20	2	17	20
7107	40	4	17	22
7108	20	2	15	20
7109	40	4	16	22
7110	20	2	5	20
7111	20	2	13	20
7112	20	2	6	20
7113	20	2	11	20
7114	20	2	15	20
7115	40	4	2	22
7116	40	4	15	22
7117	20	2	1	20
7118	40	4	17	22
7119	20	2	4	20
7120	20	2	9	20
7121	20	2	4	20
7122	20	2	4	20
7123	20	2	13	20
7124	40	4	9	22
7125	40	4	6	22
7126	20	2	3	20
7127	20	2	15	20
7128	20	2	0	20
7129	40	4	21	22
7130	40	4	10	22
7131	40	4	2	22
7132	40	4	0	22
7133	40	4	1	22
7134	40	4	1	22
7135	40	4	14	22
7136	20	2	14	20
7137	40	4	0	22
7138	20	2	6	20
7139	20	2	2	20
7140	40	4	18	22
7141	20	2	19	20
7142	20	2	20	20
7143	40	4	14	22
7144	40	4	5	22
7145	20	2	11	20
7146	20	2	3	20
7147	20	2	13	20
7148	40	4	18	22
7149	20	2	10	20
7150	20	2	14	20
7151	20	2	11	20
7152	20	2	14	20
7153	40	4	15	22
7154	20	2	15	20
7155	40	4	20	22
7156	40	4	4	22
7157	20	2	13	20
7158	20	2	5	20
7159	40	4	22	22
7160	40	4	0	22
7161	40	4	22	22
7162	20	2	9	20
7163	40	4	5	22
7164	20	2	9	20
7165	20	2	7	20
7166	40	4	19	22
7167	40	4	15	22
7168	40	4	5	22
7169	40	4	7	22
7170	20	2	13	20
7171	40	4	13	22
7172	20	2	16	20
7173	20	2	16	20
7174	20	2	4	20
7175	40	4	6	22
7176	40	4	12	22
7177	20	2	7	20
7178	40	4	22	22
7179	40	4	3	22
7180	40	4	9	22
7181	20	2	19	20
7182	40	4	14	22
7183	40	4	9	22
7184	20	2	5	20
7185	40	4	9	22
7186	20	2	7	20
7187	40	4	1	22
7188	40	4	11	22
7189	20	2	19	20
7190	40	4	22	22
7191	20	2	16	20
7192	40	4	13	22
7193	20	2	15	20
7194	40	4	13	22
7195	40	4	9	22
7196	20	2	2	20
7197	20	2	2	20
7198	20	2	16	20
7199	40	4	9	22
7200	20	2	0	20
7201	40	4	19	22
7202	20	2	12	20
7203	20	2	20	20
7204	20	2	20	20
7205	40	4	22	22
7206	40	4	3	22
7207	20	2	10	20
7208	20	2	8	20
7209	20	2	0	20
7210	20	2	8	20
7211	40	4	7	22
7212	40	4	9	22
7213	40	4	6	22
7214	40	4	4	22
7215	20	2	15	20
7216	20	2	7	20
7217	20	2	10	20
7218	40	4	2	22
7219	20	2	6	20
7220	20	2	10	20
7221	40	4	15	22
7222	40	4	17	22
7223	40	4	5	22
7224	40	4	16	22
7225	40	4	22	22
7226	20	2	8	20
7227	40	4	4	22
7228	40	4	17	22
7229	20	2	14	20
7230	40	4	8	22
7231	40	4	16	22
7232	20	2	13	20
7233	40	4	19	22
7234	20	2	0	20
7235	40	4	0	22
7236	20	2	10	20
7237	40	4	19	22
7238	40	4	20	22
7239	40	4	17	22
7240	20	2	19	20
7241	40	4	16	22
7242	40	4	15	22
7243	20	2	6	20
7244	20	2	6	20
7245	20	2	13	20
7246	20	2	18	20
7247	20	2	17	20
7248	40	4	19	22
7249	40	4	16	22
7250	40	4	13	22
7251	20	2	12	20
7252	40	4	1	22
7253	20	2	18	20
7254	40	4	20	22
7255	40	4	15	22
7256	40	4	12	22
7257	20	2	16	20
7258	40	4	5	22
7259	20	2	16	20
7260	20	2	10	20
7261	20	2	20	20
7262	20	2	1	20
7263	20	2	10	20
7264	20	2	18	20
7265	20	2	4	20
7266	20	2	6	20
7267	20	2	7	20
7268	40	4	18	22
7269	20	2	18	20
7270	40	4	13	22
7271	40	4	20	22
7272	20	2	4	20
7273	40	4	13	22
7274	40	4	21	22
7275	40	4	0	22
7276	20	2	14	20
7277	40	4	18	22
7278	40	4	11	22
7279	20	2	6	20
7280	40	4	22	22
7281	40	4	2	22
7282	40	4	16	22
7283	20	2	10	20
7284	40	4	21	22
7285	20	2	8	20
7286	40	4	13	22
7287	40	4	16	22
7288	40	4	0	22
7289	20	2	14	20
7290	20	2	3	20
7291	40	4	22	22
7292	40	4	16	22
7293	40	4	14	22
7294	40	4	17	22
7295	20	2	2	20
7296	40	4	11	22
7297	40	4	20	22
7298	40	4	16	22
7299	40	4	5	22
7300	20	2	17	20
7301	20	2	2	20
7302	20	2	14	20
7303	20	2	20	20
7304	20	2	10	20
7305	20	2	1	20
7306	20	2	12	20
7307	40	4	20	22
7308	20	2	1	20
7309	40	4	20	22
7310	20	2	9	20
7311	20	2	10	20
7312	20	2	11	20
7313	40	4	0	22
7314	40	4	11	22
7315	40	4	18	22
7316	20	2	2	20
7317	20	2	1	20
7318	20	2	15	20
7319	40	4	8	22
7320	40	4	20	22
7321	40	4	8	22
7322	40	4	17	22
7323	40	4	0	22
7324	20	2	9	20
7325	20	2	6	20
7326	20	2	2	20
7327	40	4	17	22
7328	20	2	7	20
7329	40	4	0	22
7330	40	4	16	22
7331	20	2	8	20
7332	40	4	8	22
7333	40	4	19	22
7334	40	4	1	22
7335	20	2	15	20
7336	20	2	14	20
7337	20	2	3	20
7338	20	2	9	20
7339	40	4	0	22
7340	20	2	19	20
7341	40	4	11	22
7342	20	2	3	20
7343	40	4	10	22
7344	20	2	6	20
7345	40	4	18	22
7346	40	4	7	22
7347	40	4	16	22
7348	40	4	9	22
7349	40	4	14	22
7350	20	2	19	20
7351	40	4	18	22
7352	20	2	15	20
7353	20	2	2	20
7354	40	4	16	22
7355	40	4	2	22
7356	20	2	3	20
7357	20	2	12	20
7358	20	2	10	20
7359	40	4	20	22
7360	40	4	13	22
7361	20	2	10	20
7362	20	2	17	20
7363	40	4	0	22
7364	20	2	11	20
7365	20	2	7	20
7366	40	4	10	22
7367	20	2	9	20
7368	40	4	11	22
7369	20	2	16	20
7370	20	2	0	20
7371	20	2	0	20
7372	40	4	13	22
7373	20	2	18	20
7374	20	2	10	20
7375	40	4	8	22
7376	40	4	14	22
7377	20	2	13	20
7378	40	4	0	22
7379	40	4	12	22
7380	20	2	15	20
7381	40	4	1	22
7382	40	4	3	22
7383	40	4	22	22
7384	20	2	18	20
7385	40	4	15	22
7386	40	4	13	22
7387	20	2	2	20
7388	20	2	5	20
7389	20	2	19	20
7390	40	4	13	22
7391	40	4	5	22
7392	20	2	6	20
7393	40	4	7	22
7394	20	2	2	20
7395	40	4	0	22
7396	20	2	8	20
7397	20	2	11	20
7398	40	4	0	22
7399	20	2	6	20
7400	20	2	19	20
7401	40	4	9	22
7402	20	2	13	20
7403	20	2	3	20
7404	20	2	9	20
7405	40	4	1	22
7406	40	4	3	22
7407	20	2	13	20
7408	40	4	4	22
7409	20	2	12	20
7410	40	4	7	22
7411	40	4	8	22
7412	20	2	16	20
7413	20	2	10	20
7414	20	2	14	20
7415	40	4	21	22
7416	20	2	7	20
7417	20	2	14	20
7418	20	2	7	20
7419	20	2	6	20
7420	40	4	9	22
7421	40	4	15	22
7422	20	2	8	20
7423	40	4	3	22
7424	20	2	0	20
7425	40	4	21	22
7426	40	4	10	22
7427	40	4	3	22
7428	20	2	11	20
7429	20	2	18	20
7430	40	4	15	22
7431	20	2	18	20
7432	40	4	10	22
7433	20	2	15	20
7434	20	2	2	20
7435	20	2	13	20
7436	40	4	18	22
7437	40	4	22	22
7438	40	4	6	22
7439	40	4	8	22
7440	20	2	5	20
7441	20	2	14	20
7442	40	4	13	22
7443	40	4	13	22
7444	40	4	2	22
7445	20	2	5	20
7446	40	4	1	22
7447	20	2	8	20
7448	40	4	21	22
7449	40	4	17	22
7450	40	4	5	22
7451	20	2	20	20
7452	40	4	2	22
7453	20	2	20	20
7454	20	2	15	20
7455	40	4	9	22
7456	40	4	15	22
7457	40	4	16	22
7458	20	2	4	20
7459	20	2	2	20
7460	40	4	11	22
7461	20	2	19	20
7462	20	2	13	20
7463	20	2	4	20
7464	20	2	9	20
7465	20	2	3	20
7466	40	4	16	22
7467	40	4	20	22
7468	20	2	8	20
7469	20	2	7	20
7470	20	2	12	20
7471	20	2	4	20
7472	20	2	13	20
7473	20	2	5	20
7474	20	2	11	20
7475	40	4	1	22
7476	20	2	3	20
7477	40	4	1	22
7478	20	2	10	20
7479	40	4	4	22
7480	40	4	7	22
7481	20	2	19	20
7482	20	2	6	20
7483	20	2	20	20
7484	40	4	14	22
7485	20	2	1	20
7486	20	2	6	20
7487	20	2	12	20
7488	40	4	10	22
7489	40	4	0	22
7490	40	4	20	22
7491	20	2	13	20
7492	40	4	5	22
7493	20	2	11	20
7494	40	4	15	22
7495	40	4	8	22
7496	40	4	4	22
7497	20	2	3	20
7498	20	2	5	20
7499	20	2	13	20
7500	40	4	2	22
7501	20	2	7	20
7502	20	2	13	20
7503	40	4	14	22
7504	20	2	13	20
7505	40	4	15	22
7506	20	2	8	20
7507	20	2	7	20
7508	40	4	17	22
7509	20	2	19	20
7510	40	4	6	22
7511	20	2	4	20
7512	40	4	9	22
7513	40	4	0	22
7514	40	4	21	22
7515	40	4	15	22
7516	20	2	13	20
7517	40	4	12	22
7518	20	2	13	20
7519	40	4	17	22
7520	40	4	14	22
7521	20	2	0	20
7522	40	4	21	22
7523	20	2	1	20
7524	40	4	12	22
7525	40	4	4	22
7526	40	4	0	22
7527	40	4	9	22
7528	40	4	12	22
7529	40	4	20	22
7530	20	2	17	20
7531	40	4	22	22
7532	20	2	13	20
7533	20	2	3	20
7534	40	4	15	22
7535	20	2	8	20
7536	40	4	18	22
7537	20	2	13	20
7538	40	4	1	22
7539	40	4	13	22
7540	20	2	11	20
7541	40	4	11	22
7542	20	2	19	20
7543	40	4	22	22
7544	20	2	12	20
7545	20	2	15	20
7546	40	4	17	22
7547	20	2	0	20
7548	40	4	1	22
7549	20	2	2	20
7550	40	4	0	22
7551	20	2	4	20
7552	40	4	15	22
7553	40	4	0	22
7554	20	2	5	20
7555	20	2	18	20
7556	40	4	12	22
7557	40	4	16	22
7558	40	4	20	22
7559	20	2	11	20
7560	40	4	8	22
7561	20	2	7	20
7562	40	4	18	22
7563	20	2	18	20
7564	20	2	12	20
7565	20	2	4	20
7566	20	2	19	20
7567	20	2	16	20
7568	40	4	5	22
7569	20	2	11	20
7570	20	2	20	20
7571	40	4	13	22
7572	20	2	0	20
7573	20	2	9	20
7574	20	2	12	20
7575	20	2	15	20
7576	40	4	16	22
7577	20	2	2	20
7578	20	2	9	20
7579	20	2	4	20
7580	20	2	6	20
7581	40	4	1	22
7582	40	4	19	22
7583	20	2	4	20
7584	20	2	14	20
7585	20	2	12	20
7586	20	2	6	20
7587	20	2	6	20
7588	40	4	16	22
7589	20	2	17	20
7590	20	2	11	20
7591	20	2	1	20
7592	20	2	16	20
7593	20	2	15	20
7594	20	2	4	20
7595	40	4	10	22
7596	40	4	4	22
7597	40	4	12	22
7598	20	2	9	20
7599	40	4	6	22
7600	20	2	13	20
7601	40	4	1	22
7602	40	4	0	22
7603	40	4	9	22
7604	40	4	15	22
7605	40	4	3	22
7606	20	2	9	20
7607	40	4	8	22
7608	20	2	15	20
7609	40	4	13	22
7610	20	2	0	20
7611	20	2	14	20
7612	40	4	20	22
7613	20	2	12	20
7614	40	4	17	22
7615	40	4	1	22
7616	40	4	7	22
7617	20	2	16	20
7618	20	2	19	20
7619	20	2	12	20
7620	20	2	3	20
7621	20	2	10	20
7622	20	2	20	20
7623	20	2	20	20
7624	20	2	13	20
7625	40	4	15	22
7626	40	4	17	22
7627	20	2	10	20
7628	40	4	6	22
7629	40	4	21	22
7630	20	2	11	20
7631	20	2	14	20
7632	40	4	2	22
7633	40	4	3	22
7634	20	2	20	20
7635	40	4	14	22
7636	20	2	4	20
7637	20	2	16	20
7638	40	4	12	22
7639	40	4	14	22
7640	40	4	22	22
7641	20	2	8	20
7642	20	2	15	20
7643	20	2	3	20
7644	40	4	11	22
7645	40	4	16	22
7646	20	2	11	20
7647	20	2	1	20
7648	20	2	12	20
7649	40	4	21	22
7650	20	2	18	20
7651	40	4	16	22
7652	20	2	18	20
7653	20	2	2	20
7654	40	4	22	22
7655	20	2	20	20
7656	20	2	6	20
7657	40	4	8	22
7658	20	2	17	20
7659	20	2	19	20
7660	20	2	19	20
7661	40	4	2	22
7662	20	2	1	20
7663	20	2	15	20
7664	20	2	13	20
7665	20	2	15	20
7666	20	2	11	20
7667	20	2	20	20
7668	20	2	0	20
7669	20	2	18	20
7670	20	2	12	20
7671	20	2	6	20
7672	20	2	4	20
7673	40	4	18	22
7674	40	4	13	22
7675	40	4	18	22
7676	20	2	0	20
7677	40	4	2	22
7678	20	2	2	20
7679	40	4	22	22
7680	20	2	14	20
7681	20	2	5	20
7682	20	2	15	20
7683	20	2	4	20
7684	20	2	7	20
7685	20	2	3	20
7686	20	2	11	20
7687	40	4	13	22
7688	40	4	18	22
7689	40	4	19	22
7690	40	4	9	22
7691	40	4	12	22
7692	40	4	0	22
7693	20	2	3	20
7694	20	2	0	20
7695	40	4	22	22
7696	20	2	13	20
7697	20	2	9	20
7698	40	4	10	22
7699	20	2	2	20
7700	40	4	9	22
7701	40	4	11	22
7702	20	2	15	20
7703	20	2	1	20
7704	20	2	7	20
7705	40	4	14	22
7706	40	4	11	22
7707	20	2	4	20
7708	20	2	10	20
7709	20	2	1	20
7710	20	2	7	20
7711	40	4	12	22
7712	40	4	15	22
7713	20	2	20	20
7714	20	2	6	20
7715	20	2	1	20
7716	20	2	2	20
7717	40	4	0	22
7718	40	4	16	22
7719	40	4	0	22
7720	20	2	20	20
7721	20	2	7	20
7722	40	4	12	22
7723	20	2	4	20
7724	40	4	8	22
7725	40	4	22	22
7726	40	4	12	22
7727	40	4	4	22
7728	40	4	13	22
7729	40	4	9	22
7730	40	4	11	22
7731	20	2	11	20
7732	20	2	13	20
7733	40	4	2	22
7734	40	4	14	22
7735	40	4	9	22
7736	20	2	16	20
7737	40	4	21	22
7738	40	4	1	22
7739	20	2	16	20
7740	40	4	20	22
7741	20	2	0	20
7742	40	4	19	22
7743	40	4	16	22
7744	40	4	13	22
7745	20	2	10	20
7746	20	2	9	20
7747	20	2	8	20
7748	20	2	8	20
7749	20	2	3	20
7750	20	2	4	20
7751	20	2	5	20
7752	40	4	8	22
7753	40	4	0	22
7754	40	4	17	22
7755	40	4	16	22
7756	20	2	11	20
7757	20	2	8	20
7758	20	2	12	20
7759	40	4	8	22
7760	40	4	13	22
7761	40	4	8	22
7762	40	4	5	22
7763	20	2	13	20
7764	40	4	4	22
7765	40	4	12	22
7766	20	2	6	20
7767	40	4	8	22
7768	40	4	12	22
7769	20	2	4	20
7770	20	2	19	20
7771	20	2	20	20
7772	40	4	19	22
7773	20	2	5	20
7774	40	4	13	22
7775	20	2	15	20
7776	20	2	13	20
7777	40	4	2	22
7778	40	4	19	22
7779	20	2	19	20
7780	20	2	19	20
7781	40	4	4	22
7782	40	4	20	22
7783	40	4	12	22
7784	20	2	12	20
7785	20	2	4	20
7786	20	2	0	20
7787	20	2	14	20
7788	40	4	6	22
7789	40	4	8	22
7790	20	2	2	20
7791	40	4	15	22
7792	20	2	19	20
7793	40	4	9	22
7794	40	4	15	22
7795	20	2	16	20
7796	40	4	5	22
7797	40	4	22	22
7798	20	2	12	20
7799	20	2	1	20
7800	40	4	14	22
7801	20	2	7	20
7802	40	4	9	22
7803	20	2	0	20
7804	40	4	16	22
7805	20	2	8	20
7806	40	4	12	22
7807	20	2	13	20
7808	20	2	2	20
7809	20	2	20	20
7810	40	4	7	22
7811	40	4	9	22
7812	20	2	8	20
7813	20	2	15	20
7814	40	4	22	22
7815	20	2	15	20
7816	40	4	1	22
7817	20	2	20	20
7818	40	4	11	22
7819	20	2	5	20
7820	20	2	6	20
7821	20	2	11	20
7822	40	4	17	22
7823	40	4	0	22
7824	20	2	7	20
7825	20	2	6	20
7826	20	2	1	20
7827	40	4	2	22
7828	20	2	2	20
7829	40	4	22	22
7830	40	4	7	22
7831	20	2	12	20
7832	20	2	3	20
7833	20	2	5	20
7834	40	4	7	22
7835	20	2	19	20
7836	20	2	15	20
7837	20	2	4	20
7838	20	2	14	20
7839	40	4	5	22
7840	20	2	8	20
7841	40	4	17	22
7842	40	4	19	22
7843	40	4	21	22
7844	20	2	7	20
7845	40	4	19	22
7846	20	2	0	20
7847	20	2	5	20
7848	20	2	2	20
7849	40	4	12	22
7850	20	2	7	20
7851	20	2	4	20
7852	40	4	17	22
7853	40	4	16	22
7854	20	2	20	20
7855	40	4	1	22
7856	40	4	16	22
7857	40	4	5	22
7858	40	4	19	22
7859	40	4	7	22
7860	20	2	8	20
7861	40	4	14	22
7862	40	4	17	22
7863	20	2	1	20
7864	40	4	12	22
7865	20	2	7	20
7866	40	4	16	22
7867	20	2	14	20
7868	20	2	0	20
7869	40	4	4	22
7870	20	2	9	20
7871	20	2	5	20
7872	40	4	7	22
7873	40	4	9	22
7874	40	4	16	22
7875	40	4	10	22
7876	20	2	18	20
7877	40	4	8	22
7878	20	2	20	20
7879	40	4	3	22
7880	20	2	15	20
7881	20	2	3	20
7882	20	2	11	20
7883	20	2	9	20
7884	20	2	13	20
7885	20	2	16	20
7886	20	2	0	20
7887	40	4	5	22
7888	20	2	1	20
7889	20	2	2	20
7890	40	4	9	22
7891	20	2	8	20
7892	20	2	18	20
7893	40	4	16	22
7894	20	2	12	20
7895	20	2	10	20
7896	40	4	11	22
7897	20	2	18	20
7898	20	2	10	20
7899	40	4	20	22
7900	20	2	13	20
7901	20	2	0	20
7902	20	2	20	20
7903	40	4	20	22
7904	20	2	17	20
7905	40	4	9	22
7906	20	2	9	20
7907	20	2	18	20
7908	40	4	0	22
7909	40	4	3	22
7910	20	2	10	20
7911	20	2	10	20
7912	40	4	22	22
7913	40	4	12	22
7914	40	4	3	22
7915	20	2	18	20
7916	40	4	21	22
7917	20	2	9	20
7918	40	4	0	22
7919	40	4	1	22
7920	40	4	17	22
7921	40	4	14	22
7922	20	2	19	20
7923	40	4	13	22
7924	40	4	7	22
7925	40	4	18	22
7926	40	4	15	22
7927	40	4	13	22
7928	20	2	19	20
7929	20	2	18	20
7930	40	4	13	22
7931	20	2	0	20
7932	40	4	1	22
7933	20	2	10	20
7934	40	4	1	22
7935	20	2	11	20
7936	20	2	7	20
7937	20	2	12	20
7938	40	4	4	22
7939	20	2	7	20
7940	20	2	7	20
7941	40	4	14	22
7942	20	2	11	20
7943	40	4	1	22
7944	40	4	22	22
7945	40	4	22	22
7946	40	4	7	22
7947	40	4	6	22
7948	40	4	14	22
7949	40	4	0	22
7950	40	4	20	22
7951	20	2	15	20
7952	20	2	3	20
7953	40	4	1	22
7954	20	2	3	20
7955	40	4	7	22
7956	40	4	6	22
7957	20	2	18	20
7958	20	2	7	20
7959	20	2	1	20
7960	20	2	0	20
7961	40	4	16	22
7962	20	2	2	20
7963	40	4	19	22
7964	40	4	7	22
7965	40	4	8	22
7966	40	4	22	22
7967	20	2	11	20
7968	20	2	20	20
7969	40	4	9	22
7970	40	4	3	22
7971	40	4	12	22
7972	40	4	18	22
7973	20	2	0	20
7974	20	2	17	20
7975	40	4	2	22
7976	20	2	13	20
7977	20	2	20	20
7978	20	2	3	20
7979	40	4	18	22
7980	20	2	5	20
7981	20	2	10	20
7982	40	4	6	22
7983	20	2	11	20
7984	40	4	9	22
7985	40	4	11	22
7986	40	4	22	22
7987	20	2	9	20
7988	20	2	7	20
7989	40	4	9	22
7990	20	2	11	20
7991	40	4	16	22
7992	20	2	1	20
7993	20	2	9	20
7994	40	4	11	22
7995	40	4	19	22
7996	20	2	5	20
7997	20	2	9	20
7998	20	2	17	20
7999	20	2	9	20
8000	40	4	0	22
8001	40	4	0	22
8002	40	4	6	22
8003	40	4	2	22
8004	20	2	0	20
8005	40	4	1	22
8006	20	2	10	20
8007	20	2	20	20
8008	20	2	7	20
8009	20	2	16	20
8010	20	2	3	20
8011	20	2	14	20
8012	40	4	11	22
8013	40	4	3	22
8014	20	2	2	20
8015	40	4	10	22
8016	40	4	1	22
8017	40	4	12	22
8018	40	4	17	22
8019	40	4	2	22
8020	20	2	10	20
8021	40	4	16	22
8022	20	2	16	20
8023	40	4	1	22
8024	40	4	12	22
8025	40	4	21	22
8026	20	2	6	20
8027	20	2	6	20
8028	40	4	3	22
8029	20	2	2	20
8030	40	4	7	22
8031	40	4	21	22
8032	20	2	11	20
8033	40	4	22	22
8034	40	4	15	22
8035	20	2	13	20
8036	20	2	20	20
8037	20	2	14	20
8038	40	4	8	22
8039	40	4	4	22
8040	20	2	9	20
8041	20	2	14	20
8042	40	4	7	22
8043	20	2	9	20
8044	40	4	3	22
8045	20	2	5	20
8046	20	2	18	20
8047	40	4	11	22
8048	40	4	4	22
8049	40	4	15	22
8050	20	2	4	20
8051	20	2	18	20
8052	20	2	5	20
8053	20	2	0	20
8054	40	4	17	22
8055	40	4	14	22
8056	20	2	8	20
8057	40	4	11	22
8058	40	4	3	22
8059	20	2	12	20
8060	20	2	8	20
8061	40	4	22	22
8062	40	4	6	22
8063	40	4	12	22
8064	40	4	13	22
8065	40	4	6	22
8066	40	4	9	22
8067	20	2	9	20
8068	20	2	14	20
8069	40	4	13	22
8070	40	4	19	22
8071	40	4	19	22
8072	20	2	11	20
8073	40	4	10	22
8074	40	4	13	22
8075	20	2	0	20
8076	40	4	21	22
8077	20	2	16	20
8078	40	4	18	22
8079	40	4	12	22
8080	40	4	2	22
8081	20	2	16	20
8082	40	4	14	22
8083	20	2	2	20
8084	40	4	15	22
8085	20	2	0	20
8086	20	2	20	20
8087	40	4	6	22
8088	40	4	15	22
8089	20	2	20	20
8090	40	4	7	22
8091	20	2	15	20
8092	20	2	6	20
8093	20	2	17	20
8094	40	4	8	22
8095	40	4	5	22
8096	20	2	6	20
8097	40	4	14	22
8098	40	4	0	22
8099	20	2	3	20
8100	20	2	10	20
8101	40	4	21	22
8102	40	4	12	22
8103	40	4	17	22
8104	40	4	22	22
8105	40	4	14	22
8106	20	2	20	20
8107	40	4	14	22
8108	20	2	7	20
8109	20	2	18	20
8110	40	4	20	22
8111	40	4	5	22
8112	40	4	4	22
8113	20	2	3	20
8114	40	4	5	22
8115	20	2	15	20
8116	20	2	13	20
8117	20	2	12	20
8118	20	2	13	20
8119	20	2	8	20
8120	20	2	20	20
8121	20	2	18	20
8122	40	4	14	22
8123	20	2	3	20
8124	20	2	4	20
8125	40	4	1	22
8126	40	4	8	22
8127	40	4	7	22
8128	20	2	12	20
8129	40	4	11	22
8130	20	2	18	20
8131	40	4	8	22
8132	40	4	19	22
8133	40	4	19	22
8134	20	2	7	20
8135	20	2	9	20
8136	20	2	3	20
8137	20	2	14	20
8138	20	2	19	20
8139	40	4	13	22
8140	40	4	22	22
8141	40	4	22	22
8142	20	2	5	20
8143	40	4	1	22
8144	20	2	15	20
8145	40	4	9	22
8146	40	4	16	22
8147	20	2	6	20
8148	20	2	14	20
8149	20	2	14	20
8150	40	4	20	22
8151	20	2	6	20
8152	40	4	14	22
8153	20	2	18	20
8154	40	4	3	22
8155	40	4	11	22
8156	20	2	10	20
8157	20	2	8	20
8158	40	4	4	22
8159	20	2	6	20
8160	40	4	10	22
8161	20	2	9	20
8162	20	2	17	20
8163	20	2	13	20
8164	40	4	18	22
8165	20	2	16	20
8166	40	4	16	22
8167	40	4	1	22
8168	20	2	14	20
8169	40	4	6	22
8170	20	2	12	20
8171	40	4	17	22
8172	40	4	21	22
8173	40	4	2	22
8174	40	4	0	22
8175	40	4	1	22
8176	40	4	11	22
8177	40	4	4	22
8178	20	2	11	20
8179	40	4	14	22
8180	40	4	18	22
8181	20	2	12	20
8182	20	2	9	20
8183	40	4	13	22
8184	40	4	12	22
8185	20	2	16	20
8186	20	2	10	20
8187	40	4	1	22
8188	40	4	16	22
8189	40	4	11	22
8190	20	2	9	20
8191	40	4	14	22
8192	40	4	1	22
8193	40	4	22	22
8194	40	4	16	22
8195	20	2	5	20
8196	40	4	15	22
8197	20	2	19	20
8198	40	4	9	22
8199	40	4	16	22
8200	40	4	14	22
8201	40	4	11	22
8202	20	2	10	20
8203	40	4	1	22
8204	40	4	11	22
8205	20	2	6	20
8206	20	2	11	20
8207	40	4	6	22
8208	20	2	9	20
8209	20	2	0	20
8210	40	4	3	22
8211	20	2	17	20
8212	40	4	10	22
8213	40	4	8	22
8214	40	4	3	22
8215	40	4	16	22
8216	20	2	19	20
8217	40	4	6	22
8218	40	4	4	22
8219	40	4	8	22
8220	40	4	18	22
8221	40	4	7	22
8222	40	4	18	22
8223	20	2	14	20
8224	40	4	17	22
8225	20	2	15	20
8226	20	2	8	20
8227	40	4	5	22
8228	20	2	8	20
8229	40	4	1	22
8230	20	2	0	20
8231	40	4	2	22
8232	40	4	1	22
8233	20	2	7	20
8234	20	2	11	20
8235	40	4	2	22
8236	20	2	19	20
8237	20	2	14	20
8238	20	2	11	20
8239	20	2	3	20
8240	40	4	5	22
8241	40	4	1	22
8242	20	2	13	20
8243	40	4	1	22
8244	20	2	13	20
8245	20	2	12	20
8246	40	4	2	22
8247	40	4	2	22
8248	20	2	18	20
8249	20	2	15	20
8250	20	2	13	20
8251	20	2	3	20
8252	40	4	3	22
8253	40	4	0	22
8254	20	2	6	20
8255	40	4	6	22
8256	40	4	19	22
8257	40	4	17	22
8258	40	4	12	22
8259	20	2	15	20
8260	20	2	12	20
8261	40	4	15	22
8262	20	2	17	20
8263	20	2	18	20
8264	40	4	19	22
8265	40	4	19	22
8266	40	4	21	22
8267	20	2	3	20
8268	40	4	18	22
8269	20	2	15	20
8270	40	4	20	22
8271	40	4	16	22
8272	40	4	15	22
8273	20	2	1	20
8274	40	4	15	22
8275	40	4	5	22
8276	20	2	20	20
8277	40	4	3	22
8278	20	2	2	20
8279	40	4	5	22
8280	40	4	4	22
8281	20	2	2	20
8282	20	2	17	20
8283	40	4	1	22
8284	20	2	8	20
8285	40	4	17	22
8286	40	4	15	22
8287	20	2	5	20
8288	20	2	1	20
8289	40	4	0	22
8290	40	4	16	22
8291	40	4	7	22
8292	20	2	10	20
8293	40	4	1	22
8294	40	4	12	22
8295	20	2	16	20
8296	40	4	3	22
8297	40	4	11	22
8298	20	2	15	20
8299	20	2	19	20
8300	20	2	5	20
8301	20	2	1	20
8302	20	2	7	20
8303	20	2	18	20
8304	20	2	8	20
8305	40	4	2	22
8306	40	4	20	22
8307	40	4	1	22
8308	40	4	17	22
8309	20	2	1	20
8310	40	4	4	22
8311	20	2	12	20
8312	40	4	11	22
8313	20	2	20	20
8314	20	2	3	20
8315	20	2	13	20
8316	20	2	17	20
8317	40	4	7	22
8318	20	2	16	20
8319	20	2	9	20
8320	20	2	13	20
8321	20	2	9	20
8322	20	2	8	20
8323	20	2	17	20
8324	40	4	15	22
8325	20	2	7	20
8326	40	4	13	22
8327	20	2	15	20
8328	40	4	8	22
8329	20	2	8	20
8330	20	2	7	20
8331	20	2	3	20
8332	40	4	12	22
8333	40	4	17	22
8334	40	4	2	22
8335	20	2	20	20
8336	40	4	3	22
8337	20	2	16	20
8338	40	4	16	22
8339	40	4	2	22
8340	20	2	19	20
8341	20	2	8	20
8342	20	2	17	20
8343	20	2	15	20
8344	20	2	11	20
8345	20	2	17	20
8346	20	2	10	20
8347	20	2	20	20
8348	40	4	22	22
8349	40	4	1	22
8350	40	4	14	22
8351	40	4	16	22
8352	40	4	17	22
8353	40	4	18	22
8354	20	2	16	20
8355	40	4	8	22
8356	20	2	10	20
8357	40	4	22	22
8358	40	4	9	22
8359	20	2	5	20
8360	40	4	9	22
8361	40	4	1	22
8362	20	2	18	20
8363	40	4	5	22
8364	40	4	15	22
8365	20	2	10	20
8366	20	2	16	20
8367	40	4	8	22
8368	40	4	20	22
8369	40	4	2	22
8370	40	4	17	22
8371	20	2	9	20
8372	20	2	19	20
8373	20	2	11	20
8374	40	4	2	22
8375	20	2	16	20
8376	40	4	17	22
8377	20	2	18	20
8378	40	4	6	22
8379	40	4	4	22
8380	20	2	16	20
8381	40	4	13	22
8382	20	2	4	20
8383	20	2	11	20
8384	20	2	12	20
8385	20	2	17	20
8386	20	2	9	20
8387	40	4	13	22
8388	40	4	21	22
8389	40	4	10	22
8390	40	4	0	22
8391	20	2	13	20
8392	20	2	0	20
8393	40	4	6	22
8394	40	4	4	22
8395	40	4	16	22
8396	40	4	4	22
8397	20	2	10	20
8398	40	4	10	22
8399	40	4	10	22
8400	40	4	13	22
8401	40	4	20	22
8402	20	2	19	20
8403	20	2	11	20
8404	40	4	2	22
8405	20	2	19	20
8406	40	4	18	22
8407	40	4	13	22
8408	40	4	5	22
8409	20	2	6	20
8410	40	4	6	22
8411	40	4	8	22
8412	20	2	4	20
8413	40	4	22	22
8414	20	2	20	20
8415	40	4	12	22
8416	40	4	21	22
8417	20	2	4	20
8418	20	2	20	20
8419	20	2	5	20
8420	40	4	10	22
8421	20	2	1	20
8422	40	4	10	22
8423	40	4	5	22
8424	20	2	3	20
8425	20	2	9	20
8426	20	2	15	20
8427	20	2	15	20
8428	40	4	2	22
8429	20	2	1	20
8430	20	2	2	20
8431	40	4	8	22
8432	20	2	11	20
8433	20	2	17	20
8434	20	2	17	20
8435	40	4	18	22
8436	20	2	20	20
8437	40	4	4	22
8438	20	2	19	20
8439	20	2	1	20
8440	20	2	4	20
8441	20	2	2	20
8442	40	4	9	22
8443	40	4	8	22
8444	20	2	1	20
8445	40	4	2	22
8446	40	4	7	22
8447	40	4	17	22
8448	40	4	19	22
8449	20	2	16	20
8450	40	4	4	22
8451	40	4	3	22
8452	20	2	6	20
8453	40	4	17	22
8454	40	4	12	22
8455	20	2	15	20
8456	40	4	16	22
8457	40	4	1	22
8458	20	2	13	20
8459	40	4	13	22
8460	40	4	13	22
8461	20	2	16	20
8462	20	2	0	20
8463	20	2	12	20
8464	20	2	1	20
8465	40	4	6	22
8466	40	4	22	22
8467	20	2	16	20
8468	40	4	21	22
8469	20	2	17	20
8470	20	2	7	20
8471	40	4	21	22
8472	20	2	0	20
8473	40	4	10	22
8474	20	2	1	20
8475	20	2	8	20
8476	20	2	20	20
8477	40	4	18	22
8478	20	2	1	20
8479	20	2	6	20
8480	20	2	12	20
8481	20	2	2	20
8482	20	2	15	20
8483	40	4	12	22
8484	40	4	14	22
8485	20	2	17	20
8486	40	4	10	22
8487	20	2	13	20
8488	40	4	10	22
8489	40	4	0	22
8490	40	4	12	22
8491	40	4	7	22
8492	20	2	5	20
8493	20	2	11	20
8494	40	4	17	22
8495	40	4	12	22
8496	20	2	4	20
8497	40	4	7	22
8498	40	4	6	22
8499	20	2	9	20
8500	40	4	17	22
8501	40	4	21	22
8502	20	2	15	20
8503	20	2	19	20
8504	20	2	12	20
8505	40	4	3	22
8506	20	2	10	20
8507	20	2	13	20
8508	40	4	10	22
8509	20	2	18	20
8510	20	2	0	20
8511	40	4	7	22
8512	40	4	13	22
8513	40	4	19	22
8514	40	4	18	22
8515	20	2	3	20
8516	20	2	15	20
8517	40	4	4	22
8518	20	2	5	20
8519	20	2	16	20
8520	20	2	12	20
8521	20	2	2	20
8522	40	4	15	22
8523	40	4	6	22
8524	40	4	7	22
8525	40	4	22	22
8526	20	2	19	20
8527	20	2	13	20
8528	20	2	12	20
8529	20	2	5	20
8530	20	2	1	20
8531	20	2	19	20
8532	40	4	18	22
8533	40	4	10	22
8534	40	4	2	22
8535	20	2	1	20
8536	20	2	7	20
8537	20	2	17	20
8538	40	4	3	22
8539	20	2	17	20
8540	40	4	2	22
8541	20	2	17	20
8542	20	2	5	20
8543	20	2	5	20
8544	20	2	9	20
8545	40	4	5	22
8546	40	4	16	22
8547	40	4	17	22
8548	40	4	0	22
8549	20	2	16	20
8550	20	2	15	20
8551	20	2	15	20
8552	40	4	13	22
8553	40	4	4	22
8554	20	2	10	20
8555	20	2	17	20
8556	20	2	9	20
8557	40	4	13	22
8558	20	2	7	20
8559	20	2	7	20
8560	20	2	17	20
8561	20	2	19	20
8562	20	2	7	20
8563	20	2	17	20
8564	40	4	14	22
8565	40	4	2	22
8566	40	4	10	22
8567	20	2	18	20
8568	40	4	17	22
8569	20	2	5	20
8570	40	4	10	22
8571	40	4	11	22
8572	40	4	9	22
8573	20	2	1	20
8574	20	2	9	20
8575	20	2	9	20
8576	20	2	2	20
8577	20	2	20	20
8578	40	4	9	22
8579	40	4	1	22
8580	40	4	14	22
8581	20	2	16	20
8582	40	4	20	22
8583	40	4	18	22
8584	20	2	19	20
8585	40	4	7	22
8586	40	4	17	22
8587	20	2	19	20
8588	20	2	17	20
8589	20	2	8	20
8590	40	4	12	22
8591	20	2	17	20
8592	40	4	15	22
8593	40	4	16	22
8594	40	4	22	22
8595	40	4	10	22
8596	40	4	7	22
8597	40	4	6	22
8598	20	2	0	20
8599	40	4	14	22
8600	20	2	0	20
8601	20	2	15	20
8602	40	4	2	22
8603	40	4	6	22
8604	40	4	12	22
8605	40	4	5	22
8606	20	2	9	20
8607	40	4	10	22
8608	40	4	12	22
8609	20	2	14	20
8610	20	2	13	20
8611	40	4	3	22
8612	20	2	2	20
8613	20	2	7	20
8614	20	2	20	20
8615	40	4	12	22
8616	20	2	2	20
8617	40	4	19	22
8618	40	4	2	22
8619	20	2	0	20
8620	20	2	18	20
8621	40	4	13	22
8622	40	4	0	22
8623	40	4	7	22
8624	40	4	11	22
8625	20	2	2	20
8626	20	2	6	20
8627	20	2	2	20
8628	20	2	16	20
8629	20	2	15	20
8630	20	2	11	20
8631	40	4	13	22
8632	40	4	1	22
8633	40	4	21	22
8634	20	2	9	20
8635	40	4	7	22
8636	40	4	22	22
8637	40	4	8	22
8638	20	2	1	20
8639	20	2	10	20
8640	20	2	6	20
8641	40	4	10	22
8642	40	4	8	22
8643	40	4	3	22
8644	40	4	14	22
8645	20	2	18	20
8646	20	2	7	20
8647	20	2	20	20
8648	40	4	22	22
8649	40	4	7	22
8650	40	4	2	22
8651	20	2	11	20
8652	20	2	8	20
8653	40	4	19	22
8654	40	4	5	22
8655	40	4	13	22
8656	20	2	16	20
8657	20	2	7	20
8658	40	4	0	22
8659	40	4	12	22
8660	40	4	10	22
8661	20	2	19	20
8662	20	2	12	20
8663	20	2	4	20
8664	40	4	22	22
8665	20	2	17	20
8666	40	4	5	22
8667	20	2	5	20
8668	40	4	17	22
8669	40	4	4	22
8670	40	4	12	22
8671	40	4	4	22
8672	20	2	20	20
8673	20	2	2	20
8674	20	2	1	20
8675	20	2	11	20
8676	20	2	15	20
8677	20	2	12	20
8678	20	2	13	20
8679	40	4	16	22
8680	20	2	6	20
8681	20	2	8	20
8682	20	2	8	20
8683	20	2	11	20
8684	20	2	2	20
8685	40	4	6	22
8686	40	4	14	22
8687	40	4	17	22
8688	20	2	3	20
8689	20	2	9	20
8690	20	2	9	20
8691	40	4	7	22
8692	40	4	21	22
8693	40	4	22	22
8694	40	4	21	22
8695	20	2	5	20
8696	20	2	13	20
8697	40	4	5	22
8698	20	2	5	20
8699	20	2	1	20
8700	20	2	20	20
8701	20	2	20	20
8702	20	2	2	20
8703	20	2	16	20
8704	20	2	0	20
8705	40	4	10	22
8706	40	4	22	22
8707	40	4	10	22
8708	40	4	8	22
8709	40	4	20	22
8710	40	4	19	22
8711	40	4	13	22
8712	20	2	17	20
8713	40	4	17	22
8714	20	2	0	20
8715	40	4	14	22
8716	20	2	18	20
8717	20	2	2	20
8718	20	2	10	20
8719	40	4	2	22
8720	40	4	9	22
8721	20	2	10	20
8722	20	2	16	20
8723	40	4	19	22
8724	40	4	20	22
8725	40	4	22	22
8726	40	4	2	22
8727	20	2	16	20
8728	20	2	16	20
8729	20	2	6	20
8730	20	2	12	20
8731	40	4	19	22
8732	20	2	15	20
8733	40	4	15	22
8734	40	4	3	22
8735	40	4	16	22
8736	20	2	17	20
8737	40	4	20	22
8738	40	4	22	22
8739	20	2	4	20
8740	40	4	9	22
8741	40	4	2	22
8742	20	2	0	20
8743	40	4	6	22
8744	40	4	10	22
8745	20	2	5	20
8746	40	4	7	22
8747	20	2	13	20
8748	20	2	7	20
8749	20	2	6	20
8750	40	4	1	22
8751	40	4	4	22
8752	20	2	2	20
8753	40	4	13	22
8754	40	4	9	22
8755	40	4	21	22
8756	20	2	3	20
8757	40	4	19	22
8758	40	4	2	22
8759	20	2	16	20
8760	20	2	12	20
8761	40	4	18	22
8762	20	2	13	20
8763	20	2	5	20
8764	40	4	10	22
8765	20	2	18	20
8766	40	4	10	22
8767	20	2	9	20
8768	40	4	0	22
8769	20	2	15	20
8770	20	2	12	20
8771	20	2	2	20
8772	40	4	14	22
8773	20	2	17	20
8774	20	2	19	20
8775	40	4	2	22
8776	40	4	7	22
8777	40	4	8	22
8778	40	4	0	22
8779	40	4	13	22
8780	40	4	14	22
8781	40	4	6	22
8782	20	2	8	20
8783	20	2	6	20
8784	20	2	16	20
8785	20	2	7	20
8786	20	2	20	20
8787	20	2	8	20
8788	20	2	17	20
8789	40	4	14	22
8790	40	4	22	22
8791	40	4	16	22
8792	20	2	12	20
8793	20	2	8	20
8794	40	4	5	22
8795	20	2	17	20
8796	20	2	12	20
8797	40	4	3	22
8798	20	2	6	20
8799	20	2	5	20
8800	40	4	9	22
8801	20	2	3	20
8802	40	4	17	22
8803	20	2	7	20
8804	40	4	2	22
8805	20	2	17	20
8806	20	2	13	20
8807	40	4	3	22
8808	20	2	4	20
8809	40	4	0	22
8810	40	4	16	22
8811	40	4	9	22
8812	20	2	18	20
8813	20	2	17	20
8814	40	4	22	22
8815	40	4	15	22
8816	40	4	18	22
8817	40	4	9	22
8818	20	2	2	20
8819	40	4	13	22
8820	20	2	13	20
8821	20	2	12	20
8822	20	2	8	20
8823	20	2	18	20
8824	40	4	18	22
8825	20	2	19	20
8826	20	2	12	20
8827	40	4	13	22
8828	20	2	1	20
8829	20	2	10	20
8830	40	4	16	22
8831	20	2	13	20
8832	20	2	17	20
8833	40	4	2	22
8834	40	4	0	22
8835	40	4	2	22
8836	20	2	10	20
8837	20	2	19	20
8838	40	4	12	22
8839	40	4	19	22
8840	20	2	14	20
8841	20	2	9	20
8842	40	4	16	22
8843	20	2	2	20
8844	40	4	18	22
8845	20	2	0	20
8846	20	2	6	20
8847	40	4	22	22
8848	40	4	21	22
8849	20	2	12	20
8850	40	4	15	22
8851	40	4	8	22
8852	20	2	12	20
8853	20	2	1	20
8854	20	2	3	20
8855	20	2	3	20
8856	40	4	14	22
8857	40	4	21	22
8858	20	2	16	20
8859	20	2	14	20
8860	40	4	22	22
8861	40	4	1	22
8862	40	4	11	22
8863	40	4	6	22
8864	40	4	20	22
8865	20	2	18	20
8866	20	2	12	20
8867	20	2	4	20
8868	40	4	9	22
8869	40	4	4	22
8870	20	2	1	20
8871	40	4	17	22
8872	40	4	6	22
8873	40	4	9	22
8874	20	2	1	20
8875	20	2	15	20
8876	40	4	1	22
8877	40	4	9	22
8878	40	4	15	22
8879	40	4	4	22
8880	20	2	10	20
8881	20	2	2	20
8882	20	2	17	20
8883	20	2	9	20
8884	20	2	13	20
8885	20	2	9	20
8886	40	4	18	22
8887	40	4	14	22
8888	20	2	7	20
8889	40	4	1	22
8890	40	4	8	22
8891	20	2	18	20
8892	20	2	13	20
8893	40	4	1	22
8894	40	4	15	22
8895	20	2	0	20
8896	20	2	17	20
8897	40	4	6	22
8898	20	2	1	20
8899	20	2	10	20
8900	20	2	6	20
8901	40	4	9	22
8902	40	4	16	22
8903	20	2	10	20
8904	20	2	10	20
8905	20	2	14	20
8906	40	4	20	22
8907	20	2	7	20
8908	20	2	4	20
8909	40	4	9	22
8910	20	2	19	20
8911	20	2	5	20
8912	40	4	8	22
8913	40	4	1	22
8914	40	4	16	22
8915	40	4	20	22
8916	40	4	11	22
8917	20	2	4	20
8918	20	2	17	20
8919	20	2	3	20
8920	40	4	19	22
8921	20	2	14	20
8922	40	4	2	22
8923	20	2	3	20
8924	40	4	8	22
8925	40	4	4	22
8926	20	2	10	20
8927	40	4	17	22
8928	40	4	19	22
8929	40	4	4	22
8930	40	4	18	22
8931	20	2	16	20
8932	20	2	9	20
8933	20	2	10	20
8934	20	2	11	20
8935	40	4	21	22
8936	40	4	11	22
8937	40	4	6	22
8938	40	4	0	22
8939	20	2	17	20
8940	20	2	18	20
8941	20	2	5	20
8942	20	2	3	20
8943	40	4	20	22
8944	20	2	2	20
8945	40	4	3	22
8946	20	2	13	20
8947	20	2	0	20
8948	20	2	10	20
8949	40	4	6	22
8950	20	2	5	20
8951	40	4	20	22
8952	20	2	17	20
8953	40	4	4	22
8954	40	4	16	22
8955	20	2	10	20
8956	40	4	7	22
8957	20	2	20	20
8958	20	2	0	20
8959	20	2	18	20
8960	40	4	2	22
8961	40	4	22	22
8962	20	2	1	20
8963	20	2	18	20
8964	20	2	7	20
8965	20	2	0	20
8966	40	4	14	22
8967	20	2	13	20
8968	20	2	11	20
8969	20	2	15	20
8970	20	2	20	20
8971	20	2	5	20
8972	20	2	9	20
8973	40	4	19	22
8974	40	4	13	22
8975	20	2	11	20
8976	40	4	22	22
8977	20	2	17	20
8978	20	2	1	20
8979	40	4	12	22
8980	40	4	15	22
8981	20	2	10	20
8982	40	4	6	22
8983	20	2	17	20
8984	20	2	0	20
8985	40	4	16	22
8986	40	4	3	22
8987	20	2	7	20
8988	40	4	4	22
8989	40	4	14	22
8990	40	4	19	22
8991	20	2	13	20
8992	40	4	3	22
8993	40	4	22	22
8994	20	2	20	20
8995	20	2	12	20
8996	40	4	8	22
8997	40	4	21	22
8998	20	2	8	20
8999	40	4	10	22
9000	20	2	11	20
9001	20	2	18	20
9002	20	2	2	20
9003	20	2	12	20
9004	40	4	1	22
9005	40	4	4	22
9006	20	2	19	20
9007	20	2	2	20
9008	20	2	2	20
9009	20	2	10	20
9010	40	4	19	22
9011	40	4	15	22
9012	40	4	20	22
9013	20	2	4	20
9014	20	2	16	20
9015	20	2	17	20
9016	40	4	15	22
9017	20	2	1	20
9018	20	2	4	20
9019	40	4	21	22
9020	40	4	17	22
9021	40	4	10	22
9022	20	2	6	20
9023	40	4	21	22
9024	40	4	21	22
9025	20	2	7	20
9026	40	4	14	22
9027	20	2	14	20
9028	40	4	1	22
9029	40	4	7	22
9030	20	2	2	20
9031	20	2	3	20
9032	40	4	17	22
9033	20	2	13	20
9034	20	2	15	20
9035	20	2	5	20
9036	40	4	9	22
9037	40	4	5	22
9038	40	4	13	22
9039	20	2	15	20
9040	20	2	11	20
9041	20	2	0	20
9042	20	2	2	20
9043	40	4	10	22
9044	20	2	20	20
9045	40	4	16	22
9046	40	4	17	22
9047	40	4	19	22
9048	40	4	10	22
9049	20	2	13	20
9050	20	2	18	20
9051	40	4	8	22
9052	20	2	9	20
9053	20	2	0	20
9054	40	4	3	22
9055	20	2	4	20
9056	20	2	12	20
9057	20	2	2	20
9058	40	4	22	22
9059	20	2	10	20
9060	40	4	14	22
9061	40	4	7	22
9062	20	2	5	20
9063	20	2	9	20
9064	40	4	18	22
9065	20	2	10	20
9066	40	4	12	22
9067	40	4	9	22
9068	40	4	22	22
9069	40	4	16	22
9070	20	2	10	20
9071	40	4	6	22
9072	40	4	12	22
9073	40	4	22	22
9074	20	2	7	20
9075	40	4	10	22
9076	20	2	7	20
9077	20	2	1	20
9078	40	4	0	22
9079	20	2	16	20
9080	20	2	3	20
9081	40	4	15	22
9082	20	2	18	20
9083	20	2	20	20
9084	40	4	14	22
9085	20	2	20	20
9086	40	4	10	22
9087	20	2	2	20
9088	20	2	13	20
9089	20	2	16	20
9090	40	4	9	22
9091	40	4	6	22
9092	20	2	19	20
9093	20	2	14	20
9094	20	2	15	20
9095	20	2	6	20
9096	40	4	11	22
9097	20	2	4	20
9098	40	4	15	22
9099	40	4	2	22
9100	40	4	22	22
9101	40	4	10	22
9102	40	4	22	22
9103	20	2	0	20
9104	40	4	15	22
9105	20	2	3	20
9106	40	4	11	22
9107	40	4	6	22
9108	40	4	22	22
9109	20	2	14	20
9110	20	2	7	20
9111	40	4	18	22
9112	40	4	1	22
9113	40	4	8	22
9114	20	2	6	20
9115	20	2	6	20
9116	20	2	3	20
9117	40	4	7	22
9118	40	4	2	22
9119	20	2	12	20
9120	40	4	15	22
9121	20	2	1	20
9122	20	2	2	20
9123	20	2	19	20
9124	20	2	3	20
9125	40	4	18	22
9126	40	4	8	22
9127	40	4	10	22
9128	40	4	5	22
9129	20	2	10	20
9130	20	2	12	20
9131	40	4	1	22
9132	40	4	21	22
9133	40	4	11	22
9134	20	2	9	20
9135	40	4	15	22
9136	40	4	12	22
9137	20	2	10	20
9138	20	2	16	20
9139	40	4	5	22
9140	20	2	1	20
9141	20	2	15	20
9142	20	2	14	20
9143	40	4	19	22
9144	20	2	18	20
9145	40	4	11	22
9146	20	2	11	20
9147	20	2	20	20
9148	40	4	19	22
9149	20	2	13	20
9150	20	2	10	20
9151	20	2	9	20
9152	20	2	9	20
9153	40	4	13	22
9154	20	2	0	20
9155	20	2	14	20
9156	40	4	22	22
9157	40	4	8	22
9158	40	4	22	22
9159	40	4	18	22
9160	20	2	9	20
9161	40	4	12	22
9162	20	2	20	20
9163	40	4	8	22
9164	40	4	18	22
9165	20	2	5	20
9166	40	4	21	22
9167	20	2	13	20
9168	40	4	15	22
9169	20	2	10	20
9170	40	4	18	22
9171	20	2	20	20
9172	40	4	11	22
9173	20	2	10	20
9174	20	2	10	20
9175	20	2	16	20
9176	20	2	7	20
9177	20	2	16	20
9178	40	4	15	22
9179	20	2	0	20
9180	20	2	5	20
9181	40	4	13	22
9182	20	2	2	20
9183	40	4	6	22
9184	40	4	18	22
9185	40	4	8	22
9186	20	2	14	20
9187	40	4	20	22
9188	20	2	4	20
9189	40	4	10	22
9190	20	2	15	20
9191	20	2	14	20
9192	40	4	20	22
9193	40	4	17	22
9194	40	4	7	22
9195	40	4	6	22
9196	40	4	17	22
9197	40	4	17	22
9198	40	4	16	22
9199	20	2	6	20
9200	40	4	0	22
9201	40	4	11	22
9202	40	4	10	22
9203	40	4	4	22
9204	40	4	20	22
9205	40	4	8	22
9206	20	2	1	20
9207	20	2	13	20
9208	40	4	17	22
9209	40	4	13	22
9210	40	4	1	22
9211	20	2	8	20
9212	40	4	10	22
9213	20	2	7	20
9214	20	2	14	20
9215	40	4	5	22
9216	20	2	18	20
9217	20	2	5	20
9218	20	2	8	20
9219	20	2	7	20
9220	20	2	9	20
9221	40	4	6	22
9222	20	2	20	20
9223	40	4	1	22
9224	40	4	13	22
9225	40	4	15	22
9226	20	2	10	20
9227	40	4	15	22
9228	40	4	3	22
9229	40	4	19	22
9230	40	4	13	22
9231	20	2	7	20
9232	40	4	15	22
9233	20	2	7	20
9234	40	4	11	22
9235	40	4	5	22
9236	40	4	10	22
9237	20	2	12	20
9238	40	4	8	22
9239	40	4	11	22
9240	40	4	16	22
9241	20	2	17	20
9242	40	4	9	22
9243	20	2	9	20
9244	20	2	14	20
9245	40	4	17	22
9246	40	4	4	22
9247	40	4	22	22
9248	40	4	1	22
9249	20	2	17	20
9250	20	2	14	20
9251	20	2	4	20
9252	20	2	15	20
9253	20	2	15	20
9254	20	2	7	20
9255	20	2	18	20
9256	40	4	18	22
9257	20	2	8	20
9258	40	4	13	22
9259	40	4	19	22
9260	20	2	2	20
9261	20	2	19	20
9262	20	2	19	20
9263	20	2	17	20
9264	40	4	12	22
9265	20	2	17	20
9266	40	4	19	22
9267	40	4	6	22
9268	20	2	3	20
9269	40	4	15	22
9270	40	4	6	22
9271	20	2	3	20
9272	40	4	13	22
9273	20	2	18	20
9274	20	2	18	20
9275	20	2	13	20
9276	20	2	20	20
9277	40	4	19	22
9278	40	4	11	22
9279	20	2	6	20
9280	20	2	8	20
9281	40	4	2	22
9282	20	2	8	20
9283	40	4	9	22
9284	20	2	3	20
9285	20	2	11	20
9286	40	4	18	22
9287	20	2	3	20
9288	40	4	2	22
9289	40	4	3	22
9290	40	4	16	22
9291	40	4	2	22
9292	20	2	1	20
9293	40	4	2	22
9294	20	2	7	20
9295	40	4	9	22
9296	40	4	14	22
9297	20	2	3	20
9298	20	2	9	20
9299	40	4	14	22
9300	40	4	0	22
9301	40	4	16	22
9302	40	4	7	22
9303	40	4	0	22
9304	20	2	16	20
9305	40	4	18	22
9306	40	4	17	22
9307	20	2	13	20
9308	20	2	14	20
9309	20	2	12	20
9310	20	2	17	20
9311	20	2	13	20
9312	20	2	17	20
9313	20	2	2	20
9314	20	2	7	20
9315	40	4	9	22
9316	20	2	13	20
9317	40	4	10	22
9318	20	2	13	20
9319	40	4	14	22
9320	20	2	11	20
9321	40	4	14	22
9322	40	4	13	22
9323	20	2	10	20
9324	40	4	22	22
9325	20	2	17	20
9326	20	2	1	20
9327	20	2	9	20
9328	20	2	13	20
9329	40	4	4	22
9330	20	2	8	20
9331	40	4	19	22
9332	40	4	7	22
9333	20	2	12	20
9334	40	4	15	22
9335	20	2	8	20
9336	20	2	12	20
9337	20	2	17	20
9338	40	4	11	22
9339	40	4	19	22
9340	40	4	12	22
9341	40	4	6	22
9342	40	4	11	22
9343	40	4	6	22
9344	20	2	8	20
9345	40	4	16	22
9346	20	2	6	20
9347	40	4	12	22
9348	40	4	19	22
9349	40	4	5	22
9350	20	2	10	20
9351	20	2	13	20
9352	40	4	0	22
9353	40	4	19	22
9354	20	2	4	20
9355	20	2	15	20
9356	20	2	7	20
9357	40	4	13	22
9358	40	4	11	22
9359	20	2	10	20
9360	20	2	5	20
9361	20	2	14	20
9362	40	4	1	22
9363	20	2	9	20
9364	20	2	17	20
9365	40	4	13	22
9366	40	4	22	22
9367	20	2	18	20
9368	40	4	15	22
9369	20	2	8	20
9370	20	2	2	20
9371	40	4	8	22
9372	40	4	1	22
9373	20	2	10	20
9374	40	4	8	22
9375	20	2	17	20
9376	20	2	8	20
9377	40	4	16	22
9378	20	2	20	20
9379	40	4	2	22
9380	20	2	20	20
9381	20	2	10	20
9382	40	4	4	22
9383	20	2	11	20
9384	20	2	8	20
9385	40	4	16	22
9386	40	4	2	22
9387	20	2	3	20
9388	40	4	11	22
9389	20	2	4	20
9390	40	4	0	22
9391	20	2	11	20
9392	40	4	13	22
9393	40	4	1	22
9394	40	4	17	22
9395	20	2	14	20
9396	40	4	17	22
9397	40	4	22	22
9398	40	4	7	22
9399	40	4	7	22
9400	20	2	3	20
9401	40	4	1	22
9402	40	4	3	22
9403	20	2	14	20
9404	40	4	6	22
9405	40	4	0	22
9406	40	4	7	22
9407	20	2	17	20
9408	20	2	12	20
9409	20	2	16	20
9410	40	4	10	22
9411	40	4	19	22
9412	20	2	1	20
9413	20	2	0	20
9414	20	2	8	20
9415	40	4	7	22
9416	20	2	13	20
9417	20	2	6	20
9418	40	4	11	22
9419	20	2	14	20
9420	40	4	3	22
9421	20	2	0	20
9422	20	2	12	20
9423	40	4	2	22
9424	40	4	21	22
9425	20	2	13	20
9426	20	2	2	20
9427	40	4	12	22
9428	40	4	3	22
9429	20	2	15	20
9430	20	2	7	20
9431	40	4	7	22
9432	40	4	19	22
9433	20	2	7	20
9434	20	2	13	20
9435	40	4	4	22
9436	20	2	11	20
9437	20	2	15	20
9438	20	2	10	20
9439	20	2	16	20
9440	40	4	13	22
9441	20	2	12	20
9442	40	4	1	22
9443	40	4	5	22
9444	40	4	11	22
9445	40	4	0	22
9446	20	2	18	20
9447	20	2	11	20
9448	40	4	21	22
9449	40	4	22	22
9450	20	2	18	20
9451	40	4	4	22
9452	20	2	3	20
9453	20	2	17	20
9454	40	4	14	22
9455	20	2	13	20
9456	40	4	9	22
9457	40	4	0	22
9458	40	4	12	22
9459	40	4	18	22
9460	20	2	9	20
9461	40	4	17	22
9462	40	4	7	22
9463	40	4	10	22
9464	40	4	3	22
9465	20	2	2	20
9466	40	4	22	22
9467	40	4	5	22
9468	20	2	18	20
9469	20	2	14	20
9470	20	2	11	20
9471	20	2	17	20
9472	20	2	3	20
9473	40	4	14	22
9474	20	2	18	20
9475	20	2	4	20
9476	40	4	5	22
9477	40	4	6	22
9478	20	2	4	20
9479	40	4	3	22
9480	40	4	12	22
9481	40	4	2	22
9482	20	2	10	20
9483	20	2	2	20
9484	20	2	9	20
9485	20	2	18	20
9486	40	4	14	22
9487	20	2	10	20
9488	40	4	12	22
9489	20	2	10	20
9490	20	2	6	20
9491	20	2	12	20
9492	20	2	3	20
9493	40	4	19	22
9494	20	2	1	20
9495	40	4	12	22
9496	40	4	4	22
9497	40	4	8	22
9498	40	4	4	22
9499	40	4	20	22
9500	20	2	16	20
9501	20	2	20	20
9502	40	4	12	22
9503	40	4	3	22
9504	40	4	16	22
9505	20	2	16	20
9506	40	4	0	22
9507	40	4	18	22
9508	20	2	7	20
9509	40	4	15	22
9510	20	2	6	20
9511	40	4	5	22
9512	20	2	20	20
9513	40	4	1	22
9514	40	4	15	22
9515	20	2	6	20
9516	20	2	19	20
9517	20	2	10	20
9518	20	2	1	20
9519	40	4	2	22
9520	40	4	17	22
9521	40	4	10	22
9522	40	4	4	22
9523	20	2	17	20
9524	40	4	17	22
9525	20	2	9	20
9526	40	4	6	22
9527	40	4	2	22
9528	40	4	15	22
9529	40	4	8	22
9530	20	2	2	20
9531	20	2	17	20
9532	40	4	19	22
9533	20	2	5	20
9534	20	2	12	20
9535	40	4	0	22
9536	20	2	10	20
9537	40	4	5	22
9538	40	4	5	22
9539	20	2	16	20
9540	20	2	6	20
9541	40	4	4	22
9542	40	4	18	22
9543	20	2	5	20
9544	20	2	2	20
9545	20	2	3	20
9546	20	2	1	20
9547	20	2	16	20
9548	40	4	14	22
9549	40	4	5	22
9550	40	4	13	22
9551	20	2	17	20
9552	20	2	11	20
9553	40	4	3	22
9554	20	2	20	20
9555	40	4	4	22
9556	40	4	14	22
9557	40	4	15	22
9558	20	2	18	20
9559	40	4	19	22
9560	40	4	1	22
9561	40	4	11	22
9562	20	2	3	20
9563	40	4	19	22
9564	40	4	21	22
9565	20	2	14	20
9566	20	2	17	20
9567	20	2	8	20
9568	40	4	17	22
9569	40	4	1	22
9570	40	4	19	22
9571	40	4	11	22
9572	20	2	14	20
9573	20	2	1	20
9574	20	2	12	20
9575	40	4	1	22
9576	20	2	14	20
9577	40	4	2	22
9578	20	2	12	20
9579	40	4	5	22
9580	20	2	10	20
9581	40	4	11	22
9582	20	2	12	20
9583	20	2	11	20
9584	40	4	0	22
9585	20	2	19	20
9586	40	4	8	22
9587	40	4	20	22
9588	20	2	3	20
9589	20	2	6	20
9590	20	2	15	20
9591	40	4	9	22
9592	20	2	6	20
9593	20	2	9	20
9594	20	2	17	20
9595	40	4	7	22
9596	40	4	6	22
9597	40	4	6	22
9598	40	4	18	22
9599	20	2	11	20
9600	20	2	11	20
9601	20	2	0	20
9602	20	2	3	20
9603	20	2	18	20
9604	40	4	15	22
9605	20	2	8	20
9606	20	2	5	20
9607	40	4	14	22
9608	40	4	16	22
9609	40	4	22	22
9610	40	4	16	22
9611	40	4	1	22
9612	20	2	20	20
9613	40	4	15	22
9614	20	2	17	20
9615	40	4	22	22
9616	20	2	0	20
9617	20	2	2	20
9618	40	4	12	22
9619	20	2	8	20
9620	40	4	15	22
9621	20	2	16	20
9622	20	2	5	20
9623	20	2	6	20
9624	20	2	7	20
9625	20	2	9	20
9626	40	4	2	22
9627	40	4	1	22
9628	20	2	13	20
9629	40	4	16	22
9630	20	2	19	20
9631	40	4	0	22
9632	20	2	18	20
9633	40	4	6	22
9634	40	4	12	22
9635	20	2	14	20
9636	40	4	1	22
9637	20	2	16	20
9638	40	4	19	22
9639	20	2	9	20
9640	40	4	14	22
9641	20	2	16	20
9642	40	4	15	22
9643	20	2	10	20
9644	40	4	11	22
9645	20	2	5	20
9646	20	2	6	20
9647	20	2	0	20
9648	20	2	4	20
9649	20	2	1	20
9650	20	2	11	20
9651	40	4	12	22
9652	40	4	17	22
9653	20	2	20	20
9654	20	2	6	20
9655	20	2	10	20
9656	40	4	22	22
9657	40	4	10	22
9658	20	2	6	20
9659	40	4	8	22
9660	20	2	3	20
9661	20	2	10	20
9662	20	2	5	20
9663	40	4	3	22
9664	20	2	2	20
9665	20	2	18	20
9666	20	2	1	20
9667	20	2	5	20
9668	20	2	19	20
9669	40	4	22	22
9670	40	4	14	22
9671	20	2	17	20
9672	40	4	6	22
9673	40	4	16	22
9674	40	4	14	22
9675	40	4	19	22
9676	40	4	4	22
9677	20	2	12	20
9678	20	2	19	20
9679	20	2	14	20
9680	20	2	18	20
9681	20	2	6	20
9682	40	4	20	22
9683	20	2	15	20
9684	20	2	15	20
9685	40	4	14	22
9686	40	4	15	22
9687	20	2	12	20
9688	40	4	1	22
9689	20	2	12	20
9690	20	2	8	20
9691	40	4	0	22
9692	20	2	1	20
9693	40	4	12	22
9694	20	2	0	20
9695	40	4	20	22
9696	40	4	17	22
9697	40	4	2	22
9698	40	4	8	22
9699	40	4	6	22
9700	20	2	8	20
9701	40	4	5	22
9702	40	4	12	22
9703	20	2	11	20
9704	20	2	19	20
9705	40	4	10	22
9706	40	4	14	22
9707	20	2	9	20
9708	20	2	18	20
9709	40	4	12	22
9710	20	2	0	20
9711	40	4	15	22
9712	20	2	3	20
9713	40	4	19	22
9714	20	2	0	20
9715	20	2	1	20
9716	20	2	15	20
9717	40	4	20	22
9718	40	4	19	22
9719	40	4	12	22
9720	20	2	13	20
9721	20	2	3	20
9722	40	4	3	22
9723	20	2	8	20
9724	40	4	2	22
9725	40	4	22	22
9726	20	2	12	20
9727	40	4	8	22
9728	40	4	2	22
9729	40	4	11	22
9730	40	4	19	22
9731	40	4	2	22
9732	40	4	22	22
9733	20	2	5	20
9734	40	4	0	22
9735	40	4	11	22
9736	20	2	18	20
9737	20	2	5	20
9738	40	4	18	22
9739	20	2	12	20
9740	20	2	11	20
9741	20	2	10	20
9742	20	2	7	20
9743	20	2	19	20
9744	40	4	1	22
9745	40	4	15	22
9746	20	2	8	20
9747	20	2	14	20
9748	20	2	10	20
9749	40	4	5	22
9750	40	4	19	22
9751	20	2	13	20
9752	40	4	10	22
9753	20	2	12	20
9754	40	4	9	22
9755	20	2	1	20
9756	20	2	4	20
9757	20	2	13	20
9758	40	4	17	22
9759	40	4	15	22
9760	40	4	18	22
9761	20	2	4	20
9762	40	4	20	22
9763	40	4	1	22
9764	20	2	18	20
9765	40	4	21	22
9766	40	4	19	22
9767	40	4	8	22
9768	20	2	12	20
9769	40	4	17	22
9770	40	4	5	22
9771	20	2	18	20
9772	40	4	13	22
9773	40	4	12	22
9774	40	4	12	22
9775	20	2	3	20
9776	20	2	12	20
9777	40	4	20	22
9778	40	4	17	22
9779	20	2	14	20
9780	20	2	19	20
9781	40	4	8	22
9782	40	4	21	22
9783	20	2	0	20
9784	20	2	7	20
9785	20	2	17	20
9786	40	4	7	22
9787	40	4	14	22
9788	20	2	13	20
9789	20	2	0	20
9790	40	4	10	22
9791	40	4	17	22
9792	40	4	15	22
9793	20	2	6	20
9794	20	2	3	20
9795	40	4	0	22
9796	40	4	6	22
9797	40	4	4	22
9798	20	2	8	20
9799	40	4	4	22
9800	40	4	17	22
9801	40	4	18	22
9802	20	2	11	20
9803	40	4	20	22
9804	20	2	5	20
9805	40	4	12	22
9806	40	4	4	22
9807	40	4	5	22
9808	20	2	2	20
9809	20	2	12	20
9810	20	2	13	20
9811	40	4	18	22
9812	20	2	9	20
9813	40	4	3	22
9814	20	2	12	20
9815	20	2	7	20
9816	40	4	2	22
9817	20	2	13	20
9818	40	4	19	22
9819	20	2	6	20
9820	40	4	18	22
9821	20	2	5	20
9822	20	2	19	20
9823	20	2	0	20
9824	20	2	17	20
9825	20	2	5	20
9826	40	4	20	22
9827	40	4	22	22
9828	20	2	9	20
9829	20	2	19	20
9830	20	2	16	20
9831	40	4	9	22
9832	40	4	20	22
9833	40	4	18	22
9834	20	2	10	20
9835	40	4	19	22
9836	40	4	18	22
9837	40	4	3	22
9838	40	4	15	22
9839	20	2	18	20
9840	40	4	9	22
9841	20	2	1	20
9842	20	2	20	20
9843	40	4	4	22
9844	20	2	9	20
9845	40	4	12	22
9846	20	2	11	20
9847	40	4	16	22
9848	20	2	17	20
9849	40	4	12	22
9850	40	4	5	22
9851	20	2	16	20
9852	20	2	2	20
9853	20	2	4	20
9854	20	2	3	20
9855	20	2	15	20
9856	20	2	3	20
9857	40	4	19	22
9858	40	4	0	22
9859	20	2	20	20
9860	40	4	19	22
9861	20	2	6	20
9862	20	2	17	20
9863	20	2	3	20
9864	40	4	20	22
9865	40	4	6	22
9866	40	4	4	22
9867	40	4	18	22
9868	40	4	14	22
9869	40	4	2	22
9870	20	2	9	20
9871	20	2	8	20
9872	40	4	8	22
9873	40	4	19	22
9874	20	2	11	20
9875	20	2	20	20
9876	20	2	2	20
9877	20	2	0	20
9878	40	4	7	22
9879	40	4	18	22
9880	20	2	20	20
9881	20	2	8	20
9882	20	2	15	20
9883	20	2	18	20
9884	40	4	16	22
9885	40	4	21	22
9886	40	4	12	22
9887	20	2	9	20
9888	20	2	3	20
9889	20	2	17	20
9890	20	2	11	20
9891	40	4	15	22
9892	20	2	3	20
9893	40	4	20	22
9894	20	2	20	20
9895	20	2	15	20
9896	20	2	16	20
9897	20	2	5	20
9898	20	2	5	20
9899	40	4	20	22
9900	40	4	8	22
9901	40	4	8	22
9902	20	2	11	20
9903	20	2	2	20
9904	20	2	13	20
9905	40	4	2	22
9906	40	4	4	22
9907	40	4	1	22
9908	40	4	19	22
9909	20	2	9	20
9910	20	2	13	20
9911	20	2	7	20
9912	40	4	1	22
9913	40	4	14	22
9914	20	2	10	20
9915	20	2	19	20
9916	20	2	11	20
9917	20	2	19	20
9918	20	2	12	20
9919	40	4	1	22
9920	20	2	14	20
9921	40	4	19	22
9922	40	4	4	22
9923	20	2	13	20
9924	20	2	5	20
9925	20	2	3	20
9926	40	4	22	22
9927	40	4	7	22
9928	20	2	20	20
9929	40	4	10	22
9930	20	2	13	20
9931	40	4	17	22
9932	40	4	19	22
9933	20	2	18	20
9934	20	2	14	20
9935	20	2	0	20
9936	40	4	19	22
9937	40	4	0	22
9938	40	4	19	22
9939	20	2	2	20
9940	20	2	11	20
9941	40	4	8	22
9942	20	2	7	20
9943	40	4	9	22
9944	20	2	2	20
9945	20	2	0	20
9946	20	2	14	20
9947	40	4	2	22
9948	20	2	16	20
9949	40	4	11	22
9950	40	4	10	22
9951	20	2	15	20
9952	20	2	1	20
9953	40	4	18	22
9954	20	2	6	20
9955	20	2	6	20
9956	20	2	17	20
9957	20	2	12	20
9958	40	4	10	22
9959	40	4	21	22
9960	20	2	1	20
9961	20	2	18	20
9962	40	4	6	22
9963	20	2	10	20
9964	20	2	12	20
9965	40	4	11	22
9966	20	2	20	20
9967	40	4	12	22
9968	40	4	9	22
9969	20	2	18	20
9970	40	4	5	22
9971	20	2	8	20
9972	20	2	4	20
9973	40	4	1	22
9974	20	2	0	20
9975	20	2	8	20
9976	20	2	14	20
9977	20	2	15	20
9978	20	2	10	20
9979	40	4	9	22
9980	40	4	3	22
9981	40	4	1	22
9982	20	2	4	20
9983	20	2	20	20
9984	40	4	19	22
9985	20	2	8	20
9986	40	4	17	22
9987	40	4	12	22
9988	20	2	7	20
9989	20	2	14	20
9990	20	2	13	20
9991	40	4	1	22
9992	40	4	18	22
9993	40	4	0	22
9994	40	4	16	22
9995	40	4	13	22
9996	20	2	6	20
9997	20	2	9	20
9998	20	2	1	20
9999	40	4	16	22
10000	40	4	18	22
10001	40	4	17	22
10002	40	4	4	22
10003	40	4	5	22
10004	40	4	11	22
10005	40	4	0	22
10006	40	4	12	22
10007	20	2	19	20
10008	40	4	7	22
10009	20	2	11	20
10010	20	2	20	20
10011	20	2	2	20
10012	20	2	5	20
10013	20	2	10	20
10014	20	2	17	20
10015	40	4	7	22
10016	40	4	0	22
10017	40	4	10	22
10018	20	2	17	20
10019	20	2	3	20
10020	40	4	14	22
10021	40	4	15	22
10022	20	2	16	20
10023	40	4	16	22
10024	20	2	18	20
10025	20	2	13	20
10026	20	2	18	20
10027	20	2	17	20
10028	20	2	0	20
10029	20	2	0	20
10030	20	2	1	20
10031	20	2	9	20
10032	20	2	12	20
10033	20	2	13	20
10034	20	2	0	20
10035	40	4	11	22
10036	20	2	6	20
10037	40	4	0	22
10038	20	2	12	20
10039	20	2	0	20
10040	40	4	2	22
10041	20	2	14	20
10042	40	4	3	22
10043	20	2	2	20
10044	20	2	5	20
10045	40	4	12	22
10046	40	4	19	22
10047	40	4	14	22
10048	20	2	4	20
10049	20	2	4	20
10050	20	2	19	20
10051	40	4	10	22
10052	20	2	6	20
10053	20	2	15	20
10054	20	2	15	20
10055	20	2	8	20
10056	20	2	12	20
10057	40	4	5	22
10058	20	2	1	20
10059	40	4	7	22
10060	20	2	6	20
10061	20	2	7	20
10062	20	2	7	20
10063	20	2	14	20
10064	40	4	13	22
10065	40	4	5	22
10066	20	2	4	20
10067	20	2	13	20
10068	20	2	15	20
10069	20	2	10	20
10070	20	2	4	20
10071	40	4	0	22
10072	40	4	3	22
10073	40	4	13	22
10074	20	2	20	20
10075	20	2	2	20
10076	20	2	19	20
10077	20	2	16	20
10078	20	2	13	20
10079	20	2	1	20
10080	20	2	10	20
10081	40	4	0	22
10082	20	2	14	20
10083	20	2	9	20
10084	20	2	9	20
10085	20	2	1	20
10086	20	2	19	20
10087	20	2	0	20
10088	40	4	21	22
10089	20	2	20	20
10090	20	2	15	20
10091	20	2	0	20
10092	40	4	4	22
10093	20	2	1	20
10094	40	4	10	22
10095	40	4	7	22
10096	20	2	19	20
10097	40	4	3	22
10098	40	4	15	22
10099	40	4	12	22
10100	40	4	20	22
10101	20	2	2	20
10102	20	2	8	20
10103	20	2	6	20
10104	20	2	15	20
10105	40	4	16	22
10106	20	2	1	20
10107	20	2	20	20
10108	20	2	17	20
10109	20	2	7	20
10110	20	2	10	20
10111	20	2	14	20
10112	40	4	21	22
10113	40	4	3	22
10114	20	2	20	20
10115	20	2	11	20
10116	20	2	10	20
10117	40	4	3	22
10118	40	4	6	22
10119	40	4	12	22
10120	40	4	11	22
10121	20	2	3	20
10122	20	2	6	20
10123	20	2	0	20
10124	20	2	10	20
10125	40	4	22	22
10126	40	4	15	22
10127	20	2	13	20
10128	20	2	10	20
10129	20	2	16	20
10130	40	4	10	22
10131	40	4	2	22
10132	40	4	3	22
10133	20	2	7	20
10134	20	2	14	20
10135	40	4	13	22
10136	20	2	17	20
10137	40	4	14	22
10138	40	4	13	22
10139	40	4	20	22
10140	20	2	12	20
10141	20	2	2	20
10142	40	4	6	22
10143	40	4	15	22
10144	40	4	22	22
10145	20	2	7	20
10146	40	4	9	22
10147	40	4	19	22
10148	20	2	3	20
10149	40	4	2	22
10150	20	2	3	20
10151	20	2	20	20
10152	20	2	1	20
10153	40	4	4	22
10154	20	2	16	20
10155	20	2	10	20
10156	20	2	9	20
10157	40	4	1	22
10158	40	4	22	22
10159	40	4	12	22
10160	40	4	21	22
10161	20	2	8	20
10162	20	2	4	20
10163	20	2	17	20
10164	40	4	7	22
10165	20	2	20	20
10166	20	2	17	20
10167	40	4	5	22
10168	40	4	22	22
10169	20	2	8	20
10170	40	4	0	22
10171	20	2	11	20
10172	40	4	0	22
10173	20	2	4	20
10174	40	4	0	22
10175	40	4	4	22
10176	40	4	17	22
10177	40	4	5	22
10178	20	2	18	20
10179	40	4	7	22
10180	20	2	15	20
10181	20	2	10	20
10182	40	4	4	22
10183	20	2	2	20
10184	40	4	20	22
10185	40	4	4	22
10186	40	4	5	22
10187	40	4	10	22
10188	20	2	7	20
10189	20	2	7	20
10190	40	4	14	22
10191	20	2	5	20
10192	40	4	4	22
10193	40	4	10	22
10194	20	2	16	20
10195	40	4	18	22
10196	40	4	12	22
10197	20	2	10	20
10198	40	4	4	22
10199	20	2	8	20
10200	20	2	17	20
10201	20	2	2	20
10202	40	4	12	22
10203	20	2	12	20
10204	40	4	13	22
10205	20	2	20	20
10206	20	2	17	20
10207	20	2	10	20
10208	40	4	5	22
10209	20	2	3	20
10210	40	4	3	22
10211	20	2	15	20
10212	40	4	1	22
10213	40	4	13	22
10214	40	4	22	22
10215	40	4	16	22
10216	40	4	1	22
10217	20	2	5	20
10218	40	4	19	22
10219	20	2	4	20
10220	40	4	10	22
10221	40	4	15	22
10222	40	4	2	22
10223	20	2	10	20
10224	40	4	12	22
10225	40	4	8	22
10226	40	4	14	22
10227	20	2	5	20
10228	40	4	22	22
10229	40	4	10	22
10230	40	4	17	22
10231	20	2	9	20
10232	40	4	8	22
10233	20	2	2	20
10234	40	4	4	22
10235	40	4	12	22
10236	40	4	1	22
10237	40	4	9	22
10238	20	2	14	20
10239	20	2	9	20
10240	40	4	3	22
10241	40	4	13	22
10242	20	2	11	20
10243	20	2	5	20
10244	20	2	8	20
10245	40	4	2	22
10246	40	4	4	22
10247	20	2	7	20
10248	20	2	15	20
10249	20	2	6	20
10250	40	4	15	22
10251	40	4	6	22
10252	20	2	20	20
10253	20	2	2	20
10254	20	2	17	20
10255	20	2	2	20
10256	40	4	11	22
10257	20	2	0	20
10258	20	2	15	20
10259	20	2	1	20
10260	20	2	3	20
10261	20	2	6	20
10262	20	2	20	20
10263	20	2	1	20
10264	40	4	14	22
10265	20	2	18	20
10266	40	4	15	22
10267	40	4	22	22
10268	40	4	19	22
10269	20	2	12	20
10270	40	4	4	22
10271	20	2	13	20
10272	20	2	12	20
10273	20	2	1	20
10274	40	4	9	22
10275	40	4	3	22
10276	40	4	6	22
10277	40	4	2	22
10278	40	4	9	22
10279	40	4	18	22
10280	40	4	10	22
10281	40	4	3	22
10282	20	2	6	20
10283	40	4	13	22
10284	20	2	10	20
10285	40	4	22	22
10286	20	2	18	20
10287	40	4	4	22
10288	40	4	7	22
10289	40	4	14	22
10290	20	2	20	20
10291	40	4	7	22
10292	20	2	13	20
10293	40	4	14	22
10294	40	4	14	22
10295	40	4	9	22
10296	40	4	0	22
10297	20	2	11	20
10298	20	2	9	20
10299	20	2	17	20
10300	40	4	7	22
10301	20	2	6	20
10302	20	2	20	20
10303	40	4	21	22
10304	40	4	6	22
10305	40	4	14	22
10306	40	4	9	22
10307	20	2	0	20
10308	40	4	11	22
10309	40	4	5	22
10310	20	2	7	20
10311	20	2	20	20
10312	20	2	6	20
10313	40	4	4	22
10314	20	2	8	20
10315	20	2	16	20
10316	20	2	19	20
10317	40	4	5	22
10318	40	4	14	22
10319	20	2	19	20
10320	40	4	9	22
10321	20	2	0	20
10322	20	2	12	20
10323	40	4	5	22
10324	40	4	5	22
10325	20	2	11	20
10326	40	4	13	22
10327	40	4	3	22
10328	20	2	12	20
10329	20	2	17	20
10330	20	2	12	20
10331	20	2	13	20
10332	20	2	0	20
10333	20	2	7	20
10334	40	4	20	22
10335	40	4	6	22
10336	20	2	17	20
10337	20	2	11	20
10338	40	4	21	22
10339	40	4	15	22
10340	40	4	18	22
10341	20	2	1	20
10342	20	2	18	20
10343	20	2	11	20
10344	40	4	11	22
10345	20	2	9	20
10346	40	4	20	22
10347	40	4	16	22
10348	20	2	11	20
10349	20	2	16	20
10350	20	2	4	20
10351	40	4	12	22
10352	40	4	2	22
10353	20	2	14	20
10354	20	2	8	20
10355	20	2	16	20
10356	20	2	1	20
10357	40	4	4	22
10358	40	4	2	22
10359	40	4	2	22
10360	20	2	1	20
10361	20	2	14	20
10362	40	4	1	22
10363	40	4	8	22
10364	20	2	19	20
10365	40	4	15	22
10366	40	4	1	22
10367	40	4	0	22
10368	40	4	12	22
10369	40	4	7	22
10370	40	4	13	22
10371	20	2	15	20
10372	20	2	3	20
10373	20	2	13	20
10374	20	2	6	20
10375	20	2	2	20
10376	40	4	9	22
10377	40	4	5	22
10378	40	4	14	22
10379	20	2	17	20
10380	20	2	14	20
10381	20	2	9	20
10382	20	2	20	20
10383	20	2	14	20
10384	20	2	20	20
10385	20	2	3	20
10386	40	4	21	22
10387	40	4	20	22
10388	40	4	18	22
10389	20	2	8	20
10390	40	4	10	22
10391	20	2	11	20
10392	40	4	10	22
10393	40	4	1	22
10394	20	2	12	20
10395	40	4	13	22
10396	40	4	22	22
10397	20	2	15	20
10398	20	2	20	20
10399	20	2	1	20
10400	40	4	15	22
10401	20	2	7	20
10402	40	4	21	22
10403	20	2	9	20
10404	40	4	9	22
10405	20	2	11	20
10406	40	4	0	22
10407	40	4	12	22
10408	40	4	13	22
10409	20	2	20	20
10410	40	4	14	22
10411	20	2	4	20
10412	20	2	8	20
10413	40	4	7	22
10414	40	4	12	22
10415	20	2	6	20
10416	40	4	7	22
10417	20	2	14	20
10418	40	4	18	22
10419	40	4	3	22
10420	40	4	18	22
10421	20	2	20	20
10422	20	2	18	20
10423	20	2	10	20
10424	20	2	19	20
10425	40	4	1	22
10426	20	2	16	20
10427	40	4	12	22
10428	40	4	16	22
10429	20	2	4	20
10430	40	4	13	22
10431	20	2	4	20
10432	20	2	9	20
10433	20	2	17	20
10434	40	4	16	22
10435	20	2	14	20
10436	20	2	20	20
10437	40	4	5	22
10438	20	2	19	20
10439	40	4	8	22
10440	40	4	21	22
10441	40	4	15	22
10442	40	4	0	22
10443	20	2	15	20
10444	40	4	20	22
10445	20	2	4	20
10446	20	2	9	20
10447	20	2	9	20
10448	40	4	6	22
10449	40	4	12	22
10450	20	2	10	20
10451	40	4	11	22
10452	20	2	6	20
10453	40	4	14	22
10454	40	4	22	22
10455	40	4	0	22
10456	40	4	6	22
10457	20	2	10	20
10458	20	2	17	20
10459	40	4	16	22
10460	40	4	11	22
10461	40	4	5	22
10462	40	4	10	22
10463	40	4	22	22
10464	20	2	19	20
10465	40	4	14	22
10466	20	2	11	20
10467	20	2	17	20
10468	20	2	7	20
10469	20	2	6	20
10470	40	4	6	22
10471	20	2	18	20
10472	40	4	0	22
10473	40	4	9	22
10474	20	2	0	20
10475	20	2	15	20
10476	40	4	5	22
10477	40	4	13	22
10478	20	2	17	20
10479	40	4	1	22
10480	20	2	4	20
10481	40	4	7	22
10482	20	2	16	20
10483	40	4	2	22
10484	20	2	12	20
10485	20	2	11	20
10486	20	2	15	20
10487	20	2	12	20
10488	20	2	13	20
10489	40	4	15	22
10490	40	4	16	22
10491	40	4	22	22
10492	40	4	12	22
10493	40	4	19	22
10494	20	2	18	20
10495	40	4	4	22
10496	40	4	17	22
10497	20	2	4	20
10498	20	2	2	20
10499	40	4	5	22
10500	20	2	2	20
10501	40	4	15	22
10502	20	2	3	20
10503	20	2	15	20
10504	40	4	3	22
10505	40	4	4	22
10506	40	4	13	22
10507	40	4	0	22
10508	40	4	14	22
10509	20	2	14	20
10510	40	4	13	22
10511	40	4	17	22
10512	40	4	2	22
10513	40	4	7	22
10514	20	2	13	20
10515	40	4	6	22
10516	40	4	22	22
10517	40	4	17	22
10518	40	4	20	22
10519	40	4	22	22
10520	40	4	20	22
10521	40	4	12	22
10522	40	4	20	22
10523	20	2	14	20
10524	20	2	6	20
10525	20	2	20	20
10526	40	4	9	22
10527	20	2	13	20
10528	40	4	11	22
10529	20	2	16	20
10530	40	4	20	22
10531	40	4	4	22
10532	20	2	15	20
10533	40	4	3	22
10534	40	4	5	22
10535	20	2	15	20
10536	20	2	18	20
10537	40	4	19	22
