01	40	4	12	22
02	40	4	18	22
03	20	2	1	20
04	20	2	0	20
05	20	2	20	20
06	40	4	16	22
07	20	2	11	20
08	40	4	13	22
09	40	4	14	22
10	20	2	6	20
11	40	4	15	22
12	40	4	14	22
13	40	4	12	22
14	40	4	4	22
15	20	2	19	20
16	20	2	7	20
17	20	2	16	20
18	20	2	9	20
19	20	2	16	20
20	40	4	2	22
21	40	4	19	22
22	20	2	12	20
23	20	2	20	20
24	20	2	0	20
25	20	2	4	20
26	40	4	21	22
27	20	2	2	20
28	20	2	0	20
29	40	4	12	22
30	20	2	6	20
31	20	2	20	20
32	20	2	12	20
33	40	4	8	22
34	20	2	8	20
35	20	2	10	20
36	20	2	1	20
37	20	2	14	20
38	40	4	12	22
39	20	2	0	20
40	20	2	15	20
41	40	4	10	22
42	20	2	12	20
43	40	4	8	22
44	40	4	7	22
45	40	4	16	22
46	20	2	6	20
47	20	2	4	20
48	40	4	3	22
49	20	2	15	20
50	20	2	2	20
51	20	2	3	20
52	20	2	17	20
53	20	2	0	20
54	20	2	3	20
55	20	2	17	20
56	40	4	4	22
57	40	4	19	22
58	20	2	12	20
59	20	2	18	20
60	40	4	21	22
61	20	2	6	20
62	40	4	17	22
63	40	4	9	22
64	20	2	0	20
65	20	2	1	20
66	20	2	19	20
67	40	4	8	22
68	20	2	10	20
69	20	2	3	20
70	20	2	10	20
71	40	4	20	22
72	40	4	2	22
73	20	2	5	20
74	20	2	15	20
75	20	2	13	20
76	20	2	11	20
77	20	2	2	20
78	20	2	11	20
79	20	2	2	20
80	40	4	16	22
81	20	2	6	20
82	40	4	17	22
83	40	4	20	22
84	20	2	1	20
85	20	2	16	20
86	20	2	15	20
87	40	4	18	22
88	20	2	12	20
89	40	4	6	22
90	20	2	0	20
91	20	2	19	20
92	20	2	11	20
93	40	4	6	22
94	20	2	12	20
95	40	4	10	22
96	20	2	13	20
97	40	4	1	22
98	40	4	18	22
99	20	2	17	20
100	40	4	12	22
101	20	2	20	20
102	20	2	4	20
103	40	4	7	22
104	20	2	17	20
105	40	4	20	22
106	20	2	20	20
107	20	2	14	20
108	20	2	20	20
109	40	4	16	22
110	40	4	6	22
111	40	4	5	22
112	40	4	14	22
113	20	2	7	20
114	20	2	7	20
115	20	2	0	20
116	20	2	15	20
117	20	2	11	20
118	40	4	4	22
119	20	2	14	20
120	20	2	12	20
121	20	2	19	20
122	20	2	19	20
123	40	4	14	22
124	40	4	9	22
125	40	4	3	22
126	20	2	7	20
127	40	4	5	22
128	40	4	5	22
129	20	2	3	20
130	20	2	6	20
131	40	4	1	22
132	40	4	3	22
133	20	2	17	20
134	20	2	13	20
135	20	2	4	20
136	20	2	20	20
137	20	2	4	20
138	40	4	20	22
139	40	4	14	22
140	40	4	9	22
141	20	2	20	20
142	40	4	10	22
143	20	2	13	20
144	20	2	18	20
145	40	4	19	22
146	20	2	14	20
147	40	4	6	22
148	40	4	10	22
149	40	4	20	22
150	20	2	2	20
151	40	4	15	22
152	20	2	9	20
153	40	4	20	22
154	40	4	11	22
155	20	2	4	20
156	40	4	1	22
157	40	4	9	22
158	40	4	22	22
159	40	4	8	22
160	20	2	0	20
161	40	4	7	22
162	40	4	20	22
163	40	4	16	22
164	40	4	14	22
165	40	4	15	22
166	40	4	0	22
167	40	4	5	22
168	40	4	19	22
169	20	2	9	20
170	40	4	20	22
171	20	2	19	20
172	40	4	11	22
173	20	2	14	20
174	20	2	17	20
175	20	2	2	20
176	20	2	2	20
177	20	2	11	20
178	20	2	18	20
179	20	2	6	20
180	40	4	22	22
181	40	4	14	22
182	20	2	13	20
183	40	4	13	22
184	20	2	15	20
185	40	4	16	22
186	40	4	15	22
187	40	4	0	22
188	40	4	13	22
189	20	2	7	20
190	40	4	5	22
191	20	2	5	20
192	40	4	16	22
193	40	4	0	22
194	20	2	13	20
195	40	4	20	22
196	40	4	9	22
197	20	2	17	20
198	20	2	0	20
199	20	2	13	20
200	40	4	10	22
201	40	4	19	22
202	40	4	20	22
203	40	4	18	22
204	40	4	17	22
205	20	2	3	20
206	40	4	10	22
207	40	4	14	22
208	40	4	4	22
209	40	4	16	22
210	20	2	6	20
211	40	4	2	22
212	40	4	19	22
213	40	4	13	22
214	40	4	4	22
215	40	4	16	22
216	20	2	10	20
217	40	4	22	22
218	20	2	5	20
219	40	4	10	22
220	20	2	14	20
221	40	4	16	22
222	40	4	1	22
223	20	2	19	20
224	40	4	7	22
225	40	4	6	22
226	40	4	12	22
227	40	4	0	22
228	20	2	9	20
229	40	4	11	22
230	20	2	14	20
231	40	4	9	22
232	40	4	22	22
233	40	4	9	22
234	40	4	20	22
235	40	4	12	22
236	40	4	10	22
237	20	2	8	20
238	20	2	4	20
239	20	2	15	20
240	40	4	20	22
241	20	2	15	20
242	20	2	12	20
243	40	4	22	22
244	20	2	7	20
245	40	4	13	22
246	20	2	3	20
247	40	4	19	22
248	20	2	1	20
249	20	2	13	20
250	40	4	20	22
251	20	2	16	20
252	40	4	5	22
253	20	2	14	20
254	40	4	13	22
255	20	2	7	20
256	20	2	1	20
257	20	2	16	20
258	20	2	2	20
259	20	2	11	20
260	40	4	18	22
261	40	4	5	22
262	40	4	4	22
263	20	2	0	20
264	20	2	11	20
265	20	2	3	20
266	20	2	1	20
267	40	4	8	22
268	40	4	11	22
269	20	2	12	20
270	40	4	6	22
271	40	4	8	22
272	20	2	13	20
273	40	4	12	22
274	40	4	22	22
275	20	2	8	20
276	20	2	14	20
277	20	2	14	20
278	20	2	2	20
279	20	2	3	20
280	40	4	4	22
281	40	4	10	22
282	40	4	17	22
283	40	4	2	22
284	40	4	2	22
285	20	2	3	20
286	40	4	7	22
287	40	4	7	22
288	40	4	15	22
289	20	2	8	20
290	20	2	13	20
291	20	2	18	20
292	40	4	9	22
293	40	4	18	22
294	40	4	15	22
295	20	2	12	20
296	20	2	1	20
297	40	4	3	22
298	20	2	9	20
299	40	4	7	22
300	40	4	17	22
301	20	2	16	20
302	20	2	14	20
303	20	2	2	20
304	40	4	12	22
305	40	4	9	22
306	20	2	1	20
307	20	2	12	20
308	40	4	13	22
309	40	4	17	22
310	20	2	19	20
311	40	4	20	22
312	20	2	0	20
313	20	2	3	20
314	40	4	8	22
315	40	4	18	22
316	40	4	2	22
317	20	2	6	20
318	20	2	6	20
319	40	4	11	22
320	20	2	16	20
321	40	4	2	22
322	40	4	12	22
323	40	4	18	22
324	40	4	14	22
325	40	4	20	22
326	40	4	13	22
327	40	4	13	22
328	20	2	8	20
329	20	2	15	20
330	40	4	19	22
331	20	2	1	20
332	40	4	2	22
333	20	2	1	20
334	20	2	10	20
335	40	4	20	22
336	20	2	0	20
337	20	2	12	20
338	40	4	1	22
339	40	4	14	22
340	40	4	7	22
341	40	4	16	22
342	20	2	12	20
343	40	4	21	22
344	20	2	19	20
345	20	2	13	20
346	20	2	19	20
347	20	2	20	20
348	40	4	9	22
349	20	2	10	20
350	40	4	0	22
351	20	2	10	20
352	20	2	10	20
353	20	2	10	20
354	40	4	17	22
355	20	2	17	20
356	40	4	5	22
357	20	2	4	20
358	20	2	8	20
359	40	4	2	22
360	40	4	9	22
361	20	2	4	20
362	20	2	16	20
363	40	4	4	22
364	20	2	14	20
365	40	4	9	22
366	40	4	12	22
367	40	4	22	22
368	20	2	7	20
369	20	2	12	20
370	40	4	4	22
371	40	4	21	22
372	20	2	15	20
373	20	2	16	20
374	20	2	18	20
375	20	2	14	20
376	20	2	17	20
377	40	4	14	22
378	20	2	11	20
379	20	2	1	20
380	40	4	9	22
381	40	4	7	22
382	20	2	8	20
383	20	2	18	20
384	40	4	7	22
385	40	4	10	22
386	40	4	6	22
387	20	2	4	20
388	20	2	6	20
389	20	2	5	20
390	40	4	4	22
391	40	4	2	22
392	20	2	4	20
393	40	4	7	22
394	20	2	14	20
395	20	2	15	20
396	40	4	2	22
397	40	4	3	22
398	20	2	11	20
399	20	2	18	20
400	20	2	19	20
401	40	4	18	22
402	40	4	6	22
403	20	2	1	20
404	40	4	4	22
405	20	2	11	20
406	20	2	17	20
407	40	4	10	22
408	20	2	6	20
409	40	4	19	22
410	40	4	7	22
411	40	4	19	22
412	40	4	5	22
413	40	4	18	22
414	40	4	19	22
415	20	2	20	20
416	40	4	3	22
417	20	2	16	20
418	20	2	13	20
419	20	2	1	20
420	20	2	6	20
421	40	4	14	22
422	20	2	10	20
423	20	2	20	20
424	40	4	7	22
425	20	2	10	20
426	20	2	4	20
427	20	2	10	20
428	20	2	17	20
429	40	4	6	22
430	20	2	15	20
431	40	4	17	22
432	40	4	9	22
433	40	4	3	22
434	40	4	19	22
435	20	2	0	20
436	40	4	14	22
437	20	2	0	20
438	40	4	17	22
439	40	4	21	22
440	40	4	7	22
441	40	4	22	22
442	20	2	17	20
443	40	4	20	22
444	40	4	11	22
445	20	2	20	20
446	20	2	9	20
447	40	4	2	22
448	40	4	18	22
449	40	4	3	22
450	20	2	0	20
451	40	4	1	22
452	40	4	13	22
453	40	4	5	22
454	40	4	13	22
455	20	2	9	20
456	40	4	5	22
457	40	4	0	22
458	40	4	22	22
459	20	2	13	20
460	40	4	21	22
461	40	4	3	22
462	40	4	12	22
463	20	2	13	20
464	40	4	0	22
465	40	4	21	22
466	40	4	10	22
467	20	2	16	20
468	20	2	6	20
469	20	2	12	20
470	40	4	20	22
471	20	2	1	20
472	20	2	10	20
473	40	4	16	22
474	20	2	18	20
475	40	4	0	22
476	40	4	19	22
477	40	4	5	22
478	20	2	12	20
479	40	4	21	22
480	20	2	15	20
481	20	2	16	20
482	20	2	11	20
483	20	2	0	20
484	20	2	4	20
485	40	4	1	22
486	20	2	0	20
487	20	2	0	20
488	20	2	3	20
489	20	2	1	20
490	40	4	2	22
491	40	4	20	22
492	40	4	18	22
493	40	4	21	22
494	40	4	16	22
495	20	2	12	20
496	40	4	3	22
497	40	4	22	22
498	20	2	13	20
499	40	4	22	22
500	20	2	20	20
501	40	4	19	22
502	40	4	19	22
503	20	2	9	20
504	20	2	13	20
505	40	4	0	22
506	40	4	21	22
507	20	2	9	20
508	20	2	10	20
509	40	4	22	22
510	20	2	3	20
511	20	2	9	20
512	40	4	3	22
513	40	4	17	22
514	40	4	14	22
515	20	2	8	20
516	20	2	6	20
517	40	4	5	22
518	20	2	0	20
519	40	4	13	22
520	20	2	14	20
521	20	2	18	20
522	40	4	2	22
523	20	2	10	20
524	40	4	16	22
525	20	2	8	20
526	20	2	11	20
527	20	2	4	20
528	20	2	18	20
529	40	4	14	22
530	20	2	18	20
531	40	4	16	22
532	20	2	10	20
533	20	2	0	20
534	20	2	12	20
535	40	4	16	22
536	20	2	10	20
537	40	4	17	22
538	40	4	9	22
539	20	2	12	20
540	20	2	4	20
541	40	4	21	22
542	40	4	20	22
543	40	4	0	22
544	20	2	1	20
545	20	2	0	20
546	20	2	0	20
547	40	4	20	22
548	40	4	5	22
549	40	4	2	22
550	40	4	20	22
551	40	4	2	22
552	20	2	20	20
553	40	4	12	22
554	20	2	7	20
555	20	2	2	20
556	40	4	12	22
557	40	4	18	22
558	20	2	2	20
559	20	2	20	20
560	40	4	21	22
561	20	2	11	20
562	40	4	0	22
563	20	2	15	20
564	40	4	5	22
565	20	2	1	20
566	20	2	6	20
567	40	4	8	22
568	20	2	10	20
569	20	2	5	20
570	20	2	19	20
571	40	4	4	22
572	20	2	17	20
573	40	4	18	22
574	40	4	14	22
575	20	2	17	20
576	40	4	0	22
577	40	4	15	22
578	20	2	5	20
579	40	4	20	22
580	20	2	4	20
581	40	4	21	22
582	40	4	6	22
583	40	4	12	22
584	40	4	4	22
585	40	4	9	22
586	40	4	19	22
587	20	2	19	20
588	40	4	11	22
589	40	4	10	22
590	20	2	7	20
591	20	2	19	20
592	40	4	21	22
593	40	4	17	22
594	20	2	14	20
595	20	2	9	20
596	40	4	5	22
597	20	2	20	20
598	20	2	9	20
599	40	4	14	22
600	20	2	19	20
601	40	4	2	22
602	40	4	22	22
603	20	2	4	20
604	20	2	18	20
605	40	4	8	22
606	40	4	5	22
607	20	2	2	20
608	40	4	11	22
609	20	2	3	20
610	20	2	16	20
611	40	4	11	22
612	40	4	22	22
613	20	2	3	20
614	40	4	0	22
615	40	4	14	22
616	20	2	15	20
617	40	4	13	22
618	40	4	1	22
619	20	2	11	20
620	40	4	22	22
621	20	2	9	20
622	40	4	6	22
623	40	4	20	22
624	20	2	6	20
625	20	2	14	20
626	40	4	6	22
627	20	2	19	20
628	40	4	11	22
629	40	4	7	22
630	20	2	19	20
631	20	2	11	20
632	20	2	11	20
633	20	2	7	20
634	20	2	15	20
635	40	4	19	22
636	20	2	18	20
637	20	2	19	20
638	20	2	3	20
639	40	4	10	22
640	20	2	4	20
641	40	4	22	22
642	40	4	13	22
643	20	2	7	20
644	40	4	10	22
645	20	2	16	20
646	40	4	0	22
647	20	2	6	20
648	20	2	1	20
649	40	4	20	22
650	20	2	9	20
651	40	4	5	22
652	40	4	21	22
653	40	4	20	22
654	20	2	0	20
655	40	4	17	22
656	20	2	1	20
657	40	4	16	22
658	40	4	9	22
659	20	2	0	20
660	20	2	17	20
661	40	4	6	22
662	20	2	18	20
663	20	2	13	20
664	20	2	5	20
665	20	2	11	20
666	20	2	19	20
667	40	4	22	22
668	40	4	3	22
669	20	2	16	20
670	40	4	9	22
671	20	2	9	20
672	40	4	14	22
673	20	2	18	20
674	20	2	8	20
675	40	4	13	22
676	20	2	12	20
677	40	4	18	22
678	20	2	14	20
679	20	2	2	20
680	40	4	4	22
681	40	4	16	22
682	40	4	10	22
683	40	4	15	22
684	20	2	3	20
685	40	4	21	22
686	20	2	10	20
687	20	2	10	20
688	20	2	12	20
689	20	2	17	20
690	40	4	7	22
691	20	2	15	20
692	20	2	12	20
693	20	2	2	20
694	40	4	0	22
695	40	4	2	22
696	40	4	5	22
697	40	4	22	22
698	20	2	20	20
699	40	4	22	22
700	20	2	15	20
701	20	2	2	20
702	40	4	8	22
703	40	4	14	22
704	40	4	20	22
705	40	4	14	22
706	40	4	1	22
707	40	4	13	22
708	40	4	15	22
709	20	2	14	20
710	40	4	16	22
711	20	2	18	20
712	40	4	9	22
713	20	2	10	20
714	40	4	8	22
715	20	2	5	20
716	20	2	7	20
717	20	2	9	20
718	40	4	7	22
719	40	4	15	22
720	20	2	7	20
721	20	2	2	20
722	40	4	6	22
723	20	2	10	20
724	20	2	17	20
725	40	4	7	22
726	20	2	12	20
727	20	2	20	20
728	40	4	12	22
729	40	4	18	22
730	40	4	17	22
731	40	4	22	22
732	20	2	14	20
733	40	4	14	22
734	20	2	12	20
735	20	2	14	20
736	40	4	15	22
737	40	4	4	22
738	20	2	9	20
739	40	4	3	22
740	20	2	12	20
741	20	2	10	20
742	20	2	13	20
743	40	4	20	22
744	40	4	3	22
745	40	4	10	22
746	20	2	20	20
747	20	2	14	20
748	20	2	15	20
749	20	2	5	20
750	20	2	20	20
751	40	4	8	22
752	40	4	15	22
753	20	2	3	20
754	20	2	14	20
755	20	2	6	20
756	40	4	21	22
757	20	2	10	20
758	20	2	14	20
759	20	2	20	20
760	20	2	4	20
761	40	4	15	22
762	40	4	1	22
763	40	4	15	22
764	20	2	5	20
765	40	4	0	22
766	40	4	11	22
767	20	2	5	20
768	20	2	0	20
769	40	4	21	22
770	40	4	21	22
771	20	2	16	20
772	40	4	9	22
773	40	4	1	22
774	40	4	18	22
775	20	2	4	20
776	40	4	8	22
777	20	2	0	20
778	20	2	18	20
779	40	4	8	22
780	20	2	9	20
781	40	4	2	22
782	20	2	1	20
783	20	2	7	20
784	40	4	19	22
785	20	2	8	20
786	20	2	19	20
787	20	2	16	20
788	40	4	8	22
789	40	4	6	22
790	40	4	1	22
791	40	4	3	22
792	20	2	18	20
793	40	4	15	22
794	40	4	5	22
795	40	4	12	22
796	20	2	18	20
797	20	2	11	20
798	40	4	6	22
799	40	4	2	22
800	40	4	2	22
801	20	2	12	20
802	40	4	7	22
803	40	4	6	22
804	40	4	0	22
805	20	2	20	20
806	20	2	4	20
807	20	2	7	20
808	20	2	0	20
809	40	4	14	22
810	20	2	3	20
811	40	4	15	22
812	20	2	16	20
813	20	2	20	20
814	20	2	2	20
815	40	4	12	22
816	40	4	11	22
817	20	2	5	20
818	40	4	18	22
819	20	2	5	20
820	40	4	21	22
821	20	2	10	20
822	20	2	8	20
823	40	4	5	22
824	40	4	2	22
825	40	4	16	22
826	40	4	16	22
827	40	4	0	22
828	20	2	9	20
829	20	2	0	20
830	20	2	18	20
831	20	2	15	20
832	20	2	12	20
833	40	4	0	22
834	20	2	1	20
835	40	4	22	22
836	20	2	9	20
837	40	4	18	22
838	20	2	3	20
839	20	2	20	20
840	40	4	6	22
841	20	2	2	20
842	20	2	6	20
843	40	4	13	22
844	40	4	10	22
845	40	4	19	22
846	20	2	10	20
847	20	2	5	20
848	40	4	22	22
849	40	4	10	22
850	40	4	20	22
851	40	4	19	22
852	20	2	19	20
853	20	2	10	20
854	40	4	21	22
855	20	2	4	20
856	20	2	13	20
857	20	2	16	20
858	40	4	17	22
859	40	4	0	22
860	20	2	8	20
861	40	4	0	22
862	40	4	0	22
863	20	2	16	20
864	20	2	4	20
865	40	4	21	22
866	40	4	17	22
867	20	2	17	20
868	20	2	20	20
869	20	2	12	20
870	40	4	2	22
871	40	4	8	22
872	20	2	0	20
873	40	4	13	22
874	40	4	12	22
875	40	4	8	22
876	20	2	10	20
877	20	2	9	20
878	40	4	6	22
879	20	2	18	20
880	40	4	2	22
881	20	2	1	20
882	40	4	19	22
883	40	4	17	22
884	40	4	7	22
885	40	4	14	22
886	40	4	21	22
887	40	4	16	22
888	40	4	8	22
889	20	2	17	20
890	20	2	13	20
891	20	2	13	20
892	40	4	19	22
893	20	2	20	20
894	20	2	11	20
895	20	2	20	20
896	40	4	0	22
897	20	2	5	20
898	20	2	18	20
899	20	2	9	20
900	40	4	11	22
901	20	2	10	20
902	20	2	17	20
903	40	4	11	22
904	20	2	16	20
905	40	4	0	22
906	40	4	5	22
907	20	2	0	20
908	20	2	8	20
909	20	2	16	20
910	20	2	13	20
911	40	4	14	22
912	20	2	12	20
913	20	2	8	20
914	20	2	4	20
915	40	4	4	22
916	20	2	19	20
917	20	2	14	20
918	20	2	13	20
919	40	4	19	22
920	40	4	6	22
921	40	4	5	22
922	20	2	4	20
923	40	4	18	22
924	40	4	14	22
925	20	2	18	20
926	40	4	16	22
927	20	2	8	20
928	40	4	1	22
929	40	4	22	22
930	40	4	17	22
931	40	4	8	22
932	40	4	16	22
933	20	2	7	20
934	20	2	13	20
935	20	2	14	20
936	20	2	14	20
937	40	4	11	22
938	40	4	10	22
939	40	4	10	22
940	20	2	15	20
941	20	2	4	20
942	40	4	12	22
943	40	4	17	22
944	40	4	10	22
945	40	4	3	22
946	20	2	17	20
947	20	2	17	20
948	20	2	7	20
949	20	2	20	20
950	40	4	19	22
951	40	4	17	22
952	40	4	3	22
953	40	4	20	22
954	40	4	12	22
955	20	2	17	20
956	20	2	5	20
957	40	4	7	22
958	40	4	2	22
959	40	4	9	22
960	20	2	14	20
961	40	4	17	22
962	20	2	7	20
963	20	2	11	20
964	20	2	7	20
965	20	2	7	20
966	20	2	18	20
967	40	4	15	22
968	40	4	20	22
969	40	4	5	22
970	20	2	3	20
971	40	4	10	22
972	20	2	6	20
973	40	4	3	22
974	20	2	18	20
975	20	2	5	20
976	40	4	16	22
977	20	2	5	20
978	40	4	1	22
979	40	4	6	22
980	40	4	11	22
981	20	2	16	20
982	40	4	13	22
983	40	4	15	22
984	20	2	0	20
985	20	2	7	20
986	40	4	1	22
987	20	2	10	20
988	40	4	9	22
989	20	2	8	20
990	20	2	13	20
991	20	2	8	20
992	40	4	4	22
993	40	4	16	22
994	20	2	12	20
995	40	4	1	22
996	40	4	15	22
997	20	2	1	20
998	40	4	17	22
999	40	4	5	22
1000	40	4	13	22
1001	40	4	9	22
1002	40	4	13	22
1003	40	4	21	22
1004	20	2	6	20
1005	40	4	2	22
1006	40	4	20	22
1007	20	2	17	20
1008	40	4	20	22
1009	40	4	21	22
1010	20	2	8	20
1011	40	4	14	22
1012	20	2	10	20
1013	20	2	18	20
1014	40	4	12	22
1015	40	4	4	22
1016	20	2	8	20
1017	40	4	13	22
1018	20	2	6	20
1019	40	4	14	22
1020	40	4	2	22
1021	40	4	21	22
1022	40	4	14	22
1023	40	4	8	22
1024	20	2	8	20
1025	40	4	18	22
1026	20	2	2	20
1027	40	4	12	22
1028	40	4	16	22
1029	40	4	15	22
1030	40	4	13	22
1031	20	2	17	20
1032	40	4	13	22
1033	20	2	6	20
1034	20	2	18	20
1035	40	4	20	22
1036	20	2	14	20
1037	40	4	15	22
1038	40	4	17	22
1039	40	4	19	22
1040	20	2	4	20
1041	20	2	3	20
1042	40	4	17	22
1043	40	4	13	22
1044	20	2	20	20
1045	40	4	20	22
1046	20	2	6	20
1047	20	2	18	20
1048	20	2	11	20
1049	20	2	14	20
1050	20	2	10	20
1051	40	4	13	22
1052	40	4	5	22
1053	40	4	17	22
1054	40	4	20	22
1055	20	2	14	20
1056	40	4	16	22
1057	20	2	20	20
1058	40	4	1	22
1059	40	4	11	22
1060	40	4	17	22
1061	20	2	3	20
1062	40	4	15	22
1063	20	2	13	20
1064	20	2	15	20
1065	40	4	9	22
1066	40	4	21	22
1067	20	2	7	20
1068	20	2	3	20
1069	20	2	3	20
1070	40	4	15	22
1071	40	4	19	22
1072	40	4	3	22
1073	20	2	0	20
1074	20	2	17	20
1075	40	4	17	22
1076	20	2	14	20
1077	20	2	9	20
1078	40	4	6	22
1079	20	2	0	20
1080	40	4	11	22
1081	20	2	4	20
1082	40	4	13	22
1083	40	4	19	22
1084	20	2	17	20
1085	40	4	1	22
1086	40	4	11	22
1087	40	4	20	22
1088	20	2	15	20
1089	20	2	15	20
1090	40	4	3	22
1091	40	4	14	22
1092	20	2	2	20
1093	20	2	18	20
1094	40	4	20	22
1095	40	4	15	22
1096	20	2	12	20
1097	40	4	13	22
1098	40	4	17	22
1099	40	4	19	22
1100	40	4	9	22
1101	40	4	16	22
1102	40	4	19	22
1103	20	2	2	20
1104	40	4	13	22
1105	40	4	0	22
1106	40	4	11	22
1107	40	4	14	22
1108	40	4	9	22
1109	40	4	16	22
1110	40	4	22	22
1111	20	2	16	20
1112	40	4	15	22
1113	20	2	13	20
1114	20	2	10	20
1115	40	4	0	22
1116	20	2	7	20
1117	20	2	5	20
1118	40	4	15	22
1119	40	4	6	22
1120	40	4	15	22
1121	40	4	10	22
1122	40	4	16	22
1123	20	2	0	20
1124	40	4	21	22
1125	40	4	10	22
1126	20	2	15	20
1127	40	4	0	22
1128	40	4	21	22
1129	40	4	7	22
1130	20	2	16	20
1131	40	4	19	22
1132	40	4	14	22
1133	20	2	2	20
1134	40	4	15	22
1135	40	4	16	22
1136	20	2	15	20
1137	40	4	17	22
1138	20	2	3	20
1139	20	2	7	20
1140	20	2	19	20
1141	40	4	21	22
1142	40	4	2	22
1143	20	2	13	20
1144	40	4	8	22
1145	20	2	19	20
1146	40	4	4	22
1147	40	4	11	22
1148	40	4	9	22
1149	20	2	12	20
1150	40	4	1	22
1151	40	4	7	22
1152	20	2	11	20
1153	20	2	2	20
1154	20	2	19	20
1155	20	2	5	20
1156	20	2	15	20
1157	40	4	15	22
1158	40	4	13	22
1159	20	2	19	20
1160	40	4	16	22
1161	40	4	21	22
1162	20	2	7	20
1163	20	2	9	20
1164	40	4	4	22
1165	20	2	8	20
1166	40	4	1	22
1167	40	4	1	22
1168	20	2	8	20
1169	20	2	10	20
1170	40	4	4	22
1171	20	2	3	20
1172	20	2	20	20
1173	40	4	12	22
1174	20	2	5	20
1175	40	4	11	22
1176	20	2	15	20
1177	40	4	17	22
1178	20	2	15	20
1179	20	2	17	20
1180	20	2	20	20
1181	20	2	4	20
1182	20	2	19	20
1183	20	2	12	20
1184	40	4	5	22
1185	20	2	8	20
1186	40	4	3	22
1187	20	2	5	20
1188	20	2	3	20
1189	20	2	11	20
1190	20	2	18	20
1191	40	4	17	22
1192	20	2	19	20
1193	20	2	7	20
1194	40	4	16	22
1195	40	4	6	22
1196	20	2	1	20
1197	20	2	10	20
1198	20	2	8	20
1199	20	2	18	20
1200	20	2	18	20
1201	40	4	19	22
1202	20	2	10	20
1203	40	4	6	22
1204	20	2	16	20
1205	40	4	2	22
1206	20	2	17	20
1207	40	4	4	22
1208	20	2	18	20
1209	40	4	9	22
1210	40	4	3	22
1211	40	4	20	22
1212	40	4	14	22
1213	20	2	10	20
1214	20	2	20	20
1215	20	2	2	20
1216	20	2	9	20
1217	20	2	17	20
1218	40	4	2	22
1219	40	4	2	22
1220	40	4	0	22
1221	40	4	1	22
1222	40	4	1	22
1223	20	2	3	20
1224	40	4	2	22
1225	40	4	8	22
1226	20	2	19	20
1227	20	2	14	20
1228	40	4	9	22
1229	40	4	1	22
1230	40	4	5	22
1231	20	2	4	20
1232	20	2	18	20
1233	40	4	14	22
1234	40	4	13	22
1235	40	4	20	22
1236	40	4	1	22
1237	20	2	18	20
1238	40	4	4	22
1239	40	4	10	22
1240	20	2	15	20
1241	40	4	15	22
1242	20	2	11	20
1243	20	2	4	20
1244	20	2	20	20
1245	20	2	19	20
1246	40	4	4	22
1247	40	4	10	22
1248	40	4	6	22
1249	20	2	2	20
1250	20	2	10	20
1251	40	4	12	22
1252	40	4	17	22
1253	40	4	17	22
1254	20	2	4	20
1255	20	2	12	20
1256	20	2	4	20
1257	40	4	4	22
1258	40	4	17	22
1259	20	2	7	20
1260	40	4	13	22
1261	20	2	1	20
1262	40	4	17	22
1263	20	2	2	20
1264	40	4	12	22
1265	40	4	10	22
1266	40	4	8	22
1267	20	2	14	20
1268	40	4	5	22
1269	40	4	16	22
1270	40	4	1	22
1271	40	4	20	22
1272	40	4	7	22
1273	40	4	10	22
1274	20	2	20	20
1275	20	2	2	20
1276	20	2	14	20
1277	40	4	22	22
1278	20	2	14	20
1279	20	2	8	20
1280	20	2	5	20
1281	40	4	0	22
1282	20	2	9	20
1283	20	2	13	20
1284	40	4	2	22
1285	40	4	13	22
1286	40	4	19	22
1287	40	4	5	22
1288	40	4	16	22
1289	20	2	19	20
1290	20	2	16	20
1291	40	4	0	22
1292	40	4	13	22
1293	20	2	2	20
1294	40	4	11	22
1295	20	2	5	20
1296	20	2	3	20
1297	40	4	13	22
1298	20	2	3	20
1299	40	4	16	22
1300	20	2	11	20
1301	40	4	18	22
1302	40	4	5	22
1303	40	4	0	22
1304	20	2	8	20
1305	20	2	13	20
1306	20	2	0	20
1307	40	4	4	22
1308	40	4	3	22
1309	40	4	13	22
1310	20	2	6	20
1311	20	2	18	20
1312	40	4	22	22
1313	40	4	6	22
1314	40	4	17	22
1315	20	2	1	20
1316	40	4	1	22
1317	40	4	7	22
1318	40	4	12	22
1319	20	2	7	20
1320	40	4	1	22
1321	20	2	4	20
1322	20	2	4	20
1323	40	4	3	22
1324	20	2	6	20
1325	40	4	11	22
1326	40	4	18	22
1327	20	2	15	20
1328	20	2	19	20
1329	20	2	0	20
1330	40	4	5	22
1331	40	4	1	22
1332	20	2	18	20
1333	20	2	13	20
1334	20	2	5	20
1335	40	4	13	22
1336	20	2	10	20
1337	40	4	15	22
1338	20	2	12	20
1339	20	2	15	20
1340	40	4	18	22
1341	40	4	18	22
1342	40	4	2	22
1343	40	4	5	22
1344	20	2	9	20
1345	20	2	10	20
1346	40	4	4	22
1347	20	2	20	20
1348	40	4	14	22
1349	20	2	17	20
1350	20	2	17	20
1351	40	4	14	22
1352	40	4	0	22
1353	40	4	10	22
1354	40	4	11	22
1355	40	4	17	22
1356	20	2	8	20
1357	20	2	18	20
1358	20	2	5	20
1359	20	2	20	20
1360	20	2	13	20
1361	40	4	10	22
1362	40	4	7	22
1363	40	4	0	22
1364	40	4	6	22
1365	20	2	6	20
1366	40	4	20	22
1367	40	4	7	22
1368	20	2	9	20
1369	40	4	15	22
1370	20	2	16	20
1371	40	4	6	22
1372	20	2	2	20
1373	20	2	0	20
1374	20	2	6	20
1375	40	4	8	22
1376	20	2	1	20
1377	20	2	11	20
1378	40	4	12	22
1379	20	2	1	20
1380	20	2	19	20
1381	20	2	10	20
1382	20	2	14	20
1383	20	2	2	20
1384	40	4	20	22
1385	40	4	22	22
1386	20	2	18	20
1387	20	2	15	20
1388	20	2	6	20
1389	40	4	0	22
1390	20	2	2	20
1391	40	4	4	22
1392	40	4	22	22
1393	20	2	4	20
1394	40	4	16	22
1395	20	2	18	20
1396	40	4	15	22
1397	40	4	14	22
1398	20	2	18	20
1399	40	4	5	22
1400	20	2	5	20
1401	40	4	17	22
1402	40	4	13	22
1403	40	4	1	22
1404	20	2	0	20
1405	40	4	13	22
1406	40	4	1	22
1407	40	4	20	22
1408	20	2	19	20
1409	20	2	18	20
1410	20	2	2	20
1411	20	2	13	20
1412	20	2	5	20
1413	20	2	5	20
1414	20	2	2	20
1415	40	4	19	22
1416	40	4	17	22
1417	20	2	8	20
1418	40	4	3	22
1419	20	2	11	20
1420	20	2	18	20
1421	20	2	4	20
1422	40	4	20	22
1423	40	4	15	22
1424	40	4	3	22
1425	40	4	19	22
1426	20	2	7	20
1427	20	2	18	20
1428	20	2	18	20
1429	40	4	14	22
1430	20	2	13	20
1431	40	4	16	22
1432	20	2	0	20
1433	40	4	10	22
1434	20	2	19	20
1435	20	2	11	20
1436	40	4	8	22
1437	40	4	0	22
1438	40	4	19	22
1439	40	4	5	22
1440	20	2	17	20
1441	40	4	22	22
1442	20	2	17	20
1443	40	4	13	22
1444	20	2	11	20
1445	20	2	1	20
1446	40	4	8	22
1447	40	4	2	22
1448	40	4	8	22
1449	20	2	12	20
1450	20	2	5	20
1451	20	2	11	20
1452	20	2	15	20
1453	20	2	11	20
1454	40	4	12	22
1455	20	2	2	20
1456	20	2	16	20
1457	40	4	15	22
1458	40	4	19	22
1459	40	4	12	22
1460	20	2	1	20
1461	40	4	13	22
1462	20	2	4	20
1463	40	4	4	22
1464	40	4	2	22
1465	20	2	10	20
1466	40	4	16	22
1467	20	2	11	20
1468	20	2	12	20
1469	20	2	3	20
1470	20	2	13	20
1471	20	2	18	20
1472	40	4	7	22
1473	20	2	19	20
1474	40	4	20	22
1475	40	4	8	22
1476	40	4	18	22
1477	40	4	12	22
1478	20	2	4	20
1479	40	4	7	22
1480	20	2	1	20
1481	40	4	8	22
1482	40	4	10	22
1483	20	2	8	20
1484	40	4	1	22
1485	40	4	14	22
1486	40	4	13	22
1487	40	4	18	22
1488	20	2	20	20
1489	40	4	6	22
1490	40	4	14	22
1491	20	2	1	20
1492	20	2	3	20
1493	20	2	11	20
1494	40	4	4	22
1495	20	2	20	20
1496	40	4	14	22
1497	40	4	6	22
1498	20	2	12	20
1499	40	4	2	22
1500	20	2	1	20
1501	40	4	10	22
1502	40	4	11	22
1503	40	4	15	22
1504	20	2	9	20
1505	40	4	7	22
1506	40	4	17	22
1507	40	4	7	22
1508	20	2	10	20
1509	40	4	21	22
1510	20	2	1	20
1511	20	2	0	20
1512	40	4	3	22
1513	40	4	11	22
1514	20	2	13	20
1515	20	2	6	20
1516	40	4	2	22
1517	20	2	6	20
1518	20	2	5	20
1519	40	4	19	22
1520	40	4	16	22
1521	20	2	18	20
1522	20	2	12	20
1523	20	2	9	20
1524	20	2	10	20
1525	40	4	1	22
1526	20	2	10	20
1527	40	4	21	22
1528	40	4	13	22
1529	40	4	9	22
1530	40	4	20	22
1531	20	2	10	20
1532	20	2	9	20
1533	40	4	7	22
1534	20	2	15	20
1535	40	4	8	22
1536	40	4	5	22
1537	20	2	9	20
1538	20	2	5	20
1539	20	2	8	20
1540	40	4	15	22
1541	40	4	8	22
1542	20	2	7	20
1543	40	4	0	22
1544	40	4	14	22
1545	20	2	7	20
1546	20	2	12	20
1547	20	2	2	20
1548	20	2	19	20
1549	40	4	20	22
1550	20	2	11	20
1551	40	4	2	22
1552	20	2	12	20
1553	20	2	1	20
1554	40	4	17	22
1555	40	4	10	22
1556	40	4	0	22
1557	40	4	21	22
1558	40	4	10	22
1559	20	2	7	20
1560	20	2	14	20
1561	40	4	2	22
1562	40	4	10	22
1563	20	2	6	20
1564	40	4	12	22
1565	20	2	18	20
1566	40	4	18	22
1567	40	4	8	22
1568	20	2	18	20
1569	40	4	19	22
1570	20	2	14	20
1571	20	2	4	20
1572	40	4	4	22
1573	20	2	4	20
1574	20	2	5	20
1575	20	2	9	20
1576	40	4	2	22
1577	20	2	3	20
1578	20	2	10	20
1579	20	2	17	20
1580	20	2	13	20
1581	20	2	7	20
1582	40	4	1	22
1583	20	2	9	20
1584	20	2	9	20
1585	20	2	7	20
1586	20	2	14	20
1587	40	4	18	22
1588	20	2	11	20
1589	20	2	20	20
1590	40	4	0	22
1591	40	4	19	22
1592	20	2	19	20
1593	40	4	4	22
1594	40	4	17	22
1595	20	2	20	20
1596	20	2	12	20
1597	40	4	0	22
1598	40	4	14	22
1599	40	4	8	22
1600	40	4	17	22
1601	40	4	22	22
1602	20	2	2	20
1603	40	4	0	22
1604	40	4	3	22
1605	20	2	10	20
1606	20	2	17	20
1607	40	4	17	22
1608	20	2	8	20
1609	40	4	18	22
1610	40	4	17	22
1611	40	4	21	22
1612	20	2	8	20
1613	40	4	3	22
1614	20	2	12	20
1615	40	4	14	22
1616	20	2	7	20
1617	20	2	10	20
1618	40	4	12	22
1619	40	4	22	22
1620	40	4	9	22
1621	40	4	19	22
1622	40	4	16	22
1623	20	2	17	20
1624	40	4	1	22
1625	20	2	5	20
1626	40	4	21	22
1627	20	2	14	20
1628	20	2	12	20
1629	20	2	18	20
1630	40	4	19	22
1631	40	4	3	22
1632	40	4	21	22
1633	40	4	13	22
1634	20	2	9	20
1635	40	4	11	22
1636	40	4	8	22
1637	20	2	17	20
1638	40	4	10	22
1639	20	2	1	20
1640	40	4	9	22
1641	40	4	2	22
1642	20	2	10	20
1643	20	2	16	20
1644	20	2	0	20
1645	40	4	10	22
1646	20	2	15	20
1647	40	4	2	22
1648	20	2	15	20
1649	20	2	2	20
1650	40	4	11	22
1651	20	2	4	20
1652	40	4	3	22
1653	20	2	20	20
1654	40	4	3	22
1655	20	2	6	20
1656	20	2	10	20
1657	20	2	11	20
1658	40	4	7	22
1659	40	4	17	22
1660	20	2	5	20
1661	20	2	20	20
1662	20	2	14	20
1663	20	2	7	20
1664	20	2	16	20
1665	20	2	16	20
1666	40	4	16	22
1667	20	2	1	20
1668	20	2	16	20
1669	40	4	22	22
1670	40	4	10	22
1671	20	2	12	20
1672	40	4	9	22
1673	40	4	13	22
1674	40	4	12	22
1675	40	4	22	22
1676	40	4	13	22
1677	20	2	14	20
1678	40	4	1	22
1679	20	2	16	20
1680	20	2	8	20
1681	40	4	4	22
1682	40	4	18	22
1683	20	2	13	20
1684	40	4	17	22
1685	20	2	17	20
1686	40	4	18	22
1687	40	4	1	22
1688	20	2	1	20
1689	20	2	13	20
1690	40	4	20	22
1691	40	4	2	22
1692	20	2	4	20
1693	20	2	20	20
1694	20	2	20	20
1695	20	2	12	20
1696	20	2	14	20
1697	40	4	5	22
1698	20	2	15	20
1699	20	2	13	20
1700	40	4	1	22
1701	20	2	12	20
1702	40	4	21	22
1703	40	4	8	22
1704	20	2	0	20
1705	20	2	0	20
1706	20	2	1	20
1707	20	2	11	20
1708	40	4	15	22
1709	20	2	1	20
1710	20	2	17	20
1711	20	2	10	20
1712	40	4	3	22
1713	40	4	10	22
1714	40	4	16	22
1715	40	4	20	22
1716	20	2	5	20
1717	40	4	1	22
1718	40	4	17	22
1719	20	2	6	20
1720	20	2	16	20
1721	40	4	1	22
1722	20	2	18	20
1723	40	4	13	22
1724	40	4	22	22
1725	20	2	9	20
1726	40	4	21	22
1727	20	2	4	20
1728	40	4	11	22
1729	40	4	1	22
1730	20	2	3	20
1731	40	4	19	22
1732	40	4	13	22
1733	40	4	7	22
1734	40	4	13	22
1735	40	4	19	22
1736	20	2	19	20
1737	20	2	17	20
1738	40	4	7	22
1739	20	2	14	20
1740	20	2	7	20
1741	20	2	4	20
1742	40	4	22	22
1743	20	2	11	20
1744	40	4	12	22
1745	20	2	3	20
1746	40	4	1	22
1747	20	2	5	20
1748	40	4	3	22
1749	40	4	16	22
1750	20	2	5	20
1751	40	4	2	22
1752	20	2	19	20
1753	40	4	16	22
1754	20	2	1	20
1755	20	2	4	20
1756	40	4	21	22
1757	40	4	10	22
1758	20	2	11	20
1759	20	2	14	20
1760	20	2	2	20
1761	20	2	17	20
1762	40	4	4	22
1763	40	4	2	22
1764	20	2	2	20
1765	40	4	12	22
1766	20	2	2	20
1767	40	4	12	22
1768	40	4	17	22
1769	20	2	0	20
1770	20	2	7	20
1771	40	4	22	22
1772	20	2	14	20
1773	20	2	2	20
1774	40	4	18	22
1775	20	2	2	20
1776	20	2	2	20
1777	20	2	10	20
1778	20	2	6	20
1779	40	4	15	22
1780	40	4	19	22
1781	40	4	11	22
1782	20	2	20	20
1783	40	4	4	22
1784	40	4	9	22
1785	40	4	17	22
1786	40	4	18	22
1787	20	2	10	20
1788	40	4	18	22
1789	40	4	1	22
1790	20	2	17	20
1791	20	2	10	20
1792	40	4	4	22
1793	20	2	17	20
1794	40	4	18	22
1795	40	4	6	22
1796	40	4	19	22
1797	20	2	3	20
1798	40	4	8	22
1799	20	2	15	20
1800	40	4	19	22
1801	40	4	12	22
1802	40	4	2	22
1803	20	2	13	20
1804	20	2	5	20
1805	40	4	20	22
1806	40	4	15	22
1807	40	4	16	22
1808	20	2	7	20
1809	20	2	5	20
1810	20	2	20	20
1811	20	2	3	20
1812	20	2	5	20
1813	20	2	15	20
1814	20	2	3	20
1815	40	4	12	22
1816	20	2	0	20
1817	20	2	2	20
1818	20	2	3	20
1819	20	2	7	20
1820	40	4	16	22
1821	40	4	12	22
1822	20	2	14	20
1823	20	2	5	20
1824	40	4	17	22
1825	40	4	6	22
1826	40	4	3	22
1827	20	2	15	20
1828	20	2	5	20
1829	40	4	6	22
1830	20	2	0	20
1831	40	4	3	22
1832	40	4	5	22
1833	20	2	15	20
1834	20	2	14	20
1835	40	4	8	22
1836	20	2	11	20
1837	40	4	17	22
1838	40	4	11	22
1839	20	2	12	20
1840	20	2	8	20
1841	40	4	17	22
1842	20	2	18	20
1843	20	2	2	20
1844	20	2	17	20
1845	20	2	2	20
1846	40	4	13	22
1847	20	2	11	20
1848	40	4	15	22
1849	20	2	3	20
1850	20	2	12	20
1851	20	2	19	20
1852	20	2	6	20
1853	20	2	8	20
1854	20	2	6	20
1855	20	2	14	20
1856	20	2	20	20
1857	40	4	13	22
1858	40	4	17	22
1859	20	2	6	20
1860	20	2	6	20
1861	20	2	12	20
1862	20	2	9	20
1863	20	2	5	20
1864	20	2	7	20
1865	20	2	5	20
1866	20	2	3	20
1867	20	2	20	20
1868	40	4	17	22
1869	40	4	13	22
1870	40	4	8	22
1871	20	2	5	20
1872	40	4	6	22
1873	20	2	9	20
1874	20	2	18	20
1875	40	4	19	22
1876	20	2	9	20
1877	20	2	15	20
1878	20	2	4	20
1879	20	2	8	20
1880	20	2	10	20
1881	40	4	13	22
1882	20	2	5	20
1883	40	4	9	22
1884	20	2	13	20
1885	20	2	11	20
1886	40	4	5	22
1887	20	2	20	20
1888	20	2	1	20
1889	20	2	7	20
1890	20	2	3	20
1891	20	2	20	20
1892	20	2	12	20
1893	20	2	12	20
1894	40	4	14	22
1895	20	2	11	20
1896	40	4	9	22
1897	40	4	4	22
1898	40	4	2	22
1899	20	2	0	20
1900	20	2	7	20
1901	40	4	3	22
1902	40	4	9	22
1903	20	2	11	20
1904	40	4	10	22
1905	40	4	13	22
1906	20	2	11	20
1907	20	2	14	20
1908	20	2	13	20
1909	20	2	8	20
1910	40	4	18	22
1911	20	2	6	20
1912	20	2	5	20
1913	20	2	7	20
1914	40	4	17	22
1915	20	2	18	20
1916	20	2	5	20
1917	40	4	11	22
1918	20	2	17	20
1919	20	2	20	20
1920	20	2	15	20
1921	40	4	20	22
1922	20	2	10	20
1923	20	2	16	20
1924	20	2	2	20
1925	40	4	10	22
1926	20	2	0	20
1927	20	2	12	20
1928	40	4	6	22
1929	20	2	1	20
1930	40	4	4	22
1931	40	4	12	22
1932	40	4	5	22
1933	20	2	8	20
1934	20	2	13	20
1935	40	4	9	22
1936	40	4	4	22
1937	40	4	20	22
1938	40	4	21	22
1939	20	2	10	20
1940	20	2	12	20
1941	20	2	4	20
1942	40	4	6	22
1943	40	4	10	22
1944	40	4	7	22
1945	40	4	1	22
1946	20	2	13	20
1947	40	4	3	22
1948	40	4	4	22
1949	40	4	19	22
1950	20	2	9	20
1951	40	4	6	22
1952	20	2	7	20
1953	40	4	0	22
1954	20	2	13	20
1955	40	4	22	22
1956	20	2	15	20
1957	20	2	18	20
1958	20	2	0	20
1959	20	2	20	20
1960	20	2	1	20
1961	20	2	7	20
1962	40	4	13	22
1963	20	2	12	20
1964	40	4	22	22
1965	20	2	18	20
1966	20	2	10	20
1967	40	4	21	22
1968	40	4	4	22
1969	20	2	1	20
1970	20	2	19	20
1971	20	2	11	20
1972	40	4	12	22
1973	40	4	12	22
1974	20	2	13	20
1975	20	2	16	20
1976	40	4	20	22
1977	20	2	0	20
1978	20	2	17	20
1979	20	2	13	20
1980	20	2	14	20
1981	20	2	5	20
1982	20	2	6	20
1983	40	4	14	22
1984	20	2	17	20
1985	40	4	17	22
1986	40	4	7	22
1987	20	2	20	20
1988	40	4	2	22
1989	40	4	6	22
1990	40	4	8	22
1991	40	4	17	22
1992	40	4	11	22
1993	20	2	18	20
1994	20	2	15	20
1995	40	4	9	22
1996	20	2	12	20
1997	40	4	9	22
1998	20	2	15	20
1999	20	2	0	20
2000	40	4	15	22
2001	40	4	9	22
2002	20	2	0	20
2003	20	2	1	20
2004	40	4	15	22
2005	40	4	15	22
2006	40	4	15	22
2007	40	4	12	22
2008	20	2	12	20
2009	40	4	21	22
2010	20	2	4	20
2011	40	4	8	22
2012	20	2	1	20
2013	20	2	11	20
2014	20	2	7	20
2015	20	2	10	20
2016	40	4	11	22
2017	40	4	1	22
2018	40	4	13	22
2019	20	2	3	20
2020	40	4	8	22
2021	40	4	18	22
2022	40	4	9	22
2023	20	2	11	20
2024	40	4	1	22
2025	40	4	20	22
2026	20	2	12	20
2027	20	2	14	20
2028	40	4	14	22
2029	40	4	19	22
2030	40	4	20	22
2031	20	2	14	20
2032	20	2	0	20
2033	40	4	16	22
2034	20	2	9	20
2035	40	4	5	22
2036	40	4	6	22
2037	20	2	20	20
2038	40	4	12	22
2039	20	2	1	20
2040	40	4	13	22
2041	20	2	13	20
2042	20	2	13	20
2043	20	2	8	20
2044	40	4	4	22
2045	40	4	6	22
2046	40	4	13	22
2047	20	2	2	20
2048	40	4	3	22
2049	20	2	19	20
2050	20	2	10	20
2051	40	4	9	22
2052	40	4	17	22
2053	20	2	4	20
2054	20	2	8	20
2055	40	4	0	22
2056	40	4	13	22
2057	20	2	10	20
2058	40	4	19	22
2059	40	4	3	22
2060	40	4	13	22
2061	40	4	21	22
2062	20	2	17	20
2063	20	2	1	20
2064	20	2	11	20
2065	40	4	22	22
2066	20	2	0	20
2067	20	2	2	20
2068	20	2	7	20
2069	20	2	0	20
2070	20	2	11	20
2071	40	4	22	22
2072	40	4	6	22
2073	40	4	15	22
2074	40	4	11	22
2075	40	4	3	22
2076	40	4	13	22
2077	40	4	18	22
2078	40	4	5	22
2079	40	4	17	22
2080	40	4	4	22
2081	20	2	14	20
2082	40	4	10	22
2083	20	2	8	20
2084	20	2	1	20
2085	40	4	18	22
2086	20	2	19	20
2087	20	2	4	20
2088	20	2	4	20
2089	20	2	20	20
2090	20	2	18	20
2091	20	2	1	20
2092	20	2	11	20
2093	40	4	0	22
2094	40	4	1	22
2095	20	2	6	20
2096	20	2	13	20
2097	20	2	4	20
2098	40	4	15	22
2099	40	4	16	22
2100	40	4	9	22
2101	40	4	6	22
2102	20	2	5	20
2103	20	2	12	20
2104	20	2	17	20
2105	20	2	17	20
2106	20	2	15	20
2107	20	2	4	20
2108	40	4	4	22
2109	40	4	21	22
2110	40	4	16	22
2111	40	4	14	22
2112	20	2	8	20
2113	40	4	19	22
2114	40	4	15	22
2115	40	4	9	22
2116	20	2	19	20
2117	40	4	7	22
2118	40	4	9	22
2119	20	2	19	20
2120	40	4	18	22
2121	20	2	15	20
2122	40	4	10	22
2123	20	2	5	20
2124	40	4	11	22
2125	20	2	1	20
2126	40	4	21	22
2127	40	4	11	22
2128	40	4	5	22
2129	20	2	18	20
2130	40	4	2	22
2131	40	4	15	22
2132	40	4	20	22
2133	40	4	13	22
2134	20	2	13	20
2135	40	4	10	22
2136	20	2	13	20
2137	20	2	19	20
2138	20	2	3	20
2139	40	4	8	22
2140	20	2	0	20
2141	40	4	21	22
2142	40	4	7	22
2143	20	2	15	20
2144	40	4	14	22
2145	40	4	20	22
2146	20	2	2	20
2147	40	4	20	22
2148	20	2	8	20
2149	40	4	10	22
2150	40	4	19	22
2151	40	4	9	22
2152	40	4	10	22
2153	40	4	21	22
2154	40	4	5	22
2155	20	2	8	20
2156	40	4	13	22
2157	20	2	2	20
2158	20	2	2	20
2159	20	2	9	20
2160	20	2	19	20
2161	20	2	12	20
2162	40	4	17	22
2163	20	2	0	20
2164	40	4	10	22
2165	20	2	9	20
2166	20	2	1	20
2167	40	4	7	22
2168	40	4	20	22
2169	20	2	8	20
2170	40	4	3	22
2171	20	2	16	20
2172	40	4	0	22
2173	40	4	2	22
2174	20	2	0	20
2175	40	4	22	22
2176	40	4	16	22
2177	40	4	14	22
2178	40	4	22	22
2179	20	2	6	20
2180	40	4	12	22
2181	40	4	8	22
2182	20	2	18	20
2183	20	2	14	20
2184	20	2	16	20
2185	20	2	4	20
2186	20	2	15	20
2187	40	4	15	22
2188	20	2	15	20
2189	40	4	3	22
2190	40	4	3	22
2191	20	2	7	20
2192	20	2	20	20
2193	40	4	6	22
2194	40	4	21	22
2195	40	4	22	22
2196	40	4	7	22
2197	40	4	8	22
2198	40	4	2	22
2199	40	4	22	22
2200	40	4	3	22
2201	20	2	20	20
2202	20	2	2	20
2203	40	4	0	22
2204	20	2	6	20
2205	40	4	22	22
2206	40	4	10	22
2207	20	2	12	20
2208	40	4	9	22
2209	20	2	3	20
2210	40	4	7	22
2211	40	4	11	22
2212	20	2	14	20
2213	40	4	2	22
2214	40	4	9	22
2215	40	4	1	22
2216	20	2	2	20
2217	40	4	12	22
2218	40	4	13	22
2219	20	2	10	20
2220	40	4	19	22
2221	20	2	8	20
2222	40	4	0	22
2223	20	2	3	20
2224	20	2	10	20
2225	40	4	10	22
2226	40	4	4	22
2227	20	2	17	20
2228	40	4	1	22
2229	20	2	12	20
2230	20	2	7	20
2231	20	2	12	20
2232	20	2	15	20
2233	40	4	22	22
2234	40	4	17	22
2235	40	4	9	22
2236	40	4	15	22
2237	20	2	11	20
2238	40	4	22	22
2239	40	4	13	22
2240	20	2	0	20
2241	20	2	10	20
2242	20	2	7	20
2243	20	2	0	20
2244	20	2	10	20
2245	20	2	1	20
2246	20	2	16	20
2247	40	4	13	22
2248	40	4	7	22
2249	40	4	18	22
2250	20	2	4	20
2251	20	2	19	20
2252	40	4	10	22
2253	20	2	18	20
2254	20	2	0	20
2255	20	2	17	20
2256	40	4	6	22
2257	20	2	6	20
2258	20	2	6	20
2259	40	4	20	22
2260	20	2	20	20
2261	40	4	10	22
2262	40	4	3	22
2263	40	4	19	22
2264	20	2	15	20
2265	20	2	16	20
2266	20	2	17	20
2267	40	4	14	22
2268	20	2	5	20
2269	40	4	16	22
2270	40	4	11	22
2271	20	2	15	20
2272	20	2	9	20
2273	40	4	3	22
2274	20	2	4	20
2275	20	2	18	20
2276	20	2	12	20
2277	20	2	3	20
2278	40	4	12	22
2279	40	4	12	22
2280	40	4	10	22
2281	40	4	16	22
2282	40	4	11	22
2283	40	4	12	22
2284	40	4	13	22
2285	20	2	7	20
2286	20	2	17	20
2287	40	4	2	22
2288	20	2	8	20
2289	20	2	11	20
2290	40	4	9	22
2291	20	2	17	20
2292	40	4	7	22
2293	20	2	11	20
2294	20	2	5	20
2295	20	2	3	20
2296	40	4	16	22
2297	20	2	18	20
2298	40	4	13	22
2299	20	2	12	20
2300	20	2	10	20
2301	20	2	8	20
2302	20	2	17	20
2303	20	2	12	20
2304	20	2	3	20
2305	40	4	10	22
2306	20	2	9	20
2307	40	4	22	22
2308	20	2	8	20
2309	40	4	16	22
2310	20	2	10	20
2311	20	2	6	20
2312	40	4	20	22
2313	40	4	6	22
2314	40	4	7	22
2315	20	2	3	20
2316	40	4	22	22
2317	20	2	12	20
2318	40	4	15	22
2319	40	4	6	22
2320	40	4	3	22
2321	20	2	2	20
2322	40	4	7	22
2323	40	4	21	22
2324	40	4	12	22
2325	20	2	19	20
2326	40	4	2	22
2327	40	4	11	22
2328	40	4	2	22
2329	20	2	20	20
2330	40	4	10	22
2331	20	2	0	20
2332	40	4	11	22
2333	40	4	5	22
2334	40	4	1	22
2335	20	2	5	20
2336	20	2	12	20
2337	40	4	14	22
2338	20	2	5	20
2339	20	2	9	20
2340	40	4	22	22
2341	40	4	7	22
2342	40	4	7	22
2343	40	4	3	22
2344	20	2	16	20
2345	20	2	14	20
2346	40	4	14	22
2347	20	2	14	20
2348	40	4	22	22
2349	40	4	12	22
2350	20	2	0	20
2351	20	2	0	20
2352	20	2	19	20
2353	40	4	11	22
2354	20	2	11	20
2355	40	4	14	22
2356	40	4	10	22
2357	20	2	6	20
2358	40	4	13	22
2359	40	4	14	22
2360	40	4	7	22
2361	40	4	19	22
2362	20	2	13	20
2363	20	2	15	20
2364	20	2	3	20
2365	40	4	1	22
2366	20	2	13	20
2367	20	2	9	20
2368	20	2	6	20
2369	20	2	11	20
2370	20	2	20	20
2371	20	2	2	20
2372	20	2	1	20
2373	20	2	16	20
2374	20	2	5	20
2375	40	4	3	22
2376	40	4	4	22
2377	20	2	0	20
2378	40	4	12	22
2379	20	2	5	20
2380	20	2	18	20
2381	40	4	15	22
2382	20	2	1	20
2383	40	4	8	22
2384	40	4	5	22
2385	40	4	16	22
2386	20	2	7	20
2387	20	2	7	20
2388	40	4	16	22
2389	20	2	9	20
2390	20	2	12	20
2391	20	2	0	20
2392	20	2	19	20
2393	40	4	5	22
2394	20	2	10	20
2395	40	4	20	22
2396	40	4	14	22
2397	20	2	13	20
2398	20	2	10	20
2399	40	4	1	22
2400	20	2	8	20
2401	40	4	10	22
2402	20	2	18	20
2403	20	2	11	20
2404	20	2	2	20
2405	20	2	2	20
2406	40	4	12	22
2407	40	4	19	22
2408	40	4	7	22
2409	40	4	21	22
2410	40	4	12	22
2411	40	4	7	22
2412	20	2	0	20
2413	40	4	0	22
2414	40	4	16	22
2415	40	4	8	22
2416	20	2	9	20
2417	40	4	18	22
2418	20	2	8	20
2419	20	2	10	20
2420	20	2	16	20
2421	20	2	8	20
2422	20	2	3	20
2423	20	2	2	20
2424	40	4	0	22
2425	40	4	17	22
2426	20	2	19	20
2427	20	2	15	20
2428	20	2	2	20
2429	40	4	6	22
2430	20	2	20	20
2431	20	2	3	20
2432	40	4	14	22
2433	20	2	0	20
2434	20	2	18	20
2435	40	4	22	22
2436	40	4	19	22
2437	20	2	10	20
2438	40	4	16	22
2439	20	2	8	20
2440	40	4	0	22
2441	20	2	2	20
2442	40	4	19	22
2443	20	2	13	20
2444	40	4	1	22
2445	40	4	21	22
2446	20	2	6	20
2447	20	2	13	20
2448	40	4	20	22
2449	20	2	16	20
2450	20	2	6	20
2451	40	4	3	22
2452	40	4	13	22
2453	40	4	0	22
2454	20	2	16	20
2455	20	2	18	20
2456	20	2	14	20
2457	20	2	5	20
2458	20	2	12	20
2459	40	4	0	22
2460	40	4	7	22
2461	20	2	16	20
2462	40	4	6	22
2463	40	4	20	22
2464	20	2	4	20
2465	20	2	4	20
2466	20	2	14	20
2467	40	4	1	22
2468	20	2	9	20
2469	20	2	6	20
2470	20	2	1	20
2471	20	2	11	20
2472	40	4	15	22
2473	20	2	9	20
2474	20	2	20	20
2475	20	2	4	20
2476	40	4	22	22
2477	20	2	16	20
2478	40	4	22	22
2479	40	4	12	22
2480	20	2	12	20
2481	20	2	2	20
2482	40	4	15	22
2483	20	2	11	20
2484	40	4	1	22
2485	40	4	3	22
2486	40	4	7	22
2487	40	4	14	22
2488	20	2	10	20
2489	20	2	3	20
2490	40	4	18	22
2491	20	2	12	20
2492	20	2	13	20
2493	40	4	15	22
2494	20	2	6	20
2495	20	2	3	20
2496	40	4	9	22
2497	40	4	7	22
2498	40	4	0	22
2499	20	2	3	20
2500	20	2	11	20
2501	40	4	11	22
2502	20	2	10	20
2503	20	2	18	20
2504	40	4	3	22
2505	40	4	11	22
2506	40	4	2	22
2507	20	2	11	20
2508	40	4	3	22
2509	20	2	17	20
2510	20	2	3	20
2511	40	4	22	22
2512	20	2	13	20
2513	40	4	8	22
2514	20	2	13	20
2515	40	4	4	22
2516	20	2	20	20
2517	40	4	12	22
2518	40	4	11	22
2519	20	2	20	20
2520	40	4	10	22
2521	20	2	3	20
2522	20	2	17	20
2523	20	2	7	20
2524	40	4	14	22
2525	40	4	6	22
2526	40	4	17	22
2527	20	2	17	20
2528	20	2	6	20
2529	40	4	4	22
2530	20	2	17	20
2531	20	2	10	20
2532	20	2	0	20
2533	20	2	4	20
2534	20	2	7	20
2535	40	4	21	22
2536	20	2	18	20
2537	40	4	22	22
2538	40	4	21	22
2539	20	2	2	20
2540	40	4	0	22
2541	20	2	7	20
2542	40	4	22	22
2543	20	2	6	20
2544	20	2	20	20
2545	20	2	18	20
2546	40	4	8	22
2547	20	2	5	20
2548	40	4	0	22
2549	40	4	22	22
2550	20	2	14	20
2551	40	4	8	22
2552	40	4	10	22
2553	40	4	16	22
2554	40	4	20	22
2555	20	2	18	20
2556	20	2	13	20
2557	40	4	22	22
2558	40	4	15	22
2559	40	4	2	22
2560	20	2	7	20
2561	40	4	3	22
2562	20	2	1	20
2563	20	2	10	20
2564	20	2	0	20
2565	20	2	17	20
2566	40	4	19	22
2567	20	2	3	20
2568	40	4	2	22
2569	20	2	3	20
2570	40	4	8	22
2571	20	2	0	20
2572	40	4	9	22
2573	40	4	13	22
2574	40	4	19	22
2575	40	4	1	22
2576	40	4	2	22
2577	20	2	12	20
2578	40	4	4	22
2579	20	2	15	20
2580	40	4	11	22
2581	20	2	18	20
2582	40	4	10	22
2583	20	2	15	20
2584	20	2	8	20
2585	20	2	10	20
2586	20	2	15	20
2587	20	2	8	20
2588	20	2	4	20
2589	20	2	0	20
2590	20	2	6	20
2591	40	4	15	22
2592	40	4	22	22
2593	20	2	9	20
2594	20	2	15	20
2595	40	4	21	22
2596	20	2	9	20
2597	20	2	10	20
2598	40	4	5	22
2599	20	2	0	20
2600	20	2	11	20
2601	40	4	21	22
2602	20	2	0	20
2603	40	4	6	22
2604	40	4	8	22
2605	20	2	8	20
2606	20	2	5	20
2607	40	4	2	22
2608	40	4	19	22
2609	40	4	14	22
2610	40	4	20	22
2611	40	4	20	22
2612	20	2	1	20
2613	40	4	15	22
2614	40	4	17	22
2615	20	2	4	20
2616	20	2	16	20
2617	20	2	13	20
2618	20	2	1	20
2619	40	4	18	22
2620	40	4	21	22
2621	40	4	3	22
2622	40	4	3	22
2623	40	4	12	22
2624	40	4	11	22
2625	40	4	18	22
2626	40	4	8	22
2627	40	4	21	22
2628	40	4	16	22
2629	20	2	2	20
2630	20	2	18	20
2631	40	4	20	22
2632	40	4	20	22
2633	40	4	16	22
2634	20	2	14	20
2635	40	4	20	22
2636	20	2	11	20
2637	40	4	10	22
2638	40	4	16	22
2639	20	2	14	20
2640	40	4	1	22
2641	20	2	5	20
2642	40	4	16	22
2643	40	4	6	22
2644	40	4	10	22
2645	40	4	1	22
2646	20	2	20	20
2647	40	4	3	22
2648	20	2	19	20
2649	20	2	14	20
2650	40	4	8	22
2651	20	2	9	20
2652	20	2	11	20
2653	20	2	11	20
2654	20	2	15	20
2655	40	4	12	22
2656	40	4	16	22
2657	20	2	17	20
2658	40	4	12	22
2659	40	4	8	22
2660	40	4	14	22
2661	40	4	20	22
2662	20	2	8	20
2663	40	4	14	22
2664	40	4	9	22
2665	40	4	18	22
2666	40	4	17	22
2667	20	2	4	20
2668	40	4	14	22
2669	20	2	12	20
2670	20	2	13	20
2671	20	2	18	20
2672	20	2	8	20
2673	20	2	15	20
2674	40	4	12	22
2675	40	4	8	22
2676	40	4	4	22
2677	40	4	3	22
2678	20	2	6	20
2679	20	2	0	20
2680	40	4	6	22
2681	40	4	6	22
2682	40	4	19	22
2683	20	2	19	20
2684	20	2	14	20
2685	20	2	15	20
2686	20	2	13	20
2687	40	4	18	22
2688	20	2	15	20
2689	40	4	11	22
2690	20	2	11	20
2691	40	4	10	22
2692	20	2	1	20
2693	40	4	16	22
2694	20	2	9	20
2695	20	2	15	20
2696	20	2	5	20
2697	40	4	1	22
2698	20	2	7	20
2699	40	4	22	22
2700	40	4	6	22
2701	40	4	9	22
2702	20	2	19	20
2703	40	4	19	22
2704	40	4	9	22
2705	20	2	1	20
2706	40	4	13	22
2707	20	2	17	20
2708	40	4	18	22
2709	40	4	14	22
2710	20	2	13	20
2711	20	2	9	20
2712	40	4	7	22
2713	20	2	14	20
2714	20	2	4	20
2715	20	2	2	20
2716	40	4	15	22
2717	20	2	1	20
2718	40	4	14	22
2719	40	4	5	22
2720	40	4	3	22
2721	20	2	19	20
2722	20	2	13	20
2723	40	4	7	22
2724	20	2	14	20
2725	20	2	12	20
2726	40	4	16	22
2727	40	4	14	22
2728	20	2	15	20
2729	40	4	13	22
2730	40	4	3	22
2731	40	4	9	22
2732	40	4	10	22
2733	20	2	4	20
2734	40	4	2	22
2735	20	2	8	20
2736	20	2	10	20
2737	20	2	17	20
2738	40	4	10	22
2739	40	4	8	22
2740	20	2	1	20
2741	40	4	12	22
2742	40	4	4	22
2743	40	4	22	22
2744	20	2	16	20
2745	20	2	0	20
2746	20	2	7	20
2747	40	4	10	22
2748	40	4	14	22
2749	40	4	21	22
2750	20	2	20	20
2751	20	2	1	20
2752	20	2	13	20
2753	20	2	9	20
2754	40	4	11	22
2755	20	2	2	20
2756	20	2	14	20
2757	40	4	10	22
2758	40	4	13	22
2759	20	2	0	20
2760	20	2	14	20
2761	40	4	6	22
2762	20	2	14	20
2763	20	2	12	20
2764	40	4	17	22
2765	20	2	6	20
2766	40	4	6	22
2767	20	2	17	20
2768	40	4	22	22
2769	40	4	17	22
2770	40	4	7	22
2771	40	4	0	22
2772	40	4	11	22
2773	40	4	21	22
2774	20	2	18	20
2775	40	4	6	22
2776	40	4	7	22
2777	20	2	5	20
2778	20	2	3	20
2779	20	2	16	20
2780	20	2	5	20
2781	40	4	7	22
2782	20	2	6	20
2783	20	2	19	20
2784	20	2	16	20
2785	40	4	18	22
2786	20	2	19	20
2787	40	4	11	22
2788	40	4	20	22
2789	20	2	2	20
2790	20	2	19	20
2791	20	2	11	20
2792	40	4	0	22
2793	40	4	18	22
2794	20	2	6	20
2795	20	2	5	20
2796	40	4	22	22
2797	40	4	17	22
2798	20	2	1	20
2799	40	4	2	22
2800	40	4	6	22
2801	20	2	3	20
2802	20	2	3	20
2803	40	4	14	22
2804	20	2	5	20
2805	40	4	0	22
2806	20	2	13	20
2807	20	2	0	20
2808	40	4	6	22
2809	20	2	18	20
2810	20	2	18	20
2811	20	2	3	20
2812	40	4	6	22
2813	40	4	11	22
2814	40	4	16	22
2815	20	2	14	20
2816	20	2	3	20
2817	20	2	11	20
2818	20	2	16	20
2819	20	2	2	20
2820	20	2	1	20
2821	40	4	15	22
2822	20	2	18	20
2823	40	4	17	22
2824	20	2	20	20
2825	20	2	16	20
2826	20	2	8	20
2827	40	4	18	22
2828	40	4	17	22
2829	20	2	6	20
2830	40	4	20	22
2831	40	4	19	22
2832	40	4	19	22
2833	20	2	1	20
2834	20	2	14	20
2835	20	2	2	20
2836	20	2	1	20
2837	40	4	5	22
2838	40	4	4	22
2839	40	4	11	22
2840	20	2	3	20
2841	40	4	20	22
2842	40	4	21	22
2843	40	4	15	22
2844	20	2	4	20
2845	20	2	5	20
2846	40	4	7	22
2847	40	4	14	22
2848	20	2	0	20
2849	40	4	5	22
2850	40	4	22	22
2851	40	4	5	22
2852	40	4	15	22
2853	20	2	13	20
2854	20	2	5	20
2855	20	2	16	20
2856	40	4	22	22
2857	20	2	18	20
2858	40	4	5	22
2859	40	4	16	22
2860	20	2	14	20
2861	40	4	21	22
2862	20	2	7	20
2863	20	2	6	20
2864	40	4	20	22
2865	40	4	2	22
2866	20	2	20	20
2867	20	2	6	20
2868	20	2	16	20
2869	40	4	6	22
2870	20	2	17	20
2871	40	4	1	22
2872	40	4	6	22
2873	20	2	10	20
2874	40	4	3	22
2875	40	4	8	22
2876	20	2	0	20
2877	20	2	6	20
2878	20	2	12	20
2879	40	4	0	22
2880	20	2	13	20
2881	40	4	4	22
2882	20	2	11	20
2883	40	4	11	22
2884	40	4	12	22
2885	40	4	17	22
2886	40	4	22	22
2887	20	2	16	20
2888	20	2	3	20
2889	40	4	8	22
2890	20	2	15	20
2891	40	4	9	22
2892	20	2	14	20
2893	40	4	6	22
2894	20	2	17	20
2895	20	2	5	20
2896	20	2	6	20
2897	40	4	14	22
2898	20	2	19	20
2899	20	2	2	20
2900	20	2	14	20
2901	40	4	9	22
2902	40	4	2	22
2903	40	4	10	22
2904	20	2	19	20
2905	20	2	12	20
2906	40	4	13	22
2907	20	2	10	20
2908	40	4	15	22
2909	20	2	10	20
2910	20	2	14	20
2911	20	2	6	20
2912	20	2	13	20
2913	40	4	8	22
2914	40	4	18	22
2915	40	4	16	22
2916	40	4	17	22
2917	20	2	15	20
2918	40	4	3	22
2919	40	4	17	22
2920	20	2	3	20
2921	20	2	7	20
2922	20	2	11	20
2923	40	4	6	22
2924	20	2	1	20
2925	20	2	1	20
2926	40	4	15	22
2927	40	4	19	22
2928	40	4	14	22
2929	40	4	21	22
2930	20	2	4	20
2931	40	4	8	22
2932	20	2	20	20
2933	40	4	19	22
2934	40	4	12	22
2935	40	4	7	22
2936	40	4	8	22
2937	40	4	15	22
2938	20	2	15	20
2939	40	4	4	22
2940	40	4	15	22
2941	40	4	7	22
2942	40	4	19	22
2943	20	2	15	20
2944	20	2	16	20
2945	40	4	4	22
2946	40	4	11	22
2947	20	2	1	20
2948	40	4	8	22
2949	40	4	2	22
2950	40	4	18	22
2951	20	2	13	20
2952	20	2	16	20
2953	40	4	19	22
2954	40	4	19	22
2955	40	4	6	22
2956	40	4	17	22
2957	20	2	16	20
2958	20	2	12	20
2959	40	4	1	22
2960	20	2	13	20
2961	40	4	22	22
2962	40	4	22	22
2963	40	4	17	22
2964	40	4	13	22
2965	40	4	2	22
2966	40	4	1	22
2967	20	2	17	20
2968	20	2	9	20
2969	40	4	5	22
2970	20	2	12	20
2971	20	2	1	20
2972	20	2	11	20
2973	40	4	2	22
2974	20	2	11	20
2975	20	2	6	20
2976	20	2	9	20
2977	40	4	6	22
2978	40	4	14	22
2979	40	4	7	22
2980	20	2	17	20
2981	40	4	17	22
2982	40	4	20	22
2983	40	4	8	22
2984	20	2	3	20
2985	20	2	7	20
2986	40	4	5	22
2987	20	2	14	20
2988	20	2	1	20
2989	40	4	6	22
2990	20	2	8	20
2991	40	4	7	22
2992	40	4	4	22
2993	20	2	15	20
2994	40	4	3	22
2995	20	2	3	20
2996	40	4	17	22
2997	40	4	5	22
2998	20	2	9	20
2999	20	2	13	20
3000	20	2	4	20
3001	40	4	2	22
3002	40	4	17	22
3003	20	2	11	20
3004	40	4	7	22
3005	20	2	18	20
3006	20	2	11	20
3007	40	4	17	22
3008	20	2	11	20
3009	20	2	6	20
3010	40	4	4	22
3011	40	4	3	22
3012	20	2	14	20
3013	40	4	2	22
3014	40	4	3	22
3015	20	2	3	20
3016	40	4	15	22
3017	20	2	17	20
3018	20	2	9	20
3019	20	2	18	20
3020	40	4	1	22
3021	20	2	13	20
3022	40	4	16	22
3023	40	4	9	22
3024	40	4	13	22
3025	20	2	7	20
3026	40	4	13	22
3027	20	2	12	20
3028	20	2	7	20
3029	20	2	10	20
3030	40	4	4	22
3031	40	4	12	22
3032	40	4	21	22
3033	20	2	2	20
3034	20	2	14	20
3035	20	2	15	20
3036	40	4	8	22
3037	20	2	0	20
3038	40	4	7	22
3039	40	4	1	22
3040	40	4	10	22
3041	20	2	19	20
3042	20	2	2	20
3043	40	4	10	22
3044	20	2	4	20
3045	20	2	2	20
3046	20	2	14	20
3047	40	4	14	22
3048	40	4	6	22
3049	40	4	15	22
3050	40	4	9	22
3051	40	4	20	22
3052	40	4	20	22
3053	20	2	3	20
3054	20	2	20	20
3055	40	4	12	22
3056	20	2	8	20
3057	40	4	5	22
3058	40	4	1	22
3059	20	2	13	20
3060	40	4	6	22
3061	20	2	10	20
3062	40	4	6	22
3063	20	2	8	20
3064	40	4	2	22
3065	20	2	13	20
3066	20	2	16	20
3067	40	4	2	22
3068	40	4	0	22
3069	20	2	9	20
3070	20	2	17	20
3071	40	4	2	22
3072	40	4	17	22
3073	40	4	21	22
3074	40	4	20	22
3075	40	4	11	22
3076	40	4	1	22
3077	40	4	21	22
3078	40	4	5	22
3079	40	4	6	22
3080	40	4	9	22
3081	20	2	5	20
3082	20	2	12	20
3083	20	2	4	20
3084	20	2	19	20
3085	40	4	5	22
3086	40	4	4	22
3087	40	4	13	22
3088	40	4	1	22
3089	20	2	20	20
3090	20	2	10	20
3091	40	4	6	22
3092	40	4	14	22
3093	20	2	20	20
3094	20	2	1	20
3095	20	2	20	20
3096	20	2	15	20
3097	20	2	7	20
3098	40	4	2	22
3099	20	2	17	20
3100	20	2	1	20
3101	40	4	1	22
3102	20	2	13	20
3103	40	4	18	22
3104	20	2	4	20
3105	40	4	13	22
3106	20	2	6	20
3107	20	2	15	20
3108	20	2	20	20
3109	40	4	14	22
3110	40	4	16	22
3111	20	2	6	20
3112	20	2	2	20
3113	40	4	22	22
3114	40	4	4	22
3115	20	2	1	20
3116	20	2	2	20
3117	40	4	22	22
3118	40	4	5	22
3119	40	4	20	22
3120	40	4	21	22
3121	40	4	2	22
3122	20	2	8	20
3123	40	4	20	22
3124	20	2	7	20
3125	40	4	3	22
3126	40	4	14	22
3127	40	4	13	22
3128	20	2	3	20
3129	20	2	12	20
3130	20	2	9	20
3131	40	4	10	22
3132	20	2	14	20
3133	20	2	10	20
3134	20	2	2	20
3135	20	2	5	20
3136	20	2	8	20
3137	20	2	8	20
3138	40	4	17	22
3139	40	4	13	22
3140	40	4	18	22
3141	20	2	10	20
3142	40	4	17	22
3143	20	2	4	20
3144	20	2	11	20
3145	40	4	7	22
3146	40	4	20	22
3147	20	2	8	20
3148	20	2	13	20
3149	20	2	10	20
3150	40	4	11	22
3151	40	4	16	22
3152	40	4	16	22
3153	20	2	6	20
3154	20	2	20	20
3155	20	2	19	20
3156	40	4	4	22
3157	20	2	6	20
3158	20	2	12	20
3159	40	4	7	22
3160	40	4	5	22
3161	40	4	3	22
3162	20	2	0	20
3163	40	4	12	22
3164	20	2	17	20
3165	40	4	19	22
3166	40	4	6	22
3167	20	2	10	20
3168	20	2	15	20
3169	40	4	7	22
3170	40	4	3	22
3171	40	4	1	22
3172	20	2	5	20
3173	20	2	9	20
3174	40	4	6	22
3175	20	2	16	20
3176	40	4	0	22
3177	40	4	10	22
3178	20	2	13	20
3179	20	2	5	20
3180	20	2	17	20
3181	40	4	4	22
3182	20	2	14	20
3183	40	4	20	22
3184	20	2	8	20
3185	40	4	22	22
3186	40	4	10	22
3187	20	2	13	20
3188	20	2	20	20
3189	20	2	19	20
3190	40	4	4	22
3191	40	4	0	22
3192	40	4	4	22
3193	20	2	20	20
3194	40	4	0	22
3195	40	4	8	22
3196	20	2	10	20
3197	20	2	7	20
3198	40	4	1	22
3199	20	2	19	20
3200	20	2	8	20
3201	20	2	19	20
3202	20	2	11	20
3203	20	2	3	20
3204	20	2	3	20
3205	40	4	6	22
3206	20	2	7	20
3207	20	2	10	20
3208	40	4	22	22
3209	20	2	4	20
3210	40	4	9	22
3211	20	2	7	20
3212	40	4	1	22
3213	20	2	1	20
3214	40	4	6	22
3215	20	2	1	20
3216	20	2	9	20
3217	40	4	2	22
3218	40	4	14	22
3219	40	4	9	22
3220	40	4	5	22
3221	40	4	15	22
3222	40	4	7	22
3223	40	4	20	22
3224	40	4	11	22
3225	40	4	6	22
3226	20	2	12	20
3227	40	4	4	22
3228	20	2	20	20
3229	40	4	18	22
3230	40	4	8	22
3231	40	4	11	22
3232	40	4	16	22
3233	20	2	11	20
3234	40	4	3	22
3235	20	2	10	20
3236	40	4	19	22
3237	20	2	16	20
3238	40	4	22	22
3239	40	4	21	22
3240	20	2	11	20
3241	40	4	14	22
3242	40	4	9	22
3243	40	4	21	22
3244	20	2	9	20
3245	20	2	15	20
3246	20	2	7	20
3247	20	2	1	20
3248	40	4	14	22
3249	40	4	18	22
3250	20	2	16	20
3251	20	2	4	20
3252	20	2	1	20
3253	40	4	19	22
3254	20	2	3	20
3255	40	4	4	22
3256	40	4	3	22
3257	20	2	17	20
3258	40	4	12	22
3259	20	2	7	20
3260	20	2	19	20
3261	20	2	10	20
3262	40	4	10	22
3263	20	2	6	20
3264	40	4	4	22
3265	40	4	12	22
3266	40	4	7	22
3267	20	2	13	20
3268	20	2	12	20
3269	20	2	6	20
3270	40	4	13	22
3271	40	4	7	22
3272	20	2	8	20
3273	20	2	15	20
3274	20	2	9	20
3275	20	2	0	20
3276	40	4	9	22
3277	40	4	8	22
3278	40	4	21	22
3279	40	4	7	22
3280	20	2	4	20
3281	20	2	10	20
3282	20	2	1	20
3283	40	4	1	22
3284	40	4	2	22
3285	20	2	19	20
3286	40	4	5	22
3287	40	4	2	22
3288	40	4	3	22
3289	20	2	4	20
3290	20	2	17	20
3291	40	4	13	22
3292	40	4	16	22
3293	40	4	5	22
3294	20	2	9	20
3295	20	2	6	20
3296	40	4	12	22
3297	20	2	17	20
3298	40	4	8	22
3299	40	4	1	22
3300	20	2	12	20
3301	40	4	5	22
3302	20	2	10	20
3303	20	2	9	20
3304	20	2	6	20
3305	20	2	6	20
3306	40	4	22	22
3307	20	2	19	20
3308	20	2	8	20
3309	40	4	15	22
3310	40	4	11	22
3311	40	4	16	22
3312	40	4	13	22
3313	20	2	5	20
3314	20	2	15	20
3315	40	4	5	22
3316	20	2	15	20
3317	40	4	7	22
3318	20	2	19	20
3319	20	2	0	20
3320	40	4	22	22
3321	20	2	12	20
3322	20	2	0	20
3323	40	4	11	22
3324	20	2	19	20
3325	20	2	12	20
3326	20	2	10	20
3327	20	2	4	20
3328	40	4	4	22
3329	20	2	17	20
3330	40	4	2	22
3331	20	2	8	20
3332	40	4	1	22
3333	40	4	21	22
3334	20	2	1	20
3335	20	2	6	20
3336	20	2	13	20
3337	40	4	3	22
3338	20	2	14	20
3339	20	2	14	20
3340	20	2	11	20
3341	20	2	5	20
3342	20	2	13	20
3343	40	4	21	22
3344	40	4	18	22
3345	20	2	17	20
3346	20	2	7	20
3347	20	2	11	20
3348	20	2	10	20
3349	20	2	16	20
3350	40	4	2	22
3351	40	4	8	22
3352	40	4	6	22
3353	40	4	6	22
3354	40	4	17	22
3355	20	2	20	20
3356	20	2	9	20
3357	40	4	4	22
3358	40	4	7	22
3359	40	4	9	22
3360	20	2	20	20
3361	40	4	17	22
3362	20	2	0	20
3363	20	2	1	20
3364	40	4	11	22
3365	40	4	20	22
3366	40	4	0	22
3367	40	4	11	22
3368	40	4	11	22
3369	20	2	13	20
3370	40	4	11	22
3371	20	2	20	20
3372	40	4	8	22
3373	40	4	4	22
3374	40	4	20	22
3375	40	4	4	22
3376	40	4	3	22
3377	40	4	20	22
3378	20	2	20	20
3379	20	2	9	20
3380	40	4	17	22
3381	20	2	17	20
3382	20	2	16	20
3383	40	4	15	22
3384	40	4	2	22
3385	40	4	3	22
3386	40	4	12	22
3387	20	2	15	20
3388	40	4	16	22
3389	40	4	6	22
3390	40	4	14	22
3391	40	4	11	22
3392	40	4	7	22
3393	40	4	9	22
3394	20	2	4	20
3395	20	2	16	20
3396	40	4	9	22
3397	40	4	5	22
3398	40	4	5	22
3399	40	4	3	22
3400	20	2	17	20
3401	20	2	2	20
3402	20	2	18	20
3403	20	2	4	20
3404	40	4	3	22
3405	20	2	11	20
3406	40	4	9	22
3407	40	4	22	22
3408	20	2	19	20
3409	40	4	3	22
3410	20	2	3	20
3411	40	4	18	22
3412	40	4	3	22
3413	20	2	4	20
3414	40	4	13	22
3415	20	2	18	20
3416	40	4	11	22
3417	20	2	20	20
3418	40	4	1	22
3419	40	4	18	22
3420	20	2	10	20
3421	20	2	14	20
3422	20	2	2	20
3423	40	4	12	22
3424	20	2	4	20
3425	20	2	7	20
3426	40	4	2	22
3427	40	4	22	22
3428	20	2	12	20
3429	40	4	0	22
3430	20	2	0	20
3431	40	4	8	22
3432	40	4	13	22
3433	40	4	10	22
3434	40	4	0	22
3435	40	4	8	22
3436	40	4	19	22
3437	40	4	13	22
3438	40	4	1	22
3439	40	4	11	22
3440	40	4	10	22
3441	40	4	21	22
3442	20	2	13	20
3443	20	2	1	20
3444	40	4	17	22
3445	40	4	2	22
3446	40	4	7	22
3447	20	2	8	20
3448	20	2	19	20
3449	40	4	16	22
3450	20	2	14	20
3451	20	2	11	20
3452	20	2	13	20
3453	40	4	2	22
3454	20	2	8	20
3455	20	2	4	20
3456	40	4	4	22
3457	40	4	20	22
3458	20	2	19	20
3459	20	2	12	20
3460	20	2	5	20
3461	40	4	21	22
3462	40	4	10	22
3463	20	2	14	20
3464	40	4	3	22
3465	40	4	17	22
3466	20	2	3	20
3467	40	4	8	22
3468	20	2	8	20
3469	40	4	0	22
3470	40	4	11	22
3471	40	4	18	22
3472	40	4	12	22
3473	20	2	7	20
3474	20	2	17	20
3475	20	2	7	20
3476	40	4	6	22
3477	40	4	21	22
3478	40	4	9	22
3479	40	4	19	22
3480	40	4	8	22
3481	40	4	11	22
3482	20	2	5	20
3483	40	4	15	22
3484	40	4	10	22
3485	40	4	11	22
3486	40	4	3	22
3487	40	4	13	22
3488	20	2	11	20
3489	20	2	7	20
3490	40	4	2	22
3491	20	2	2	20
3492	40	4	18	22
3493	40	4	9	22
3494	20	2	13	20
3495	20	2	10	20
3496	40	4	10	22
3497	20	2	10	20
3498	20	2	6	20
3499	40	4	14	22
3500	40	4	20	22
3501	20	2	16	20
3502	20	2	16	20
3503	20	2	10	20
3504	20	2	1	20
3505	20	2	1	20
3506	40	4	12	22
3507	20	2	9	20
3508	40	4	11	22
3509	40	4	17	22
3510	20	2	6	20
3511	20	2	3	20
3512	20	2	11	20
3513	20	2	14	20
3514	40	4	0	22
3515	40	4	10	22
3516	40	4	1	22
3517	40	4	5	22
3518	20	2	13	20
3519	40	4	5	22
3520	20	2	15	20
3521	40	4	6	22
3522	40	4	5	22
3523	20	2	0	20
3524	40	4	10	22
3525	40	4	22	22
3526	40	4	22	22
3527	20	2	4	20
3528	20	2	14	20
3529	20	2	1	20
3530	20	2	13	20
3531	40	4	22	22
3532	20	2	17	20
3533	20	2	0	20
3534	20	2	6	20
3535	20	2	16	20
3536	40	4	20	22
3537	40	4	9	22
3538	40	4	2	22
3539	40	4	0	22
3540	20	2	5	20
3541	40	4	15	22
3542	40	4	22	22
3543	40	4	20	22
3544	40	4	3	22
3545	20	2	5	20
3546	20	2	15	20
3547	40	4	10	22
3548	20	2	20	20
3549	20	2	3	20
3550	40	4	0	22
3551	20	2	15	20
3552	20	2	5	20
3553	20	2	20	20
3554	20	2	2	20
3555	40	4	10	22
3556	40	4	12	22
3557	40	4	0	22
3558	20	2	13	20
3559	20	2	6	20
3560	40	4	12	22
3561	20	2	18	20
3562	20	2	3	20
3563	20	2	18	20
3564	40	4	8	22
3565	20	2	11	20
3566	40	4	18	22
3567	20	2	12	20
3568	20	2	20	20
3569	40	4	3	22
3570	20	2	0	20
3571	40	4	14	22
3572	40	4	3	22
3573	40	4	8	22
3574	40	4	9	22
3575	20	2	20	20
3576	20	2	6	20
3577	40	4	7	22
3578	20	2	8	20
3579	40	4	4	22
3580	40	4	7	22
3581	20	2	11	20
3582	40	4	0	22
3583	20	2	5	20
3584	20	2	12	20
3585	40	4	3	22
3586	20	2	9	20
3587	20	2	5	20
3588	40	4	5	22
3589	40	4	0	22
3590	20	2	3	20
3591	20	2	4	20
3592	20	2	3	20
3593	20	2	12	20
3594	40	4	3	22
3595	40	4	14	22
3596	20	2	10	20
3597	20	2	0	20
3598	40	4	9	22
3599	20	2	7	20
3600	40	4	3	22
3601	40	4	16	22
3602	20	2	9	20
3603	20	2	5	20
3604	20	2	2	20
3605	40	4	18	22
3606	40	4	12	22
3607	40	4	15	22
3608	20	2	8	20
3609	40	4	12	22
3610	40	4	17	22
3611	20	2	14	20
3612	20	2	20	20
3613	20	2	4	20
3614	20	2	19	20
3615	20	2	17	20
3616	20	2	3	20
3617	40	4	19	22
3618	40	4	16	22
3619	20	2	13	20
3620	40	4	15	22
3621	40	4	22	22
3622	20	2	3	20
3623	40	4	0	22
3624	40	4	1	22
3625	20	2	16	20
3626	20	2	6	20
3627	40	4	10	22
3628	20	2	8	20
3629	40	4	15	22
3630	20	2	13	20
3631	40	4	19	22
3632	40	4	18	22
3633	40	4	14	22
3634	20	2	4	20
3635	20	2	0	20
3636	20	2	14	20
3637	20	2	6	20
3638	40	4	22	22
3639	20	2	11	20
3640	40	4	15	22
3641	40	4	2	22
3642	20	2	1	20
3643	20	2	12	20
3644	20	2	13	20
3645	20	2	15	20
3646	40	4	4	22
3647	20	2	15	20
3648	20	2	18	20
3649	40	4	6	22
3650	20	2	10	20
3651	20	2	5	20
3652	40	4	17	22
3653	20	2	10	20
3654	40	4	21	22
3655	40	4	4	22
3656	40	4	8	22
3657	40	4	0	22
3658	40	4	9	22
3659	40	4	6	22
3660	20	2	1	20
3661	40	4	19	22
3662	20	2	6	20
3663	40	4	1	22
3664	40	4	7	22
3665	20	2	17	20
3666	20	2	18	20
3667	20	2	15	20
3668	20	2	11	20
3669	40	4	4	22
3670	40	4	4	22
3671	20	2	14	20
3672	20	2	0	20
3673	20	2	5	20
3674	40	4	21	22
3675	20	2	11	20
3676	40	4	11	22
3677	20	2	9	20
3678	40	4	18	22
3679	20	2	4	20
3680	40	4	21	22
3681	20	2	19	20
3682	20	2	15	20
3683	20	2	18	20
3684	20	2	6	20
3685	40	4	12	22
3686	20	2	5	20
3687	20	2	7	20
3688	20	2	13	20
3689	20	2	20	20
3690	20	2	6	20
3691	40	4	14	22
3692	20	2	5	20
3693	40	4	19	22
3694	20	2	0	20
3695	20	2	17	20
3696	40	4	0	22
3697	40	4	11	22
3698	40	4	16	22
3699	20	2	1	20
3700	20	2	10	20
3701	20	2	3	20
3702	40	4	12	22
3703	40	4	7	22
3704	40	4	6	22
3705	20	2	19	20
3706	20	2	16	20
3707	40	4	5	22
3708	40	4	5	22
3709	40	4	6	22
3710	20	2	18	20
3711	40	4	11	22
3712	40	4	21	22
3713	40	4	16	22
3714	20	2	0	20
3715	20	2	18	20
3716	40	4	18	22
3717	40	4	3	22
3718	20	2	6	20
3719	40	4	17	22
3720	40	4	13	22
3721	40	4	17	22
3722	40	4	13	22
3723	20	2	14	20
3724	40	4	10	22
3725	40	4	0	22
3726	20	2	18	20
3727	40	4	20	22
3728	20	2	8	20
3729	40	4	0	22
3730	20	2	10	20
3731	20	2	1	20
3732	40	4	8	22
3733	20	2	18	20
3734	40	4	5	22
3735	40	4	17	22
3736	40	4	4	22
3737	40	4	3	22
3738	20	2	19	20
3739	20	2	2	20
3740	40	4	17	22
3741	40	4	18	22
3742	20	2	17	20
3743	40	4	1	22
3744	20	2	10	20
3745	20	2	10	20
3746	40	4	21	22
3747	20	2	14	20
3748	20	2	0	20
3749	40	4	8	22
3750	20	2	14	20
3751	20	2	13	20
3752	40	4	5	22
3753	40	4	2	22
3754	40	4	17	22
3755	20	2	14	20
3756	20	2	6	20
3757	40	4	11	22
3758	20	2	6	20
3759	40	4	19	22
3760	40	4	7	22
3761	20	2	7	20
3762	20	2	15	20
3763	20	2	18	20
3764	20	2	16	20
3765	20	2	18	20
3766	20	2	8	20
3767	40	4	0	22
3768	20	2	6	20
3769	40	4	2	22
3770	40	4	6	22
3771	20	2	12	20
3772	20	2	5	20
3773	20	2	12	20
3774	20	2	18	20
3775	40	4	4	22
3776	20	2	16	20
3777	40	4	8	22
3778	20	2	0	20
3779	40	4	4	22
3780	40	4	11	22
3781	40	4	6	22
3782	40	4	9	22
3783	20	2	15	20
3784	20	2	2	20
3785	20	2	11	20
3786	40	4	20	22
3787	40	4	21	22
3788	20	2	14	20
3789	20	2	17	20
3790	40	4	14	22
3791	40	4	13	22
3792	20	2	13	20
3793	20	2	7	20
3794	40	4	6	22
3795	20	2	19	20
3796	40	4	7	22
3797	20	2	12	20
3798	20	2	2	20
3799	20	2	18	20
3800	20	2	13	20
3801	20	2	14	20
3802	20	2	20	20
3803	20	2	9	20
3804	20	2	6	20
3805	40	4	20	22
3806	20	2	9	20
3807	40	4	11	22
3808	20	2	10	20
3809	40	4	18	22
3810	20	2	3	20
3811	40	4	17	22
3812	40	4	10	22
3813	40	4	5	22
3814	20	2	3	20
3815	40	4	19	22
3816	20	2	7	20
3817	40	4	11	22
3818	20	2	8	20
3819	20	2	2	20
3820	20	2	18	20
3821	40	4	12	22
3822	40	4	4	22
3823	40	4	10	22
3824	20	2	8	20
3825	20	2	8	20
3826	20	2	11	20
3827	40	4	2	22
3828	40	4	7	22
3829	20	2	5	20
3830	40	4	14	22
3831	20	2	14	20
3832	20	2	18	20
3833	20	2	1	20
3834	20	2	14	20
3835	20	2	9	20
3836	20	2	3	20
3837	20	2	6	20
3838	20	2	15	20
3839	40	4	11	22
3840	20	2	14	20
3841	40	4	1	22
3842	20	2	0	20
3843	20	2	15	20
3844	40	4	1	22
3845	40	4	16	22
3846	40	4	19	22
3847	20	2	3	20
3848	40	4	8	22
3849	20	2	15	20
3850	40	4	19	22
3851	20	2	20	20
3852	40	4	0	22
3853	20	2	6	20
3854	20	2	4	20
3855	20	2	0	20
3856	20	2	2	20
3857	40	4	8	22
3858	40	4	7	22
3859	20	2	16	20
3860	20	2	4	20
3861	40	4	21	22
3862	40	4	10	22
3863	20	2	18	20
3864	20	2	8	20
3865	40	4	17	22
3866	40	4	14	22
3867	20	2	18	20
3868	20	2	13	20
3869	20	2	20	20
3870	40	4	17	22
3871	40	4	9	22
3872	40	4	7	22
3873	40	4	3	22
3874	20	2	20	20
3875	40	4	22	22
3876	40	4	6	22
3877	40	4	19	22
3878	40	4	10	22
3879	20	2	9	20
3880	40	4	13	22
3881	40	4	19	22
3882	20	2	11	20
3883	40	4	20	22
3884	40	4	3	22
3885	40	4	14	22
3886	20	2	20	20
3887	40	4	18	22
3888	40	4	17	22
3889	20	2	17	20
3890	40	4	19	22
3891	20	2	1	20
3892	40	4	15	22
3893	20	2	18	20
3894	20	2	0	20
3895	40	4	1	22
3896	40	4	7	22
3897	40	4	3	22
3898	40	4	21	22
3899	40	4	20	22
3900	20	2	15	20
3901	20	2	10	20
3902	40	4	19	22
3903	20	2	6	20
3904	20	2	5	20
3905	40	4	11	22
3906	40	4	19	22
3907	20	2	6	20
3908	40	4	3	22
3909	20	2	17	20
3910	20	2	4	20
3911	40	4	18	22
3912	40	4	7	22
3913	20	2	13	20
3914	40	4	7	22
3915	20	2	19	20
3916	20	2	13	20
3917	40	4	4	22
3918	20	2	12	20
3919	20	2	1	20
3920	40	4	3	22
3921	40	4	0	22
3922	40	4	5	22
3923	20	2	5	20
3924	20	2	19	20
3925	20	2	3	20
3926	40	4	3	22
3927	20	2	5	20
3928	20	2	10	20
3929	20	2	18	20
3930	20	2	5	20
3931	20	2	18	20
3932	40	4	5	22
3933	20	2	10	20
3934	20	2	18	20
3935	20	2	8	20
3936	40	4	8	22
3937	20	2	5	20
3938	40	4	15	22
3939	40	4	3	22
3940	20	2	5	20
3941	20	2	7	20
3942	20	2	1	20
3943	20	2	15	20
3944	20	2	12	20
3945	20	2	4	20
3946	40	4	2	22
3947	20	2	2	20
3948	40	4	9	22
3949	20	2	5	20
3950	20	2	8	20
3951	40	4	19	22
3952	20	2	11	20
3953	20	2	12	20
3954	40	4	11	22
3955	40	4	14	22
3956	40	4	8	22
3957	40	4	5	22
3958	20	2	1	20
3959	40	4	3	22
3960	20	2	2	20
3961	40	4	13	22
3962	40	4	17	22
3963	20	2	16	20
3964	20	2	0	20
3965	20	2	19	20
3966	20	2	13	20
3967	20	2	2	20
3968	40	4	5	22
3969	40	4	12	22
3970	20	2	5	20
3971	20	2	16	20
3972	20	2	10	20
3973	40	4	0	22
3974	20	2	16	20
3975	40	4	15	22
3976	20	2	4	20
3977	40	4	1	22
3978	40	4	19	22
3979	20	2	2	20
3980	40	4	15	22
3981	20	2	2	20
3982	20	2	14	20
3983	20	2	3	20
3984	20	2	7	20
3985	20	2	8	20
3986	20	2	6	20
3987	20	2	9	20
3988	20	2	16	20
3989	20	2	10	20
3990	40	4	14	22
3991	40	4	8	22
3992	40	4	16	22
3993	20	2	2	20
3994	40	4	3	22
3995	20	2	13	20
3996	20	2	13	20
3997	20	2	4	20
3998	40	4	14	22
3999	20	2	10	20
4000	20	2	14	20
4001	20	2	5	20
4002	20	2	14	20
4003	20	2	7	20
4004	20	2	4	20
4005	40	4	18	22
4006	40	4	20	22
4007	40	4	7	22
4008	20	2	2	20
4009	20	2	16	20
4010	40	4	2	22
4011	20	2	7	20
4012	20	2	1	20
4013	40	4	13	22
4014	20	2	12	20
4015	20	2	3	20
4016	40	4	1	22
4017	20	2	16	20
4018	40	4	12	22
4019	40	4	2	22
4020	20	2	5	20
4021	20	2	2	20
4022	40	4	11	22
4023	20	2	6	20
4024	20	2	2	20
4025	40	4	15	22
4026	40	4	22	22
4027	20	2	6	20
4028	40	4	4	22
4029	20	2	8	20
4030	40	4	1	22
4031	40	4	11	22
4032	40	4	16	22
4033	40	4	22	22
4034	40	4	5	22
4035	20	2	5	20
4036	20	2	12	20
4037	20	2	20	20
4038	40	4	0	22
4039	40	4	20	22
4040	40	4	21	22
4041	40	4	20	22
4042	20	2	20	20
4043	40	4	12	22
4044	20	2	13	20
4045	40	4	10	22
4046	20	2	5	20
4047	20	2	2	20
4048	40	4	16	22
4049	20	2	0	20
4050	20	2	12	20
4051	40	4	14	22
4052	40	4	1	22
4053	20	2	13	20
4054	20	2	12	20
4055	40	4	10	22
4056	20	2	1	20
4057	40	4	14	22
4058	20	2	13	20
4059	20	2	17	20
4060	20	2	14	20
4061	20	2	7	20
4062	20	2	6	20
4063	40	4	18	22
4064	40	4	5	22
4065	40	4	9	22
4066	20	2	16	20
4067	40	4	21	22
4068	40	4	6	22
4069	20	2	10	20
4070	20	2	8	20
4071	40	4	0	22
4072	20	2	1	20
4073	40	4	19	22
4074	40	4	11	22
4075	40	4	13	22
4076	40	4	15	22
4077	20	2	6	20
4078	20	2	13	20
4079	20	2	17	20
4080	20	2	0	20
4081	40	4	13	22
4082	20	2	10	20
4083	20	2	6	20
4084	20	2	11	20
4085	40	4	10	22
4086	20	2	0	20
4087	20	2	8	20
4088	20	2	8	20
4089	40	4	6	22
4090	20	2	11	20
4091	40	4	11	22
4092	40	4	15	22
4093	20	2	15	20
4094	40	4	15	22
4095	20	2	12	20
4096	40	4	1	22
4097	20	2	2	20
4098	20	2	17	20
4099	20	2	13	20
4100	20	2	13	20
4101	20	2	20	20
4102	20	2	16	20
4103	40	4	2	22
4104	40	4	8	22
4105	40	4	14	22
4106	20	2	13	20
4107	40	4	0	22
4108	20	2	6	20
4109	20	2	5	20
4110	40	4	9	22
4111	40	4	19	22
4112	20	2	10	20
4113	20	2	3	20
4114	20	2	16	20
4115	40	4	4	22
4116	20	2	6	20
4117	20	2	10	20
4118	40	4	15	22
4119	20	2	5	20
4120	40	4	14	22
4121	40	4	19	22
4122	40	4	20	22
4123	20	2	12	20
4124	40	4	5	22
4125	40	4	21	22
4126	40	4	17	22
4127	40	4	5	22
4128	40	4	18	22
4129	40	4	15	22
4130	20	2	0	20
4131	20	2	9	20
4132	40	4	16	22
4133	40	4	14	22
4134	20	2	4	20
4135	40	4	3	22
4136	20	2	15	20
4137	40	4	5	22
4138	20	2	6	20
4139	40	4	5	22
4140	20	2	0	20
4141	20	2	7	20
4142	40	4	3	22
4143	20	2	1	20
4144	40	4	5	22
4145	20	2	5	20
4146	40	4	5	22
4147	20	2	15	20
4148	20	2	19	20
4149	40	4	13	22
4150	20	2	10	20
4151	40	4	13	22
4152	20	2	0	20
4153	40	4	14	22
4154	20	2	10	20
4155	20	2	3	20
4156	20	2	17	20
4157	40	4	21	22
4158	20	2	5	20
4159	40	4	17	22
4160	40	4	3	22
4161	40	4	21	22
4162	20	2	0	20
4163	40	4	5	22
4164	20	2	13	20
4165	40	4	10	22
4166	20	2	16	20
4167	20	2	15	20
4168	20	2	0	20
4169	40	4	12	22
4170	40	4	18	22
4171	40	4	18	22
4172	40	4	19	22
4173	40	4	12	22
4174	40	4	12	22
4175	20	2	1	20
4176	40	4	21	22
4177	40	4	5	22
4178	40	4	22	22
4179	20	2	3	20
4180	20	2	8	20
4181	40	4	16	22
4182	40	4	18	22
4183	20	2	0	20
4184	40	4	4	22
4185	20	2	18	20
4186	40	4	9	22
4187	20	2	17	20
4188	20	2	15	20
4189	40	4	4	22
4190	40	4	20	22
4191	20	2	17	20
4192	40	4	7	22
4193	40	4	22	22
4194	40	4	6	22
4195	20	2	8	20
4196	40	4	9	22
4197	20	2	5	20
4198	20	2	13	20
4199	40	4	13	22
4200	40	4	9	22
4201	40	4	1	22
4202	40	4	0	22
4203	40	4	5	22
4204	40	4	12	22
4205	40	4	10	22
4206	40	4	14	22
4207	40	4	17	22
4208	20	2	20	20
4209	40	4	12	22
4210	20	2	10	20
4211	40	4	17	22
4212	40	4	21	22
4213	40	4	3	22
4214	20	2	17	20
4215	20	2	3	20
4216	40	4	8	22
4217	40	4	14	22
4218	40	4	2	22
4219	40	4	13	22
4220	20	2	8	20
4221	20	2	11	20
4222	40	4	21	22
4223	40	4	18	22
4224	20	2	18	20
4225	20	2	15	20
4226	20	2	14	20
4227	20	2	6	20
4228	20	2	9	20
4229	40	4	1	22
4230	40	4	6	22
4231	40	4	22	22
4232	20	2	10	20
4233	20	2	6	20
4234	20	2	15	20
4235	40	4	5	22
4236	20	2	6	20
4237	20	2	6	20
4238	20	2	0	20
4239	40	4	20	22
4240	40	4	14	22
4241	40	4	1	22
4242	40	4	0	22
4243	20	2	19	20
4244	40	4	21	22
4245	40	4	5	22
4246	40	4	16	22
4247	40	4	7	22
4248	40	4	14	22
4249	20	2	3	20
4250	20	2	20	20
4251	40	4	8	22
4252	20	2	2	20
4253	40	4	21	22
4254	20	2	20	20
4255	40	4	6	22
4256	40	4	5	22
4257	40	4	20	22
4258	20	2	1	20
4259	40	4	15	22
4260	20	2	14	20
4261	20	2	11	20
4262	20	2	8	20
4263	20	2	3	20
4264	40	4	22	22
4265	40	4	21	22
4266	40	4	3	22
4267	20	2	19	20
4268	40	4	9	22
4269	20	2	1	20
4270	20	2	17	20
4271	20	2	7	20
4272	40	4	20	22
4273	40	4	11	22
4274	20	2	11	20
4275	20	2	14	20
4276	20	2	0	20
4277	20	2	17	20
4278	40	4	3	22
4279	20	2	14	20
4280	40	4	6	22
4281	20	2	15	20
4282	20	2	17	20
4283	40	4	16	22
4284	40	4	17	22
4285	20	2	19	20
4286	40	4	18	22
4287	20	2	2	20
4288	20	2	14	20
4289	40	4	19	22
4290	40	4	1	22
4291	40	4	11	22
4292	20	2	0	20
4293	20	2	16	20
4294	20	2	7	20
4295	40	4	20	22
4296	40	4	16	22
4297	40	4	21	22
4298	40	4	2	22
4299	40	4	5	22
4300	40	4	2	22
4301	40	4	1	22
4302	20	2	17	20
4303	40	4	0	22
4304	40	4	20	22
4305	40	4	21	22
4306	20	2	9	20
4307	20	2	6	20
4308	20	2	10	20
4309	20	2	3	20
4310	40	4	15	22
4311	40	4	16	22
4312	20	2	17	20
4313	20	2	11	20
4314	20	2	17	20
4315	20	2	8	20
4316	40	4	3	22
4317	40	4	1	22
4318	20	2	13	20
4319	40	4	8	22
4320	20	2	19	20
4321	40	4	21	22
4322	40	4	21	22
4323	20	2	14	20
4324	40	4	17	22
4325	20	2	7	20
4326	20	2	3	20
4327	20	2	15	20
4328	20	2	0	20
4329	20	2	8	20
4330	40	4	11	22
4331	20	2	3	20
4332	40	4	20	22
4333	40	4	1	22
4334	20	2	4	20
4335	40	4	12	22
4336	40	4	19	22
4337	20	2	2	20
4338	20	2	20	20
4339	20	2	12	20
4340	20	2	10	20
4341	40	4	6	22
4342	40	4	16	22
4343	20	2	19	20
4344	20	2	14	20
4345	40	4	12	22
4346	20	2	19	20
4347	20	2	1	20
4348	20	2	5	20
4349	40	4	8	22
4350	20	2	9	20
4351	40	4	20	22
4352	40	4	22	22
4353	20	2	6	20
4354	20	2	20	20
4355	40	4	18	22
4356	20	2	1	20
4357	40	4	5	22
4358	20	2	3	20
4359	40	4	21	22
4360	40	4	15	22
4361	40	4	2	22
4362	40	4	14	22
4363	40	4	1	22
4364	40	4	0	22
4365	40	4	0	22
4366	40	4	5	22
4367	40	4	8	22
4368	40	4	6	22
4369	20	2	7	20
4370	20	2	19	20
4371	40	4	20	22
4372	40	4	19	22
4373	40	4	4	22
4374	40	4	12	22
4375	20	2	6	20
4376	20	2	3	20
4377	40	4	16	22
4378	40	4	8	22
4379	40	4	12	22
4380	20	2	6	20
4381	20	2	10	20
4382	40	4	21	22
4383	20	2	14	20
4384	20	2	4	20
4385	20	2	11	20
4386	40	4	5	22
4387	20	2	13	20
4388	20	2	0	20
4389	20	2	9	20
4390	40	4	17	22
4391	40	4	7	22
4392	40	4	13	22
4393	40	4	10	22
4394	20	2	20	20
4395	40	4	21	22
4396	40	4	6	22
4397	40	4	15	22
4398	20	2	10	20
4399	20	2	20	20
4400	40	4	18	22
4401	20	2	2	20
4402	40	4	19	22
4403	40	4	7	22
4404	40	4	8	22
4405	40	4	8	22
4406	40	4	13	22
4407	20	2	1	20
4408	40	4	21	22
4409	40	4	16	22
4410	40	4	13	22
4411	40	4	21	22
4412	20	2	3	20
4413	40	4	15	22
4414	20	2	15	20
4415	20	2	7	20
4416	20	2	6	20
4417	40	4	10	22
4418	20	2	14	20
4419	40	4	1	22
4420	40	4	18	22
4421	40	4	1	22
4422	40	4	2	22
4423	40	4	17	22
4424	40	4	11	22
4425	40	4	18	22
4426	40	4	11	22
4427	40	4	3	22
4428	20	2	10	20
4429	40	4	15	22
4430	20	2	1	20
4431	20	2	8	20
4432	40	4	6	22
4433	40	4	20	22
4434	20	2	10	20
4435	40	4	4	22
4436	40	4	1	22
4437	20	2	0	20
4438	20	2	20	20
4439	40	4	20	22
4440	40	4	2	22
4441	40	4	9	22
4442	40	4	4	22
4443	20	2	0	20
4444	40	4	12	22
4445	20	2	18	20
4446	40	4	4	22
4447	20	2	19	20
4448	20	2	9	20
4449	20	2	11	20
4450	20	2	16	20
4451	40	4	15	22
4452	40	4	19	22
4453	40	4	21	22
4454	20	2	6	20
4455	40	4	15	22
4456	20	2	19	20
4457	40	4	20	22
4458	40	4	5	22
4459	40	4	6	22
4460	40	4	2	22
4461	20	2	3	20
4462	40	4	12	22
4463	20	2	2	20
4464	40	4	12	22
4465	20	2	20	20
4466	20	2	4	20
4467	20	2	14	20
4468	40	4	2	22
4469	20	2	10	20
4470	20	2	2	20
4471	20	2	4	20
4472	20	2	20	20
4473	20	2	11	20
4474	40	4	22	22
4475	40	4	3	22
4476	20	2	5	20
4477	20	2	14	20
4478	20	2	10	20
4479	20	2	14	20
4480	40	4	16	22
4481	20	2	15	20
4482	20	2	18	20
4483	40	4	20	22
4484	20	2	17	20
4485	40	4	20	22
4486	20	2	6	20
4487	40	4	19	22
4488	20	2	12	20
4489	40	4	14	22
4490	40	4	1	22
4491	20	2	20	20
4492	40	4	2	22
4493	40	4	21	22
4494	40	4	4	22
4495	20	2	12	20
4496	40	4	21	22
4497	20	2	0	20
4498	40	4	9	22
4499	40	4	16	22
4500	40	4	22	22
4501	40	4	1	22
4502	20	2	9	20
4503	20	2	3	20
4504	20	2	4	20
4505	20	2	4	20
4506	20	2	3	20
4507	40	4	16	22
4508	20	2	19	20
4509	40	4	21	22
4510	20	2	17	20
4511	40	4	5	22
4512	20	2	4	20
4513	20	2	0	20
4514	20	2	1	20
4515	40	4	21	22
4516	20	2	11	20
4517	40	4	6	22
4518	20	2	2	20
4519	20	2	19	20
4520	20	2	15	20
4521	20	2	7	20
4522	20	2	3	20
4523	20	2	9	20
4524	20	2	3	20
4525	20	2	20	20
4526	40	4	15	22
4527	40	4	8	22
4528	40	4	21	22
4529	40	4	18	22
4530	20	2	8	20
4531	40	4	6	22
4532	40	4	10	22
4533	20	2	12	20
4534	20	2	4	20
4535	20	2	1	20
4536	20	2	9	20
4537	40	4	17	22
4538	20	2	2	20
4539	40	4	10	22
4540	40	4	12	22
4541	40	4	16	22
4542	20	2	17	20
4543	40	4	13	22
4544	40	4	8	22
4545	20	2	20	20
4546	20	2	12	20
4547	20	2	5	20
4548	40	4	8	22
4549	40	4	10	22
4550	40	4	13	22
4551	20	2	19	20
4552	20	2	13	20
4553	40	4	15	22
4554	40	4	12	22
4555	40	4	13	22
4556	20	2	11	20
4557	20	2	10	20
4558	40	4	11	22
4559	20	2	9	20
4560	40	4	16	22
4561	20	2	2	20
4562	20	2	9	20
4563	40	4	20	22
4564	40	4	14	22
4565	20	2	2	20
4566	20	2	0	20
4567	40	4	11	22
4568	40	4	6	22
4569	40	4	8	22
4570	20	2	0	20
4571	20	2	1	20
4572	40	4	4	22
4573	40	4	8	22
4574	40	4	8	22
4575	40	4	12	22
4576	40	4	12	22
4577	20	2	14	20
4578	40	4	15	22
4579	40	4	7	22
4580	20	2	6	20
4581	40	4	17	22
4582	20	2	14	20
4583	40	4	1	22
4584	40	4	11	22
4585	20	2	7	20
4586	40	4	6	22
4587	20	2	3	20
4588	40	4	1	22
4589	20	2	1	20
4590	40	4	16	22
4591	40	4	22	22
4592	20	2	16	20
4593	20	2	7	20
4594	40	4	12	22
4595	20	2	5	20
4596	20	2	13	20
4597	20	2	6	20
4598	40	4	10	22
4599	20	2	3	20
4600	40	4	10	22
4601	40	4	17	22
4602	20	2	13	20
4603	20	2	12	20
4604	40	4	13	22
4605	20	2	4	20
4606	20	2	1	20
4607	40	4	19	22
4608	20	2	0	20
4609	40	4	12	22
4610	40	4	7	22
4611	20	2	20	20
4612	40	4	15	22
4613	20	2	12	20
4614	20	2	15	20
4615	20	2	17	20
4616	20	2	2	20
4617	40	4	19	22
4618	20	2	17	20
4619	40	4	15	22
4620	20	2	20	20
4621	20	2	14	20
4622	40	4	0	22
4623	40	4	13	22
4624	40	4	15	22
4625	40	4	5	22
4626	40	4	15	22
4627	40	4	6	22
4628	20	2	3	20
4629	20	2	13	20
4630	20	2	20	20
4631	40	4	0	22
4632	40	4	4	22
4633	40	4	14	22
4634	20	2	20	20
4635	40	4	11	22
4636	20	2	17	20
4637	20	2	7	20
4638	40	4	9	22
4639	40	4	17	22
4640	20	2	5	20
4641	20	2	10	20
4642	20	2	10	20
4643	40	4	19	22
4644	40	4	5	22
4645	40	4	4	22
4646	20	2	16	20
4647	40	4	20	22
4648	40	4	14	22
4649	20	2	8	20
4650	40	4	17	22
4651	40	4	17	22
4652	20	2	11	20
4653	20	2	11	20
4654	40	4	12	22
4655	40	4	0	22
4656	40	4	20	22
4657	40	4	4	22
4658	20	2	0	20
4659	20	2	8	20
4660	20	2	0	20
4661	40	4	5	22
4662	20	2	7	20
4663	20	2	8	20
4664	20	2	1	20
4665	40	4	6	22
4666	40	4	2	22
4667	20	2	1	20
4668	20	2	1	20
4669	20	2	9	20
4670	20	2	11	20
4671	40	4	12	22
4672	40	4	10	22
4673	40	4	8	22
4674	40	4	15	22
4675	20	2	5	20
4676	40	4	3	22
4677	20	2	18	20
4678	20	2	15	20
4679	40	4	6	22
4680	20	2	9	20
4681	20	2	9	20
4682	20	2	2	20
4683	40	4	9	22
4684	20	2	19	20
4685	40	4	17	22
4686	40	4	18	22
4687	40	4	14	22
4688	20	2	11	20
4689	40	4	20	22
4690	40	4	2	22
4691	20	2	13	20
4692	20	2	15	20
4693	40	4	17	22
4694	40	4	1	22
4695	40	4	16	22
4696	40	4	4	22
4697	20	2	2	20
4698	40	4	13	22
4699	40	4	11	22
4700	40	4	6	22
4701	40	4	0	22
4702	40	4	0	22
4703	40	4	16	22
4704	20	2	7	20
4705	40	4	8	22
4706	40	4	22	22
4707	40	4	19	22
4708	20	2	6	20
4709	20	2	6	20
4710	40	4	1	22
4711	40	4	22	22
4712	20	2	9	20
4713	40	4	12	22
4714	40	4	16	22
4715	40	4	17	22
4716	20	2	3	20
4717	20	2	0	20
4718	20	2	6	20
4719	40	4	17	22
4720	40	4	2	22
4721	40	4	18	22
4722	40	4	22	22
4723	40	4	8	22
4724	40	4	13	22
4725	20	2	17	20
4726	20	2	0	20
4727	20	2	19	20
4728	20	2	4	20
4729	20	2	7	20
4730	20	2	8	20
4731	40	4	12	22
4732	40	4	17	22
4733	40	4	7	22
4734	20	2	0	20
4735	20	2	5	20
4736	40	4	0	22
4737	40	4	9	22
4738	40	4	1	22
4739	40	4	17	22
4740	40	4	8	22
4741	40	4	1	22
4742	20	2	16	20
4743	20	2	20	20
4744	40	4	12	22
4745	40	4	10	22
4746	20	2	11	20
4747	20	2	13	20
4748	40	4	4	22
4749	20	2	10	20
4750	40	4	13	22
4751	40	4	11	22
4752	40	4	2	22
4753	20	2	3	20
4754	40	4	4	22
4755	20	2	15	20
4756	40	4	6	22
4757	20	2	19	20
4758	20	2	3	20
4759	20	2	11	20
4760	40	4	12	22
4761	20	2	5	20
4762	40	4	9	22
4763	40	4	14	22
4764	20	2	7	20
4765	40	4	7	22
4766	20	2	1	20
4767	40	4	8	22
4768	20	2	5	20
4769	20	2	10	20
4770	20	2	0	20
4771	20	2	9	20
4772	20	2	14	20
4773	40	4	10	22
4774	40	4	15	22
4775	40	4	2	22
4776	20	2	6	20
4777	20	2	3	20
4778	20	2	12	20
4779	40	4	10	22
4780	20	2	9	20
4781	20	2	3	20
4782	20	2	18	20
4783	20	2	13	20
4784	20	2	8	20
4785	40	4	19	22
4786	40	4	21	22
4787	20	2	20	20
4788	40	4	6	22
4789	20	2	4	20
4790	40	4	2	22
4791	40	4	14	22
4792	40	4	8	22
4793	40	4	9	22
4794	20	2	8	20
4795	40	4	19	22
4796	40	4	5	22
4797	20	2	18	20
4798	40	4	2	22
4799	40	4	3	22
4800	20	2	1	20
4801	20	2	5	20
4802	40	4	10	22
4803	20	2	11	20
4804	40	4	0	22
4805	20	2	19	20
4806	20	2	12	20
4807	40	4	5	22
4808	20	2	4	20
4809	40	4	13	22
4810	20	2	2	20
4811	20	2	4	20
4812	40	4	2	22
4813	20	2	12	20
4814	40	4	2	22
4815	40	4	0	22
4816	40	4	10	22
4817	40	4	2	22
4818	40	4	5	22
4819	20	2	10	20
4820	40	4	14	22
4821	40	4	11	22
4822	40	4	0	22
4823	20	2	6	20
4824	40	4	8	22
4825	40	4	11	22
4826	40	4	1	22
4827	20	2	15	20
4828	40	4	11	22
4829	40	4	4	22
4830	20	2	2	20
4831	20	2	5	20
4832	40	4	3	22
4833	20	2	17	20
4834	40	4	7	22
4835	20	2	5	20
4836	20	2	12	20
4837	20	2	7	20
4838	40	4	2	22
4839	20	2	16	20
4840	40	4	22	22
4841	20	2	2	20
4842	40	4	1	22
4843	40	4	1	22
4844	40	4	3	22
4845	20	2	0	20
4846	20	2	19	20
4847	40	4	7	22
4848	40	4	0	22
4849	40	4	1	22
4850	40	4	20	22
4851	20	2	3	20
4852	20	2	9	20
4853	40	4	16	22
4854	20	2	13	20
4855	20	2	12	20
4856	40	4	2	22
4857	40	4	9	22
4858	20	2	17	20
4859	20	2	15	20
4860	40	4	14	22
4861	20	2	1	20
4862	40	4	0	22
4863	20	2	13	20
4864	40	4	1	22
4865	20	2	15	20
4866	40	4	19	22
4867	40	4	5	22
4868	20	2	8	20
4869	20	2	0	20
4870	20	2	10	20
4871	40	4	14	22
4872	40	4	20	22
4873	20	2	11	20
4874	20	2	11	20
4875	20	2	12	20
4876	20	2	12	20
4877	20	2	12	20
4878	20	2	11	20
4879	20	2	18	20
4880	20	2	14	20
4881	20	2	5	20
4882	20	2	17	20
4883	20	2	1	20
4884	20	2	1	20
4885	20	2	14	20
4886	20	2	9	20
4887	40	4	1	22
4888	40	4	2	22
4889	20	2	3	20
4890	20	2	5	20
4891	20	2	1	20
4892	40	4	2	22
4893	20	2	6	20
4894	20	2	8	20
4895	20	2	14	20
4896	20	2	18	20
4897	20	2	6	20
4898	40	4	6	22
4899	20	2	19	20
4900	40	4	4	22
4901	40	4	2	22
4902	20	2	14	20
4903	40	4	5	22
4904	40	4	10	22
4905	20	2	14	20
4906	40	4	20	22
4907	20	2	18	20
4908	40	4	6	22
4909	20	2	15	20
4910	40	4	7	22
4911	40	4	0	22
4912	40	4	21	22
4913	40	4	12	22
4914	20	2	11	20
4915	20	2	16	20
4916	40	4	12	22
4917	20	2	4	20
4918	40	4	9	22
4919	40	4	11	22
4920	20	2	7	20
4921	20	2	8	20
4922	20	2	2	20
4923	40	4	4	22
4924	40	4	20	22
4925	20	2	14	20
4926	40	4	14	22
4927	20	2	10	20
4928	40	4	0	22
4929	20	2	11	20
4930	20	2	7	20
4931	40	4	10	22
4932	40	4	19	22
4933	20	2	20	20
4934	20	2	20	20
4935	40	4	15	22
4936	20	2	14	20
4937	20	2	11	20
4938	20	2	18	20
4939	20	2	0	20
4940	40	4	1	22
4941	20	2	15	20
4942	40	4	10	22
4943	40	4	1	22
4944	40	4	11	22
4945	20	2	4	20
4946	20	2	17	20
4947	40	4	5	22
4948	20	2	7	20
4949	40	4	1	22
4950	40	4	4	22
4951	40	4	1	22
4952	40	4	16	22
4953	20	2	14	20
4954	20	2	14	20
4955	40	4	6	22
4956	40	4	7	22
4957	20	2	11	20
4958	20	2	11	20
4959	20	2	16	20
4960	40	4	2	22
4961	40	4	20	22
4962	40	4	2	22
4963	20	2	15	20
4964	20	2	4	20
4965	40	4	16	22
4966	20	2	0	20
4967	40	4	14	22
4968	40	4	8	22
4969	40	4	15	22
4970	20	2	17	20
4971	40	4	2	22
4972	20	2	9	20
4973	20	2	6	20
4974	40	4	0	22
4975	20	2	7	20
4976	20	2	17	20
4977	20	2	12	20
4978	20	2	2	20
4979	40	4	17	22
4980	20	2	14	20
4981	40	4	9	22
4982	40	4	13	22
4983	20	2	10	20
4984	40	4	5	22
4985	40	4	7	22
4986	20	2	2	20
4987	20	2	2	20
4988	40	4	9	22
4989	40	4	14	22
4990	20	2	15	20
4991	20	2	3	20
4992	40	4	2	22
4993	40	4	17	22
4994	40	4	10	22
4995	40	4	13	22
4996	40	4	0	22
4997	20	2	3	20
4998	20	2	15	20
4999	20	2	3	20
5000	40	4	21	22
5001	40	4	5	22
5002	40	4	12	22
5003	20	2	10	20
5004	20	2	20	20
5005	20	2	2	20
5006	40	4	19	22
5007	20	2	19	20
5008	40	4	3	22
5009	40	4	13	22
5010	40	4	3	22
5011	40	4	7	22
5012	20	2	6	20
5013	40	4	20	22
5014	40	4	5	22
5015	40	4	4	22
5016	20	2	10	20
5017	20	2	5	20
5018	40	4	5	22
5019	20	2	8	20
5020	40	4	19	22
5021	20	2	4	20
5022	20	2	3	20
5023	40	4	5	22
5024	40	4	21	22
5025	20	2	7	20
5026	20	2	0	20
5027	40	4	17	22
5028	40	4	9	22
5029	40	4	7	22
5030	40	4	10	22
5031	40	4	20	22
5032	20	2	4	20
5033	20	2	1	20
5034	40	4	9	22
5035	20	2	19	20
5036	40	4	2	22
5037	40	4	7	22
5038	40	4	12	22
5039	40	4	15	22
5040	20	2	15	20
5041	40	4	9	22
5042	40	4	15	22
5043	40	4	17	22
5044	20	2	20	20
5045	40	4	17	22
5046	40	4	18	22
5047	40	4	20	22
5048	40	4	2	22
5049	20	2	19	20
5050	20	2	20	20
5051	20	2	1	20
5052	40	4	17	22
5053	40	4	16	22
5054	40	4	6	22
5055	20	2	4	20
5056	20	2	17	20
5057	40	4	6	22
5058	40	4	3	22
5059	40	4	22	22
5060	20	2	20	20
5061	40	4	5	22
5062	20	2	8	20
5063	40	4	9	22
5064	40	4	7	22
5065	40	4	7	22
5066	40	4	15	22
5067	40	4	3	22
5068	20	2	14	20
5069	40	4	15	22
5070	40	4	18	22
5071	40	4	7	22
5072	20	2	6	20
5073	40	4	17	22
5074	40	4	15	22
5075	40	4	6	22
5076	40	4	9	22
5077	20	2	9	20
5078	20	2	13	20
5079	20	2	17	20
5080	40	4	2	22
5081	40	4	20	22
5082	20	2	5	20
5083	40	4	0	22
5084	40	4	0	22
5085	20	2	2	20
5086	40	4	17	22
5087	20	2	9	20
5088	20	2	9	20
5089	20	2	2	20
5090	40	4	6	22
5091	20	2	0	20
5092	40	4	0	22
5093	40	4	9	22
5094	40	4	16	22
5095	40	4	3	22
5096	20	2	1	20
5097	20	2	16	20
5098	40	4	20	22
5099	40	4	2	22
5100	40	4	9	22
5101	20	2	9	20
5102	40	4	6	22
5103	40	4	0	22
5104	20	2	14	20
5105	40	4	22	22
5106	20	2	3	20
5107	20	2	1	20
5108	40	4	20	22
5109	40	4	6	22
5110	40	4	21	22
5111	40	4	19	22
5112	20	2	0	20
5113	40	4	15	22
5114	40	4	18	22
5115	20	2	1	20
5116	20	2	15	20
5117	20	2	17	20
5118	40	4	20	22
5119	40	4	3	22
5120	20	2	5	20
5121	40	4	9	22
5122	20	2	7	20
5123	20	2	17	20
5124	40	4	4	22
5125	40	4	21	22
5126	40	4	12	22
5127	40	4	20	22
5128	40	4	22	22
5129	40	4	13	22
5130	20	2	0	20
5131	20	2	13	20
5132	20	2	1	20
5133	40	4	16	22
5134	40	4	7	22
5135	20	2	0	20
5136	40	4	12	22
5137	40	4	0	22
5138	20	2	12	20
5139	40	4	22	22
5140	40	4	2	22
5141	20	2	17	20
5142	20	2	7	20
5143	40	4	20	22
5144	20	2	15	20
5145	40	4	6	22
5146	20	2	10	20
5147	40	4	0	22
5148	40	4	4	22
5149	20	2	11	20
5150	20	2	20	20
5151	20	2	8	20
5152	40	4	22	22
5153	20	2	13	20
5154	20	2	7	20
5155	20	2	14	20
5156	40	4	4	22
5157	40	4	1	22
5158	40	4	18	22
5159	40	4	17	22
5160	20	2	19	20
5161	40	4	11	22
5162	20	2	17	20
5163	40	4	3	22
5164	40	4	16	22
5165	20	2	1	20
5166	20	2	20	20
5167	20	2	20	20
5168	20	2	13	20
5169	40	4	4	22
5170	40	4	6	22
5171	40	4	0	22
5172	40	4	14	22
5173	20	2	17	20
5174	20	2	14	20
5175	40	4	19	22
5176	40	4	11	22
5177	20	2	1	20
5178	40	4	13	22
5179	40	4	10	22
5180	20	2	11	20
5181	20	2	9	20
5182	20	2	4	20
5183	20	2	18	20
5184	20	2	7	20
5185	40	4	15	22
5186	40	4	21	22
5187	20	2	18	20
5188	40	4	13	22
5189	20	2	7	20
5190	20	2	3	20
5191	20	2	20	20
5192	20	2	4	20
5193	40	4	20	22
5194	40	4	4	22
5195	40	4	2	22
5196	40	4	4	22
5197	20	2	4	20
5198	40	4	1	22
5199	20	2	5	20
5200	20	2	12	20
5201	20	2	12	20
5202	40	4	9	22
5203	20	2	16	20
5204	40	4	1	22
5205	20	2	18	20
5206	40	4	3	22
5207	20	2	15	20
5208	40	4	3	22
5209	40	4	14	22
5210	20	2	3	20
5211	20	2	8	20
5212	40	4	4	22
5213	40	4	20	22
5214	20	2	9	20
5215	20	2	9	20
5216	40	4	22	22
5217	40	4	21	22
5218	40	4	8	22
5219	20	2	18	20
5220	40	4	3	22
5221	20	2	5	20
5222	20	2	20	20
5223	20	2	10	20
5224	20	2	3	20
5225	40	4	0	22
5226	20	2	8	20
5227	20	2	4	20
5228	20	2	20	20
5229	40	4	22	22
5230	40	4	16	22
5231	20	2	13	20
5232	20	2	5	20
5233	40	4	17	22
5234	20	2	2	20
5235	20	2	6	20
5236	40	4	9	22
5237	20	2	7	20
5238	20	2	15	20
5239	20	2	7	20
5240	40	4	11	22
5241	20	2	18	20
5242	20	2	1	20
5243	40	4	22	22
5244	20	2	13	20
5245	40	4	14	22
5246	40	4	18	22
5247	20	2	16	20
5248	20	2	15	20
5249	40	4	18	22
5250	40	4	4	22
5251	40	4	20	22
5252	20	2	11	20
5253	40	4	14	22
5254	20	2	17	20
5255	40	4	19	22
5256	40	4	17	22
5257	40	4	8	22
5258	20	2	16	20
5259	40	4	13	22
5260	20	2	18	20
5261	20	2	3	20
5262	40	4	7	22
5263	40	4	10	22
5264	40	4	17	22
5265	20	2	4	20
5266	40	4	21	22
5267	40	4	6	22
5268	40	4	1	22
5269	20	2	19	20
5270	40	4	1	22
5271	40	4	12	22
5272	40	4	18	22
5273	40	4	16	22
5274	40	4	1	22
5275	20	2	2	20
5276	20	2	15	20
5277	20	2	11	20
5278	40	4	8	22
5279	20	2	12	20
5280	40	4	12	22
5281	40	4	10	22
5282	40	4	9	22
5283	40	4	12	22
5284	40	4	2	22
5285	40	4	13	22
5286	40	4	0	22
5287	20	2	15	20
5288	20	2	12	20
5289	40	4	1	22
5290	20	2	12	20
5291	20	2	7	20
5292	40	4	11	22
5293	20	2	15	20
5294	20	2	2	20
5295	40	4	6	22
5296	40	4	18	22
5297	40	4	1	22
5298	20	2	12	20
5299	40	4	21	22
5300	40	4	12	22
5301	20	2	5	20
5302	40	4	5	22
5303	40	4	0	22
5304	20	2	19	20
5305	20	2	13	20
5306	40	4	9	22
5307	20	2	15	20
5308	20	2	1	20
5309	20	2	18	20
5310	40	4	5	22
5311	20	2	11	20
5312	20	2	8	20
5313	20	2	0	20
5314	40	4	20	22
5315	20	2	14	20
5316	40	4	17	22
5317	20	2	13	20
5318	40	4	21	22
5319	20	2	12	20
5320	40	4	6	22
5321	20	2	18	20
5322	40	4	4	22
5323	40	4	16	22
5324	40	4	4	22
5325	40	4	1	22
5326	40	4	7	22
5327	40	4	13	22
5328	40	4	16	22
5329	20	2	7	20
5330	20	2	0	20
5331	40	4	12	22
5332	40	4	17	22
5333	20	2	4	20
5334	40	4	0	22
5335	40	4	21	22
5336	40	4	15	22
5337	20	2	1	20
5338	20	2	13	20
5339	20	2	15	20
5340	20	2	17	20
5341	20	2	3	20
5342	20	2	17	20
5343	40	4	1	22
5344	20	2	6	20
5345	40	4	4	22
5346	20	2	5	20
5347	40	4	20	22
5348	20	2	5	20
5349	20	2	15	20
5350	20	2	0	20
5351	20	2	1	20
5352	40	4	11	22
5353	20	2	12	20
5354	20	2	20	20
5355	40	4	18	22
5356	20	2	1	20
5357	40	4	2	22
5358	40	4	17	22
5359	20	2	12	20
5360	20	2	14	20
5361	20	2	20	20
5362	20	2	11	20
5363	40	4	18	22
5364	40	4	17	22
5365	20	2	16	20
5366	20	2	3	20
5367	40	4	2	22
5368	40	4	7	22
5369	40	4	4	22
5370	20	2	20	20
5371	20	2	7	20
5372	20	2	2	20
5373	20	2	6	20
5374	40	4	5	22
5375	20	2	2	20
5376	20	2	17	20
5377	40	4	22	22
5378	40	4	0	22
5379	20	2	15	20
5380	40	4	20	22
5381	40	4	2	22
5382	20	2	8	20
5383	40	4	14	22
5384	40	4	6	22
5385	40	4	17	22
5386	20	2	18	20
5387	40	4	4	22
5388	20	2	2	20
5389	20	2	7	20
5390	20	2	6	20
5391	40	4	10	22
5392	20	2	17	20
5393	20	2	6	20
5394	40	4	12	22
5395	20	2	18	20
5396	40	4	21	22
5397	40	4	17	22
5398	20	2	9	20
5399	40	4	0	22
5400	20	2	11	20
5401	20	2	17	20
5402	40	4	12	22
5403	20	2	19	20
5404	20	2	1	20
5405	40	4	20	22
5406	20	2	0	20
5407	20	2	19	20
5408	40	4	6	22
5409	20	2	8	20
5410	40	4	1	22
5411	40	4	19	22
5412	40	4	16	22
5413	20	2	1	20
5414	40	4	6	22
5415	40	4	11	22
5416	40	4	5	22
5417	20	2	15	20
5418	20	2	10	20
5419	20	2	7	20
5420	40	4	12	22
5421	20	2	9	20
5422	40	4	2	22
5423	20	2	10	20
5424	20	2	18	20
5425	20	2	0	20
5426	40	4	11	22
5427	20	2	3	20
5428	40	4	2	22
5429	20	2	10	20
5430	40	4	13	22
5431	20	2	18	20
5432	20	2	8	20
5433	40	4	12	22
5434	40	4	11	22
5435	40	4	3	22
5436	40	4	12	22
5437	40	4	17	22
5438	20	2	1	20
5439	40	4	10	22
5440	40	4	17	22
5441	40	4	7	22
5442	20	2	10	20
5443	20	2	6	20
5444	40	4	20	22
5445	40	4	21	22
5446	40	4	3	22
5447	20	2	17	20
5448	20	2	9	20
5449	40	4	2	22
5450	20	2	11	20
5451	20	2	20	20
5452	20	2	7	20
5453	40	4	16	22
5454	40	4	18	22
5455	20	2	5	20
5456	40	4	1	22
5457	40	4	19	22
5458	20	2	14	20
5459	20	2	17	20
5460	40	4	3	22
5461	20	2	15	20
5462	20	2	7	20
5463	20	2	10	20
5464	40	4	18	22
5465	20	2	19	20
5466	20	2	15	20
5467	40	4	21	22
5468	40	4	0	22
5469	40	4	13	22
5470	20	2	11	20
5471	40	4	6	22
5472	40	4	18	22
5473	40	4	0	22
5474	40	4	12	22
5475	40	4	17	22
5476	20	2	5	20
5477	20	2	18	20
5478	40	4	4	22
5479	40	4	14	22
5480	40	4	20	22
5481	40	4	7	22
5482	20	2	8	20
5483	40	4	1	22
5484	20	2	11	20
5485	40	4	10	22
5486	40	4	17	22
5487	40	4	18	22
5488	20	2	17	20
5489	20	2	11	20
5490	40	4	3	22
5491	20	2	17	20
5492	40	4	18	22
5493	20	2	3	20
5494	40	4	17	22
5495	20	2	8	20
5496	40	4	15	22
5497	20	2	12	20
5498	20	2	9	20
5499	40	4	21	22
5500	20	2	13	20
5501	20	2	2	20
5502	20	2	7	20
5503	20	2	10	20
5504	20	2	17	20
5505	40	4	9	22
5506	20	2	4	20
5507	20	2	16	20
5508	20	2	20	20
5509	40	4	8	22
5510	20	2	20	20
5511	40	4	10	22
5512	20	2	9	20
5513	40	4	12	22
5514	20	2	10	20
5515	20	2	3	20
5516	20	2	11	20
5517	20	2	0	20
5518	40	4	20	22
5519	40	4	12	22
5520	40	4	9	22
5521	40	4	9	22
5522	40	4	7	22
5523	40	4	2	22
5524	20	2	12	20
5525	40	4	10	22
5526	20	2	6	20
5527	20	2	6	20
5528	40	4	1	22
5529	40	4	20	22
5530	20	2	10	20
5531	20	2	15	20
5532	20	2	14	20
5533	40	4	12	22
5534	40	4	5	22
5535	20	2	9	20
5536	20	2	16	20
5537	40	4	18	22
5538	40	4	13	22
5539	40	4	8	22
5540	20	2	16	20
5541	20	2	8	20
5542	40	4	14	22
5543	20	2	0	20
5544	40	4	10	22
5545	20	2	15	20
5546	40	4	1	22
5547	40	4	4	22
5548	40	4	9	22
5549	40	4	16	22
5550	20	2	8	20
5551	40	4	1	22
5552	20	2	8	20
5553	20	2	17	20
5554	40	4	7	22
5555	40	4	4	22
5556	20	2	11	20
5557	40	4	13	22
5558	20	2	11	20
5559	40	4	5	22
5560	40	4	7	22
5561	20	2	6	20
5562	40	4	3	22
5563	20	2	1	20
5564	40	4	4	22
5565	20	2	5	20
5566	20	2	16	20
5567	40	4	21	22
5568	20	2	8	20
5569	20	2	18	20
5570	20	2	15	20
5571	20	2	1	20
5572	40	4	19	22
5573	20	2	11	20
5574	20	2	18	20
5575	20	2	7	20
5576	20	2	12	20
5577	20	2	6	20
5578	40	4	14	22
5579	20	2	0	20
5580	20	2	19	20
5581	40	4	5	22
5582	40	4	5	22
5583	20	2	16	20
5584	20	2	0	20
5585	40	4	7	22
5586	20	2	18	20
5587	40	4	16	22
5588	20	2	13	20
5589	40	4	15	22
5590	40	4	5	22
5591	20	2	0	20
5592	40	4	1	22
5593	20	2	16	20
5594	40	4	3	22
5595	40	4	14	22
5596	20	2	5	20
5597	20	2	14	20
5598	40	4	7	22
5599	40	4	6	22
5600	40	4	11	22
5601	40	4	22	22
5602	20	2	16	20
5603	20	2	6	20
5604	40	4	13	22
5605	40	4	18	22
5606	20	2	9	20
5607	40	4	18	22
5608	20	2	8	20
5609	40	4	0	22
5610	20	2	0	20
5611	20	2	13	20
5612	20	2	11	20
5613	40	4	22	22
5614	20	2	0	20
5615	40	4	5	22
5616	40	4	8	22
5617	40	4	4	22
5618	40	4	13	22
5619	20	2	10	20
5620	20	2	13	20
5621	20	2	9	20
5622	20	2	9	20
5623	40	4	17	22
5624	20	2	4	20
5625	40	4	6	22
5626	40	4	15	22
5627	40	4	22	22
5628	40	4	9	22
5629	20	2	18	20
5630	40	4	5	22
5631	20	2	4	20
5632	20	2	7	20
5633	40	4	0	22
5634	20	2	4	20
5635	20	2	18	20
5636	40	4	8	22
5637	20	2	16	20
5638	20	2	9	20
5639	20	2	5	20
5640	40	4	6	22
5641	40	4	17	22
5642	20	2	13	20
5643	20	2	10	20
5644	20	2	3	20
5645	40	4	3	22
5646	40	4	17	22
5647	20	2	3	20
5648	40	4	20	22
5649	20	2	8	20
5650	40	4	6	22
5651	40	4	18	22
5652	40	4	4	22
5653	20	2	8	20
5654	20	2	6	20
5655	40	4	20	22
5656	20	2	9	20
5657	20	2	10	20
5658	20	2	18	20
5659	20	2	7	20
5660	20	2	8	20
5661	20	2	10	20
5662	20	2	4	20
5663	40	4	11	22
5664	40	4	2	22
5665	40	4	13	22
5666	40	4	6	22
5667	40	4	13	22
5668	40	4	12	22
5669	40	4	16	22
5670	20	2	17	20
5671	40	4	14	22
5672	20	2	5	20
5673	40	4	10	22
5674	20	2	8	20
5675	20	2	2	20
5676	40	4	16	22
5677	40	4	10	22
5678	40	4	22	22
5679	40	4	6	22
5680	40	4	13	22
5681	40	4	15	22
5682	40	4	0	22
5683	20	2	1	20
5684	20	2	17	20
5685	20	2	17	20
5686	40	4	15	22
5687	40	4	18	22
5688	40	4	0	22
5689	40	4	4	22
5690	40	4	2	22
5691	20	2	17	20
5692	40	4	6	22
5693	20	2	8	20
5694	40	4	13	22
5695	40	4	1	22
5696	20	2	3	20
5697	40	4	15	22
5698	40	4	2	22
5699	40	4	9	22
5700	40	4	19	22
5701	40	4	20	22
5702	40	4	1	22
5703	40	4	9	22
5704	20	2	8	20
5705	40	4	2	22
5706	40	4	20	22
5707	20	2	11	20
5708	20	2	9	20
5709	20	2	15	20
5710	40	4	16	22
5711	40	4	6	22
5712	40	4	9	22
5713	40	4	5	22
5714	20	2	12	20
5715	40	4	4	22
5716	20	2	0	20
5717	40	4	15	22
5718	40	4	11	22
5719	20	2	0	20
5720	40	4	18	22
5721	20	2	7	20
5722	40	4	22	22
5723	40	4	5	22
5724	40	4	9	22
5725	20	2	5	20
5726	40	4	20	22
5727	20	2	17	20
5728	40	4	4	22
5729	40	4	1	22
5730	20	2	11	20
5731	40	4	8	22
5732	40	4	15	22
5733	40	4	0	22
5734	40	4	3	22
5735	20	2	8	20
5736	20	2	10	20
5737	20	2	11	20
5738	20	2	2	20
5739	40	4	15	22
5740	40	4	8	22
5741	40	4	22	22
5742	40	4	12	22
5743	40	4	17	22
5744	40	4	22	22
5745	40	4	10	22
5746	20	2	14	20
5747	20	2	10	20
5748	40	4	6	22
5749	40	4	20	22
5750	20	2	19	20
5751	40	4	9	22
5752	40	4	6	22
5753	20	2	12	20
5754	40	4	12	22
5755	20	2	4	20
5756	40	4	14	22
5757	20	2	4	20
5758	20	2	4	20
5759	40	4	15	22
5760	20	2	10	20
5761	40	4	2	22
5762	40	4	7	22
5763	20	2	15	20
5764	20	2	3	20
5765	40	4	11	22
5766	40	4	16	22
5767	20	2	11	20
5768	20	2	13	20
5769	20	2	10	20
5770	20	2	16	20
5771	20	2	1	20
5772	20	2	3	20
5773	40	4	10	22
5774	40	4	1	22
5775	40	4	10	22
5776	20	2	17	20
5777	20	2	14	20
5778	40	4	12	22
5779	20	2	18	20
5780	40	4	14	22
5781	40	4	2	22
5782	40	4	7	22
5783	20	2	19	20
5784	40	4	2	22
5785	40	4	15	22
5786	20	2	14	20
5787	40	4	2	22
5788	40	4	17	22
5789	40	4	6	22
5790	20	2	2	20
5791	20	2	11	20
5792	40	4	1	22
5793	40	4	3	22
5794	20	2	13	20
5795	40	4	8	22
5796	20	2	1	20
5797	20	2	9	20
5798	20	2	7	20
5799	40	4	14	22
5800	20	2	4	20
5801	20	2	11	20
5802	20	2	12	20
5803	40	4	6	22
5804	40	4	5	22
5805	40	4	2	22
5806	20	2	5	20
5807	40	4	10	22
5808	20	2	2	20
5809	20	2	19	20
5810	40	4	0	22
5811	20	2	6	20
5812	20	2	8	20
5813	40	4	16	22
5814	20	2	13	20
5815	20	2	10	20
5816	20	2	19	20
5817	20	2	10	20
5818	40	4	19	22
5819	40	4	11	22
5820	20	2	20	20
5821	20	2	15	20
5822	20	2	11	20
5823	20	2	19	20
5824	20	2	4	20
5825	40	4	16	22
5826	40	4	21	22
5827	40	4	22	22
5828	20	2	7	20
5829	20	2	17	20
5830	40	4	2	22
5831	20	2	18	20
5832	40	4	19	22
5833	20	2	15	20
5834	40	4	22	22
5835	20	2	2	20
5836	40	4	3	22
5837	20	2	20	20
5838	40	4	7	22
5839	20	2	18	20
5840	20	2	18	20
5841	20	2	17	20
5842	40	4	18	22
5843	40	4	20	22
5844	40	4	6	22
5845	40	4	14	22
5846	40	4	18	22
5847	40	4	8	22
5848	40	4	21	22
5849	20	2	0	20
5850	20	2	13	20
5851	20	2	20	20
5852	20	2	3	20
5853	20	2	5	20
5854	40	4	6	22
5855	20	2	13	20
5856	20	2	5	20
5857	20	2	2	20
5858	20	2	17	20
5859	20	2	4	20
5860	40	4	9	22
5861	40	4	9	22
5862	40	4	9	22
5863	20	2	20	20
5864	20	2	4	20
5865	40	4	9	22
5866	20	2	19	20
5867	20	2	16	20
5868	40	4	17	22
5869	40	4	1	22
5870	20	2	5	20
5871	20	2	17	20
5872	40	4	5	22
5873	40	4	13	22
5874	20	2	0	20
5875	20	2	7	20
5876	20	2	20	20
5877	20	2	12	20
5878	40	4	14	22
5879	40	4	1	22
5880	40	4	19	22
5881	20	2	14	20
5882	40	4	17	22
5883	20	2	6	20
5884	40	4	2	22
5885	40	4	19	22
5886	20	2	17	20
5887	20	2	20	20
5888	20	2	17	20
5889	20	2	8	20
5890	40	4	18	22
5891	20	2	10	20
5892	20	2	1	20
5893	40	4	21	22
5894	40	4	10	22
5895	40	4	9	22
5896	20	2	1	20
5897	20	2	0	20
5898	20	2	13	20
5899	20	2	17	20
5900	20	2	9	20
5901	40	4	3	22
5902	40	4	11	22
5903	20	2	19	20
5904	40	4	1	22
5905	40	4	21	22
5906	40	4	17	22
5907	40	4	14	22
5908	40	4	14	22
5909	40	4	16	22
5910	20	2	19	20
5911	40	4	0	22
5912	20	2	1	20
5913	20	2	5	20
5914	20	2	0	20
5915	40	4	4	22
5916	40	4	3	22
5917	20	2	20	20
5918	40	4	10	22
5919	40	4	22	22
5920	20	2	1	20
5921	20	2	16	20
5922	20	2	0	20
5923	40	4	13	22
5924	20	2	0	20
5925	20	2	11	20
5926	20	2	7	20
5927	20	2	5	20
5928	40	4	22	22
5929	40	4	11	22
5930	40	4	0	22
5931	40	4	22	22
5932	20	2	2	20
5933	40	4	16	22
5934	20	2	6	20
5935	40	4	0	22
5936	40	4	2	22
5937	20	2	2	20
5938	40	4	15	22
5939	40	4	20	22
5940	20	2	8	20
5941	40	4	8	22
5942	20	2	4	20
5943	20	2	9	20
5944	40	4	14	22
5945	20	2	3	20
5946	20	2	19	20
5947	20	2	2	20
5948	40	4	4	22
5949	40	4	10	22
5950	20	2	4	20
5951	40	4	20	22
5952	40	4	10	22
5953	20	2	19	20
5954	40	4	22	22
5955	20	2	5	20
5956	40	4	1	22
5957	40	4	0	22
5958	40	4	9	22
5959	40	4	0	22
5960	40	4	0	22
5961	20	2	8	20
5962	20	2	17	20
5963	20	2	7	20
5964	20	2	19	20
5965	20	2	6	20
5966	20	2	11	20
5967	40	4	18	22
5968	20	2	0	20
5969	40	4	19	22
5970	20	2	17	20
5971	20	2	13	20
5972	40	4	12	22
5973	40	4	3	22
5974	20	2	11	20
5975	40	4	19	22
5976	20	2	7	20
5977	20	2	7	20
5978	40	4	16	22
5979	40	4	12	22
5980	40	4	19	22
5981	20	2	7	20
5982	40	4	12	22
5983	40	4	2	22
5984	40	4	17	22
5985	40	4	7	22
5986	40	4	14	22
5987	40	4	4	22
5988	40	4	18	22
5989	40	4	16	22
5990	40	4	7	22
5991	40	4	19	22
5992	40	4	8	22
5993	20	2	0	20
5994	20	2	5	20
5995	20	2	4	20
5996	40	4	7	22
5997	40	4	0	22
5998	40	4	4	22
5999	20	2	20	20
6000	20	2	16	20
